Entity,Year,Code,co2_per_capita,renewables_energy_per_capita,renewables_share_energy
Africa,1965,,0.667,120.328,5.419
Africa,1966,,0.673,130.852,5.772
Africa,1967,,0.703,133.118,5.964
Africa,1968,,0.743,151.691,6.605
Africa,1969,,0.781,172.432,7.506
Africa,1970,,0.829,209.96,8.65
Africa,1971,,0.885,193.89,7.689
Africa,1972,,0.914,214.969,8.276
Africa,1973,,0.956,221.318,8.069
Africa,1974,,0.955,244.85,8.736
Africa,1975,,0.926,251.676,8.713
Africa,1976,,0.976,271.042,8.906
Africa,1977,,0.979,289.546,9.281
Africa,1978,,1.016,283.707,9.005
Africa,1979,,1.064,294.778,8.84
Africa,1980,,1.111,279.155,8.006
Africa,1981,,1.104,281.552,7.405
Africa,1982,,1.116,273.315,6.945
Africa,1983,,1.127,239.299,6.091
Africa,1984,,1.195,228.671,5.818
Africa,1985,,1.191,246.935,6.218
Africa,1986,,1.198,250.24,6.357
Africa,1987,,1.164,233.419,5.899
Africa,1988,,1.19,247.506,6.009
Africa,1989,,1.114,252.652,6.296
Africa,1990,,1.02,250.955,6.215
Africa,1991,,1.036,258.725,6.593
Africa,1992,,0.98,240.792,6.208
Africa,1993,,1.013,230.288,6.076
Africa,1994,,1.106,227.641,5.959
Africa,1995,,1.151,230.934,5.961
Africa,1996,,1.16,235.579,6.08
Africa,1997,,1.16,235.849,6.112
Africa,1998,,1.155,241.223,6.318
Africa,1999,,1.11,249.041,6.49
Africa,2000,,1.119,261.025,6.813
Africa,2001,,1.079,272.444,7.024
Africa,2002,,1.028,277.121,7.236
Africa,2003,,1.105,262.841,6.731
Africa,2004,,1.137,270.56,6.535
Africa,2005,,1.122,265.863,6.644
Africa,2006,,1.124,269.487,6.759
Africa,2007,,1.124,268.945,6.676
Africa,2008,,1.147,265.627,6.376
Africa,2009,,1.113,265.55,6.455
Africa,2010,,1.136,278.998,6.736
Africa,2011,,1.151,279.547,6.819
Africa,2012,,1.121,273.775,6.554
Africa,2013,,1.107,281.557,6.703
Africa,2014,,1.146,295.867,6.997
Africa,2015,,1.096,296.042,7.023
Africa,2016,,1.094,291.441,6.933
Africa,2017,,1.075,303.479,7.179
Africa,2018,,1.059,318.175,7.599
Africa,2019,,1.082,329.033,7.841
Africa,2020,,0.993,344.051,8.82
Africa,2021,,1.045,360.171,8.715
Africa,2022,,1.01,365.408,8.92
Africa,2023,,1.002,374.605,9.215
Africa,2024,,0.993,377.194,9.354
Algeria,1965,DZA,0.533,89.852,4.487
Algeria,1966,DZA,0.669,78.325,3.313
Algeria,1967,DZA,0.655,88.45,4.042
Algeria,1968,DZA,0.687,118.723,5.171
Algeria,1969,DZA,0.836,74.412,2.996
Algeria,1970,DZA,1.093,116.885,4.395
Algeria,1971,DZA,1.322,65.017,2.311
Algeria,1972,DZA,1.962,95.307,3.086
Algeria,1973,DZA,2.59,141.417,3.933
Algeria,1974,DZA,2.104,91.225,2.347
Algeria,1975,DZA,2.039,58.112,1.296
Algeria,1976,DZA,2.381,65.851,1.317
Algeria,1977,DZA,2.454,43.913,0.829
Algeria,1978,DZA,3.559,39.667,0.613
Algeria,1979,DZA,2.512,44.816,0.544
Algeria,1980,DZA,3.554,38.366,0.403
Algeria,1981,DZA,2.393,52.894,0.473
Algeria,1982,DZA,1.953,66.955,0.536
Algeria,1983,DZA,2.533,31.753,0.241
Algeria,1984,DZA,3.31,59.024,0.483
Algeria,1985,DZA,3.271,81.534,0.684
Algeria,1986,DZA,3.314,30.531,0.25
Algeria,1987,DZA,3.541,59.125,0.486
Algeria,1988,DZA,3.436,21.084,0.166
Algeria,1989,DZA,3.189,25.36,0.211
Algeria,1990,DZA,2.991,14.778,0.119
Algeria,1991,DZA,3.0,31.318,0.261
Algeria,1992,DZA,2.977,20.759,0.173
Algeria,1993,DZA,2.981,35.948,0.329
Algeria,1994,DZA,3.15,16.535,0.153
Algeria,1995,DZA,3.369,18.831,0.171
Algeria,1996,DZA,3.429,12.916,0.121
Algeria,1997,DZA,2.959,7.043,0.07
Algeria,1998,DZA,3.518,19.872,0.194
Algeria,1999,DZA,2.973,18.504,0.181
Algeria,2000,DZA,2.736,4.854,0.05
Algeria,2001,DZA,2.745,6.084,0.061
Algeria,2002,DZA,2.824,4.918,0.049
Algeria,2003,DZA,2.924,22.441,0.214
Algeria,2004,DZA,2.784,20.847,0.194
Algeria,2005,DZA,3.309,45.085,0.408
Algeria,2006,DZA,3.087,17.304,0.153
Algeria,2007,DZA,3.146,17.58,0.15
Algeria,2008,DZA,3.119,21.446,0.176
Algeria,2009,DZA,3.278,25.292,0.2
Algeria,2010,DZA,3.257,13.104,0.108
Algeria,2011,DZA,3.38,27.808,0.221
Algeria,2012,DZA,3.602,28.461,0.211
Algeria,2013,DZA,3.684,8.495,0.061
Algeria,2014,DZA,3.888,16.485,0.11
Algeria,2015,DZA,4.006,14.044,0.091
Algeria,2016,DZA,3.875,20.669,0.137
Algeria,2017,DZA,3.964,34.721,0.232
Algeria,2018,DZA,4.104,42.722,0.271
Algeria,2019,DZA,4.214,44.423,0.277
Algeria,2020,DZA,3.886,41.616,0.283
Algeria,2021,DZA,4.067,37.627,0.238
Algeria,2022,DZA,4.239,36.792,0.228
Algeria,2023,DZA,4.394,38.516,0.227
Algeria,2024,DZA,4.234,39.236,0.242
Argentina,1965,ARG,2.659,153.898,1.037
Argentina,1966,ARG,2.809,153.516,1.017
Argentina,1967,ARG,2.872,154.818,1.012
Argentina,1968,ARG,2.981,179.702,1.154
Argentina,1969,ARG,3.286,158.718,1.001
Argentina,1970,ARG,3.461,188.502,1.274
Argentina,1971,ARG,3.663,184.654,1.196
Argentina,1972,ARG,3.655,179.011,1.163
Argentina,1973,ARG,3.752,339.918,2.15
Argentina,1974,ARG,3.75,552.394,3.419
Argentina,1975,ARG,3.666,565.426,3.644
Argentina,1976,ARG,3.794,537.274,3.349
Argentina,1977,ARG,3.772,607.406,3.683
Argentina,1978,ARG,3.781,800.463,4.903
Argentina,1979,ARG,4.014,1084.532,6.312
Argentina,1980,ARG,3.88,1512.496,9.006
Argentina,1981,ARG,3.584,1442.632,9.004
Argentina,1982,ARG,3.574,1701.91,10.539
Argentina,1983,ARG,3.579,1757.213,10.597
Argentina,1984,ARG,3.566,1861.014,11.376
Argentina,1985,ARG,3.315,1903.479,11.979
Argentina,1986,ARG,3.382,1908.505,11.631
Argentina,1987,ARG,3.673,1955.764,11.583
Argentina,1988,ARG,3.822,1345.816,7.946
Argentina,1989,ARG,3.628,1145.392,7.116
Argentina,1990,ARG,3.425,1514.809,9.729
Argentina,1991,ARG,3.543,1338.858,8.57
Argentina,1992,ARG,3.606,1592.073,9.64
Argentina,1993,ARG,3.456,1941.955,11.552
Argentina,1994,ARG,3.424,2198.729,12.563
Argentina,1995,ARG,3.576,2109.872,11.83
Argentina,1996,ARG,3.701,1778.042,9.646
Argentina,1997,ARG,3.8,2174.478,11.781
Argentina,1998,ARG,3.835,2042.183,10.78
Argentina,1999,ARG,4.032,1640.209,8.606
Argentina,2000,ARG,3.852,2167.966,11.557
Argentina,2001,ARG,3.588,2719.51,15.036
Argentina,2002,ARG,3.285,2626.436,15.335
Argentina,2003,ARG,3.498,2474.063,13.613
Argentina,2004,ARG,4.051,2201.711,11.465
Argentina,2005,ARG,4.124,2423.348,12.032
Argentina,2006,ARG,4.4,2652.587,12.678
Argentina,2007,ARG,4.342,2162.664,10.024
Argentina,2008,ARG,4.641,2132.41,9.872
Argentina,2009,ARG,4.366,2317.319,11.193
Argentina,2010,ARG,4.508,2353.397,11.092
Argentina,2011,ARG,4.55,2249.753,10.412
Argentina,2012,ARG,4.547,2160.214,9.701
Argentina,2013,ARG,4.451,2387.985,10.134
Argentina,2014,ARG,4.382,2385.344,10.396
Argentina,2015,ARG,4.412,2373.331,10.275
Argentina,2016,ARG,4.328,2184.091,9.586
Argentina,2017,ARG,4.224,2338.09,10.445
Argentina,2018,ARG,4.087,2376.033,10.824
Argentina,2019,ARG,4.012,2334.881,11.417
Argentina,2020,ARG,3.643,2246.39,11.833
Argentina,2021,ARG,4.197,2276.367,10.947
Argentina,2022,ARG,4.047,2630.946,12.01
Argentina,2023,ARG,3.918,3083.319,14.1
Argentina,2024,ARG,3.743,3158.544,14.803
Asia,1965,,0.871,209.75,7.432
Asia,1966,,0.926,213.586,7.072
Asia,1967,,0.918,195.009,6.353
Asia,1968,,0.99,211.575,6.569
Asia,1969,,1.097,214.297,5.942
Asia,1970,,1.262,214.407,5.339
Asia,1971,,1.35,229.021,5.357
Asia,1972,,1.398,231.559,5.168
Asia,1973,,1.464,210.55,4.453
Asia,1974,,1.458,234.619,4.987
Asia,1975,,1.498,247.609,5.123
Asia,1976,,1.561,249.559,4.972
Asia,1977,,1.629,240.731,4.606
Asia,1978,,1.671,248.993,4.566
Asia,1979,,1.707,265.118,4.723
Asia,1980,,1.671,280.062,5.089
Asia,1981,,1.629,294.769,5.386
Asia,1982,,1.649,296.044,5.386
Asia,1983,,1.681,305.207,5.354
Asia,1984,,1.745,301.61,5.058
Asia,1985,,1.81,348.116,5.068
Asia,1986,,1.85,344.586,4.915
Asia,1987,,1.891,349.459,4.79
Asia,1988,,2.003,392.182,5.135
Asia,1989,,2.032,394.658,5.036
Asia,1990,,2.051,402.866,5.052
Asia,1991,,2.256,400.191,4.909
Asia,1992,,2.168,396.436,4.735
Asia,1993,,2.229,431.29,5.024
Asia,1994,,2.296,424.825,4.78
Asia,1995,,2.368,454.534,4.99
Asia,1996,,2.429,445.197,4.751
Asia,1997,,2.428,440.567,4.636
Asia,1998,,2.325,460.53,4.908
Asia,1999,,2.426,446.402,4.675
Asia,2000,,2.49,456.197,4.649
Asia,2001,,2.506,482.015,4.817
Asia,2002,,2.608,489.73,4.724
Asia,2003,,2.833,501.829,4.548
Asia,2004,,2.963,578.719,4.838
Asia,2005,,3.143,593.17,4.663
Asia,2006,,3.313,645.055,4.853
Asia,2007,,3.451,672.535,4.826
Asia,2008,,3.586,755.537,5.315
Asia,2009,,3.671,743.224,5.177
Asia,2010,,3.901,850.578,5.627
Asia,2011,,4.144,873.661,5.562
Asia,2012,,4.25,984.401,6.124
Asia,2013,,4.259,1074.286,6.594
Asia,2014,,4.275,1183.175,7.145
Asia,2015,,4.255,1244.756,7.461
Asia,2016,,4.242,1336.563,7.944
Asia,2017,,4.326,1442.053,8.362
Asia,2018,,4.416,1569.254,8.862
Asia,2019,,4.499,1710.651,9.47
Asia,2020,,4.415,1818.41,10.197
Asia,2021,,4.562,1987.569,10.664
Asia,2022,,4.685,2168.275,11.397
Asia,2023,,4.814,2286.691,11.639
Asia,2024,,4.868,2597.396,12.841
Australia,1965,AUS,10.003,1962.181,5.252
Australia,1966,AUS,9.984,1836.569,4.787
Australia,1967,AUS,10.354,1865.577,4.671
Australia,1968,AUS,10.704,1909.057,4.591
Australia,1969,AUS,11.115,2037.149,4.8
Australia,1970,AUS,11.736,2307.054,5.115
Australia,1971,AUS,11.626,2522.471,5.494
Australia,1972,AUS,11.544,2477.85,5.283
Australia,1973,AUS,12.586,2602.588,5.274
Australia,1974,AUS,12.113,2906.76,5.622
Australia,1975,AUS,12.459,3086.452,5.946
Australia,1976,AUS,12.088,2906.633,5.469
Australia,1977,AUS,12.808,2743.174,4.973
Australia,1978,AUS,13.298,2925.468,5.198
Australia,1979,AUS,13.233,2812.807,4.874
Australia,1980,AUS,13.883,2622.745,4.587
Australia,1981,AUS,14.302,2661.018,4.651
Australia,1982,AUS,14.349,2441.052,4.375
Australia,1983,AUS,13.47,2272.067,4.173
Australia,1984,AUS,13.925,2422.376,4.354
Australia,1985,AUS,14.18,2535.318,4.492
Australia,1986,AUS,13.942,2513.938,4.44
Australia,1987,AUS,14.373,2406.825,4.201
Australia,1988,AUS,14.507,2537.183,4.302
Australia,1989,AUS,15.225,2497.117,4.101
Australia,1990,AUS,16.236,2532.481,4.137
Australia,1991,AUS,16.103,2636.145,4.394
Australia,1992,AUS,16.208,2644.512,4.389
Australia,1993,AUS,16.294,2689.136,4.407
Australia,1994,AUS,16.405,2631.734,4.196
Australia,1995,AUS,16.853,2546.364,4.002
Australia,1996,AUS,17.036,2589.703,4.0
Australia,1997,AUS,17.306,2568.729,3.914
Australia,1998,AUS,17.861,2535.081,3.813
Australia,1999,AUS,18.185,2591.266,3.786
Australia,2000,AUS,18.288,2562.243,3.765
Australia,2001,AUS,18.469,2477.333,3.655
Australia,2002,AUS,18.495,2535.098,3.711
Australia,2003,AUS,18.708,2600.875,3.797
Australia,2004,AUS,19.056,2676.806,3.829
Australia,2005,AUS,18.975,2839.375,4.095
Australia,2006,AUS,19.007,2867.825,4.024
Australia,2007,AUS,19.036,2716.251,3.786
Australia,2008,AUS,18.918,2503.279,3.499
Australia,2009,AUS,18.683,2574.128,3.722
Australia,2010,AUS,18.293,2778.986,4.088
Australia,2011,AUS,17.966,3726.721,5.392
Australia,2012,AUS,17.722,3618.664,5.4
Australia,2013,AUS,17.122,4117.444,6.173
Australia,2014,AUS,16.639,3747.245,5.663
Australia,2015,AUS,16.727,3969.371,5.955
Australia,2016,AUS,16.838,4463.105,6.785
Australia,2017,AUS,16.716,4113.181,6.373
Australia,2018,AUS,16.512,5056.059,7.848
Australia,2019,AUS,16.283,5515.36,8.407
Australia,2020,AUS,15.481,6299.231,10.292
Australia,2021,AUS,14.966,7465.874,12.283
Australia,2022,AUS,14.659,8331.791,13.247
Australia,2023,AUS,14.529,8894.678,14.323
Australia,2024,AUS,14.477,9142.299,14.733
Austria,1965,AUT,5.252,6144.768,23.94
Austria,1966,AUT,5.36,6575.361,24.66
Austria,1967,AUT,5.417,6664.745,24.931
Austria,1968,AUT,5.709,6812.734,23.942
Austria,1969,AUT,6.004,6241.529,21.212
Austria,1970,AUT,6.787,7920.642,23.624
Austria,1971,AUT,6.947,6229.97,18.684
Austria,1972,AUT,7.437,6366.092,18.56
Austria,1973,AUT,7.916,7034.691,19.189
Austria,1974,AUT,7.545,8303.468,22.621
Austria,1975,AUT,7.158,8722.518,23.879
Austria,1976,AUT,7.698,7551.985,19.89
Austria,1977,AUT,7.402,9147.8,24.109
Austria,1978,AUT,7.571,9162.563,23.115
Austria,1979,AUT,8.127,10339.572,24.606
Austria,1980,AUT,6.896,10712.305,25.617
Austria,1981,AUT,7.382,11322.943,28.003
Austria,1982,AUT,7.077,11332.651,29.015
Austria,1983,AUT,6.837,11243.966,28.818
Austria,1984,AUT,7.175,9864.426,25.484
Austria,1985,AUT,7.192,11691.008,28.506
Austria,1986,AUT,7.103,11872.502,28.914
Austria,1987,AUT,7.579,13351.79,30.869
Austria,1988,AUT,6.982,13359.794,31.4
Austria,1989,AUT,7.049,13241.107,31.084
Austria,1990,AUT,8.098,11861.939,27.764
Austria,1991,AUT,8.481,11753.494,26.528
Austria,1992,AUT,7.688,12872.423,29.828
Austria,1993,AUT,7.678,13432.34,30.718
Austria,1994,AUT,7.694,12971.936,30.028
Austria,1995,AUT,8.058,13681.694,30.14
Austria,1996,AUT,8.468,12564.938,27.074
Austria,1997,AUT,8.445,13262.765,28.264
Austria,1998,AUT,8.39,13676.905,28.532
Austria,1999,AUT,8.215,14785.12,30.668
Austria,2000,AUT,8.262,15123.116,31.268
Austria,2001,AUT,8.728,14604.941,29.411
Austria,2002,AUT,8.908,14296.995,28.923
Austria,2003,AUT,9.53,11928.683,24.121
Austria,2004,AUT,9.508,13288.841,26.119
Austria,2005,AUT,9.612,13573.702,26.317
Austria,2006,AUT,9.286,13681.859,26.99
Austria,2007,AUT,8.93,14489.952,29.094
Austria,2008,AUT,8.827,14830.887,29.577
Austria,2009,AUT,8.065,15689.63,32.548
Austria,2010,AUT,8.607,14914.627,30.113
Austria,2011,AUT,8.327,13529.7,29.158
Austria,2012,AUT,7.977,16628.379,34.498
Austria,2013,AUT,7.989,16160.421,34.024
Austria,2014,AUT,7.506,15856.681,35.017
Austria,2015,AUT,7.677,14879.399,33.052
Austria,2016,AUT,7.693,15643.162,34.026
Austria,2017,AUT,7.91,15468.543,33.213
Austria,2018,AUT,7.529,15027.287,33.139
Austria,2019,AUT,7.651,16154.252,34.189
Austria,2020,AUT,6.97,16198.43,36.88
Austria,2021,AUT,7.333,15397.121,34.638
Austria,2022,AUT,6.78,14521.192,35.134
Austria,2023,AUT,6.233,16872.156,40.022
Austria,2024,AUT,6.18,19131.916,43.347
Azerbaijan,1985,AZE,7.537,536.191,1.553
Azerbaijan,1986,AZE,7.745,324.211,0.884
Azerbaijan,1987,AZE,7.25,320.201,0.912
Azerbaijan,1988,AZE,7.286,273.904,0.791
Azerbaijan,1989,AZE,7.197,270.611,0.776
Azerbaijan,1990,AZE,7.101,636.911,1.77
Azerbaijan,1991,AZE,6.846,668.134,1.954
Azerbaijan,1992,AZE,7.585,655.381,2.267
Azerbaijan,1993,AZE,6.451,898.025,3.632
Azerbaijan,1994,AZE,5.513,668.078,2.981
Azerbaijan,1995,AZE,4.315,559.925,2.695
Azerbaijan,1996,AZE,3.99,545.199,3.248
Azerbaijan,1997,AZE,3.76,599.222,3.779
Azerbaijan,1998,AZE,3.96,675.252,4.291
Azerbaijan,1999,AZE,3.558,516.431,3.318
Azerbaijan,2000,AZE,3.641,521.251,3.233
Azerbaijan,2001,AZE,3.444,435.533,2.83
Azerbaijan,2002,AZE,3.431,664.683,4.419
Azerbaijan,2003,AZE,3.629,801.169,4.963
Azerbaijan,2004,AZE,3.799,879.415,4.866
Azerbaijan,2005,AZE,3.977,940.974,4.864
Azerbaijan,2006,AZE,3.963,772.853,4.114
Azerbaijan,2007,AZE,3.402,712.167,4.173
Azerbaijan,2008,AZE,3.694,658.551,3.906
Azerbaijan,2009,AZE,3.217,670.36,4.673
Azerbaijan,2010,AZE,3.012,981.326,7.021
Azerbaijan,2011,AZE,3.264,748.92,4.771
Azerbaijan,2012,AZE,3.495,500.556,3.133
Azerbaijan,2013,AZE,3.531,423.162,2.612
Azerbaijan,2014,AZE,3.566,372.981,2.288
Azerbaijan,2015,AZE,3.556,456.576,2.596
Azerbaijan,2016,AZE,3.519,541.271,3.145
Azerbaijan,2017,AZE,3.481,479.544,2.868
Azerbaijan,2018,AZE,3.444,493.52,2.817
Azerbaijan,2019,AZE,3.734,449.994,2.451
Azerbaijan,2020,AZE,3.559,324.848,1.79
Azerbaijan,2021,AZE,3.742,372.179,1.93
Azerbaijan,2022,AZE,3.999,446.39,2.188
Azerbaijan,2023,AZE,4.143,482.774,2.294
Azerbaijan,2024,AZE,3.853,864.325,4.303
Bangladesh,1965,BGD,0.052,0.0,
Bangladesh,1966,BGD,0.052,0.0,
Bangladesh,1967,BGD,0.053,0.0,
Bangladesh,1968,BGD,0.059,0.0,
Bangladesh,1969,BGD,0.056,0.0,
Bangladesh,1970,BGD,0.055,0.0,
Bangladesh,1971,BGD,0.051,6.917,3.634
Bangladesh,1972,BGD,0.049,6.785,3.207
Bangladesh,1973,BGD,0.062,12.472,4.734
Bangladesh,1974,BGD,0.061,8.9,3.26
Bangladesh,1975,BGD,0.062,15.556,5.699
Bangladesh,1976,BGD,0.07,17.184,5.532
Bangladesh,1977,BGD,0.071,14.828,4.787
Bangladesh,1978,BGD,0.071,16.755,5.219
Bangladesh,1979,BGD,0.077,18.974,5.492
Bangladesh,1980,BGD,0.086,18.399,4.674
Bangladesh,1981,BGD,0.087,19.225,4.727
Bangladesh,1982,BGD,0.092,15.652,3.583
Bangladesh,1983,BGD,0.086,19.289,4.589
Bangladesh,1984,BGD,0.093,25.473,5.757
Bangladesh,1985,BGD,0.102,20.476,4.264
Bangladesh,1986,BGD,0.111,12.179,2.383
Bangladesh,1987,BGD,0.112,13.683,2.481
Bangladesh,1988,BGD,0.126,17.488,2.909
Bangladesh,1989,BGD,0.122,23.353,3.68
Bangladesh,1990,BGD,0.126,21.997,3.332
Bangladesh,1991,BGD,0.13,20.457,3.274
Bangladesh,1992,BGD,0.133,19.069,2.851
Bangladesh,1993,BGD,0.136,14.297,1.979
Bangladesh,1994,BGD,0.146,19.551,2.599
Bangladesh,1995,BGD,0.172,8.428,0.965
Bangladesh,1996,BGD,0.172,16.44,1.832
Bangladesh,1997,BGD,0.182,15.702,1.696
Bangladesh,1998,BGD,0.179,18.537,1.916
Bangladesh,1999,BGD,0.19,17.515,1.824
Bangladesh,2000,BGD,0.197,16.438,1.625
Bangladesh,2001,BGD,0.227,20.81,1.831
Bangladesh,2002,BGD,0.23,16.332,1.454
Bangladesh,2003,BGD,0.238,15.829,1.353
Bangladesh,2004,BGD,0.252,15.126,1.233
Bangladesh,2005,BGD,0.261,14.753,1.123
Bangladesh,2006,BGD,0.285,14.768,1.051
Bangladesh,2007,BGD,0.288,14.827,1.037
Bangladesh,2008,BGD,0.303,18.246,1.224
Bangladesh,2009,BGD,0.326,8.342,0.513
Bangladesh,2010,BGD,0.355,13.754,0.834
Bangladesh,2011,BGD,0.362,17.591,0.995
Bangladesh,2012,BGD,0.385,16.087,0.846
Bangladesh,2013,BGD,0.414,15.911,0.813
Bangladesh,2014,BGD,0.428,13.83,0.686
Bangladesh,2015,BGD,0.483,19.155,0.793
Bangladesh,2016,BGD,0.508,17.793,0.74
Bangladesh,2017,BGD,0.534,21.278,0.857
Bangladesh,2018,BGD,0.53,18.625,0.708
Bangladesh,2019,BGD,0.575,18.707,0.64
Bangladesh,2020,BGD,0.576,17.952,0.653
Bangladesh,2021,BGD,0.588,19.689,0.671
Bangladesh,2022,BGD,0.603,20.935,0.693
Bangladesh,2023,BGD,0.61,23.331,0.79
Bangladesh,2024,BGD,0.624,33.367,1.095
Belarus,1985,BLR,10.769,5.587,0.014
Belarus,1986,BLR,12.148,5.553,0.012
Belarus,1987,BLR,11.122,5.524,0.012
Belarus,1988,BLR,11.367,5.496,0.012
Belarus,1989,BLR,10.749,5.469,0.012
Belarus,1990,BLR,10.648,5.454,0.012
Belarus,1991,BLR,10.22,4.905,0.011
Belarus,1992,BLR,9.16,4.622,0.012
Belarus,1993,BLR,7.877,5.153,0.016
Belarus,1994,BLR,6.646,5.159,0.019
Belarus,1995,BLR,5.983,5.448,0.022
Belarus,1996,BLR,6.085,4.373,0.017
Belarus,1997,BLR,6.095,5.763,0.022
Belarus,1998,BLR,5.97,7.716,0.031
Belarus,1999,BLR,5.785,5.257,0.021
Belarus,2000,BLR,5.506,7.507,0.029
Belarus,2001,BLR,5.444,8.339,0.033
Belarus,2002,BLR,5.464,8.047,0.031
Belarus,2003,BLR,5.635,7.783,0.03
Belarus,2004,BLR,5.996,9.468,0.032
Belarus,2005,BLR,6.144,10.288,0.035
Belarus,2006,BLR,6.433,10.669,0.034
Belarus,2007,BLR,6.303,14.587,0.047
Belarus,2008,BLR,6.604,30.525,0.097
Belarus,2009,BLR,6.377,57.285,0.193
Belarus,2010,BLR,6.587,81.432,0.252
Belarus,2011,BLR,6.477,77.555,0.244
Belarus,2012,BLR,6.614,88.457,0.257
Belarus,2013,BLR,6.778,94.87,0.305
Belarus,2014,BLR,6.725,91.899,0.295
Belarus,2015,BLR,6.201,97.224,0.346
Belarus,2016,BLR,6.126,116.31,0.405
Belarus,2017,BLR,6.26,212.389,0.726
Belarus,2018,BLR,6.558,193.067,0.596
Belarus,2019,BLR,6.589,236.446,0.723
Belarus,2020,BLR,6.323,288.922,0.943
Belarus,2021,BLR,6.579,373.496,1.106
Belarus,2022,BLR,6.227,379.215,1.147
Belarus,2023,BLR,6.114,341.217,1.027
Belarus,2024,BLR,6.163,334.648,0.969
Belgium,1965,BEL,11.206,80.38,0.183
Belgium,1966,BEL,11.116,87.843,0.209
Belgium,1967,BEL,11.295,69.547,0.158
Belgium,1968,BEL,12.403,70.974,0.146
Belgium,1969,BEL,12.879,66.626,0.125
Belgium,1970,BEL,13.031,70.955,0.127
Belgium,1971,BEL,12.556,38.506,0.07
Belgium,1972,BEL,13.475,51.574,0.089
Belgium,1973,BEL,14.267,86.18,0.147
Belgium,1974,BEL,13.862,103.142,0.182
Belgium,1975,BEL,12.497,78.752,0.148
Belgium,1976,BEL,13.289,49.278,0.088
Belgium,1977,BEL,12.912,142.633,0.254
Belgium,1978,BEL,13.833,146.239,0.25
Belgium,1979,BEL,14.247,166.58,0.277
Belgium,1980,BEL,13.712,173.874,0.302
Belgium,1981,BEL,12.545,199.754,0.366
Belgium,1982,BEL,11.874,108.367,0.208
Belgium,1983,BEL,10.255,101.537,0.201
Belgium,1984,BEL,10.63,106.334,0.202
Belgium,1985,BEL,10.527,97.451,0.178
Belgium,1986,BEL,10.354,133.979,0.237
Belgium,1987,BEL,10.364,166.891,0.287
Belgium,1988,BEL,10.059,159.525,0.269
Belgium,1989,BEL,10.747,147.288,0.247
Belgium,1990,BEL,12.081,164.601,0.265
Belgium,1991,BEL,12.341,159.287,0.249
Belgium,1992,BEL,12.196,179.833,0.283
Belgium,1993,BEL,12.043,148.083,0.238
Belgium,1994,BEL,12.34,173.165,0.265
Belgium,1995,BEL,12.426,194.038,0.294
Belgium,1996,BEL,12.75,164.159,0.234
Belgium,1997,BEL,12.181,169.801,0.241
Belgium,1998,BEL,12.766,218.852,0.305
Belgium,1999,BEL,12.195,247.718,0.348
Belgium,2000,BEL,12.366,302.117,0.418
Belgium,2001,BEL,12.257,309.718,0.434
Belgium,2002,BEL,12.279,328.617,0.465
Belgium,2003,BEL,12.364,346.072,0.473
Belgium,2004,BEL,12.36,430.583,0.589
Belgium,2005,BEL,11.992,606.539,0.844
Belgium,2006,BEL,11.746,843.439,1.178
Belgium,2007,BEL,11.34,986.438,1.378
Belgium,2008,BEL,11.224,1239.667,1.718
Belgium,2009,BEL,9.97,1644.009,2.494
Belgium,2010,BEL,10.475,2175.545,3.125
Belgium,2011,BEL,9.526,2562.143,3.983
Belgium,2012,BEL,9.227,3065.728,4.996
Belgium,2013,BEL,9.213,3302.094,5.28
Belgium,2014,BEL,8.66,3429.2,5.938
Belgium,2015,BEL,8.987,3800.975,6.551
Belgium,2016,BEL,8.808,3898.403,6.264
Belgium,2017,BEL,8.727,4266.12,6.819
Belgium,2018,BEL,8.772,4514.539,7.262
Belgium,2019,BEL,8.685,4959.01,7.77
Belgium,2020,BEL,7.908,5970.694,10.457
Belgium,2021,BEL,8.204,5827.848,9.202
Belgium,2022,BEL,7.638,6178.421,10.436
Belgium,2023,BEL,7.232,6688.11,12.149
Belgium,2024,BEL,7.28,6236.943,11.454
Brazil,1965,BRA,0.671,845.586,26.319
Brazil,1966,BRA,0.745,899.898,26.386
Brazil,1967,BRA,0.746,916.723,26.641
Brazil,1968,BRA,0.851,935.199,24.385
Brazil,1969,BRA,0.904,975.983,23.901
Brazil,1970,BRA,0.98,1213.85,25.225
Brazil,1971,BRA,1.047,1283.684,25.184
Brazil,1972,BRA,1.138,1471.08,25.688
Brazil,1973,BRA,1.287,1625.077,24.614
Brazil,1974,BRA,1.361,1791.251,25.082
Brazil,1975,BRA,1.396,1920.852,26.183
Brazil,1976,BRA,1.402,2140.977,27.343
Brazil,1977,BRA,1.438,2388.358,29.194
Brazil,1978,BRA,1.532,2604.874,29.56
Brazil,1979,BRA,1.586,2916.685,31.37
Brazil,1980,BRA,1.536,3161.338,33.766
Brazil,1981,BRA,1.38,3118.646,35.262
Brazil,1982,BRA,1.351,3337.822,36.676
Brazil,1983,BRA,1.278,3588.322,39.906
Brazil,1984,BRA,1.263,3888.245,41.374
Brazil,1985,BRA,1.329,4126.186,41.843
Brazil,1986,BRA,1.425,4237.227,41.582
Brazil,1987,BRA,1.459,4231.061,41.232
Brazil,1988,BRA,1.444,4432.641,42.244
Brazil,1989,BRA,1.447,4500.116,42.685
Brazil,1990,BRA,1.466,4425.613,43.267
Brazil,1991,BRA,1.512,4564.309,43.701
Brazil,1992,BRA,1.514,4598.295,44.017
Brazil,1993,BRA,1.558,4759.602,44.217
Brazil,1994,BRA,1.595,4863.222,43.932
Brazil,1995,BRA,1.661,5006.808,43.373
Brazil,1996,BRA,1.762,5171.377,42.834
Brazil,1997,BRA,1.842,5307.014,42.148
Brazil,1998,BRA,1.876,5432.984,42.033
Brazil,1999,BRA,1.907,5396.396,41.786
Brazil,2000,BRA,1.955,5431.651,40.939
Brazil,2001,BRA,1.963,4757.029,37.181
Brazil,2002,BRA,1.948,4999.102,38.819
Brazil,2003,BRA,1.908,5220.481,40.449
Brazil,2004,BRA,1.979,5417.239,40.444
Brazil,2005,BRA,1.973,5605.208,41.27
Brazil,2006,BRA,1.976,5687.245,41.147
Brazil,2007,BRA,2.071,6157.509,42.285
Brazil,2008,BRA,2.168,6241.243,41.389
Brazil,2009,BRA,2.029,6568.738,44.157
Brazil,2010,BRA,2.273,6838.134,42.505
Brazil,2011,BRA,2.365,7032.775,42.378
Brazil,2012,BRA,2.527,6821.538,40.259
Brazil,2013,BRA,2.678,6638.316,38.407
Brazil,2014,BRA,2.781,6586.642,37.566
Brazil,2015,BRA,2.619,6659.638,38.708
Brazil,2016,BRA,2.42,6906.225,41.536
Brazil,2017,BRA,2.429,6871.597,41.294
Brazil,2018,BRA,2.312,7305.303,44.126
Brazil,2019,BRA,2.298,7596.836,45.178
Brazil,2020,BRA,2.147,7552.618,47.116
Brazil,2021,BRA,2.37,7309.751,43.673
Brazil,2022,BRA,2.283,8263.67,47.66
Brazil,2023,BRA,2.292,8713.017,48.95
Brazil,2024,BRA,2.278,8954.191,49.616
Bulgaria,1965,BGR,5.641,677.307,4.646
Bulgaria,1966,BGR,5.899,676.048,4.355
Bulgaria,1967,BGR,6.631,675.801,3.77
Bulgaria,1968,BGR,7.104,433.061,2.175
Bulgaria,1969,BGR,7.861,605.592,2.75
Bulgaria,1970,BGR,7.205,704.028,2.861
Bulgaria,1971,BGR,7.521,705.92,2.77
Bulgaria,1972,BGR,7.702,678.264,2.599
Bulgaria,1973,BGR,7.967,827.716,3.069
Bulgaria,1974,BGR,8.193,665.432,2.411
Bulgaria,1975,BGR,8.36,781.128,2.574
Bulgaria,1976,BGR,8.33,936.768,2.929
Bulgaria,1977,BGR,8.609,1113.359,3.321
Bulgaria,1978,BGR,9.214,916.813,2.643
Bulgaria,1979,BGR,8.944,1042.179,2.899
Bulgaria,1980,BGR,8.72,1164.156,3.079
Bulgaria,1981,BGR,9.011,1130.763,3.047
Bulgaria,1982,BGR,10.08,950.574,2.507
Bulgaria,1983,BGR,10.081,1042.6,2.739
Bulgaria,1984,BGR,9.723,1011.499,2.678
Bulgaria,1985,BGR,9.959,693.603,1.851
Bulgaria,1986,BGR,10.172,720.827,1.886
Bulgaria,1987,BGR,10.169,785.1,2.042
Bulgaria,1988,BGR,9.673,802.508,2.043
Bulgaria,1989,BGR,9.676,836.468,2.136
Bulgaria,1990,BGR,8.687,513.216,1.401
Bulgaria,1991,BGR,7.075,724.488,2.41
Bulgaria,1992,BGR,6.701,617.602,2.148
Bulgaria,1993,BGR,6.896,586.295,1.891
Bulgaria,1994,BGR,6.699,427.71,1.426
Bulgaria,1995,BGR,6.93,722.565,2.226
Bulgaria,1996,BGR,7.051,967.535,2.968
Bulgaria,1997,BGR,6.791,920.844,2.96
Bulgaria,1998,BGR,6.526,1047.189,3.469
Bulgaria,1999,BGR,5.748,940.678,3.516
Bulgaria,2000,BGR,5.687,913.482,3.386
Bulgaria,2001,BGR,6.183,575.241,2.044
Bulgaria,2002,BGR,5.869,737.382,2.681
Bulgaria,2003,BGR,6.47,1045.661,3.646
Bulgaria,2004,BGR,6.392,1098.013,3.931
Bulgaria,2005,BGR,6.576,1502.857,4.937
Bulgaria,2006,BGR,6.785,1481.388,4.738
Bulgaria,2007,BGR,7.338,1008.426,3.307
Bulgaria,2008,BGR,7.169,1029.703,3.391
Bulgaria,2009,BGR,6.11,1298.417,4.846
Bulgaria,2010,BGR,6.429,2045.108,7.258
Bulgaria,2011,BGR,7.198,1395.782,4.618
Bulgaria,2012,BGR,6.598,1985.162,6.861
Bulgaria,2013,BGR,5.862,2617.215,9.694
Bulgaria,2014,BGR,6.253,2793.733,9.634
Bulgaria,2015,BGR,6.705,3343.696,10.787
Bulgaria,2016,BGR,6.362,2775.302,9.37
Bulgaria,2017,BGR,6.706,2468.908,8.073
Bulgaria,2018,BGR,6.193,3730.516,12.096
Bulgaria,2019,BGR,6.049,3119.381,10.38
Bulgaria,2020,BGR,5.274,3103.907,11.122
Bulgaria,2021,BGR,6.16,4227.53,13.231
Bulgaria,2022,BGR,6.876,4006.276,12.026
Bulgaria,2023,BGR,5.077,4096.279,14.288
Bulgaria,2024,BGR,4.679,4606.557,16.425
Canada,1965,CAN,12.797,16663.125,23.981
Canada,1966,CAN,12.919,18145.752,25.004
Canada,1967,CAN,13.8,18227.996,24.438
Canada,1968,CAN,14.626,18246.848,23.338
Canada,1969,CAN,14.599,19890.029,24.352
Canada,1970,CAN,15.916,20488.291,23.871
Canada,1971,CAN,16.091,20610.471,23.779
Canada,1972,CAN,17.13,22696.035,24.717
Canada,1973,CAN,16.937,24018.305,24.392
Canada,1974,CAN,17.071,25638.973,25.613
Canada,1975,CAN,17.141,24295.523,24.975
Canada,1976,CAN,17.009,25282.129,25.151
Canada,1977,CAN,17.184,25910.291,24.649
Canada,1978,CAN,17.329,27400.135,25.866
Canada,1979,CAN,18.223,28151.676,26.1
Canada,1980,CAN,18.05,28601.211,26.337
Canada,1981,CAN,17.292,29980.377,28.155
Canada,1982,CAN,16.486,28750.074,28.168
Canada,1983,CAN,16.068,29326.828,29.231
Canada,1984,CAN,16.565,31245.711,29.58
Canada,1985,CAN,16.266,32733.695,30.32
Canada,1986,CAN,15.441,33142.754,30.752
Canada,1987,CAN,16.238,33366.516,30.368
Canada,1988,CAN,16.922,32002.246,28.379
Canada,1989,CAN,16.915,29879.113,26.631
Canada,1990,CAN,16.482,30000.756,28.252
Canada,1991,CAN,15.974,30755.941,29.252
Canada,1992,CAN,16.259,31214.236,29.262
Canada,1993,CAN,16.096,31572.711,29.209
Canada,1994,CAN,16.415,31865.475,28.705
Canada,1995,CAN,16.678,32262.453,28.664
Canada,1996,CAN,17.058,33886.051,29.629
Canada,1997,CAN,17.366,33077.242,29.044
Canada,1998,CAN,17.462,31276.115,28.09
Canada,1999,CAN,17.774,32295.037,28.364
Canada,2000,CAN,18.344,33057.09,28.536
Canada,2001,CAN,17.908,30388.578,27.032
Canada,2002,CAN,17.893,31425.666,27.335
Canada,2003,CAN,18.255,29807.42,26.02
Canada,2004,CAN,17.935,29626.947,25.7
Canada,2005,CAN,17.583,31068.244,27.043
Canada,2006,CAN,17.287,29920.072,27.208
Canada,2007,CAN,17.828,30871.58,26.53
Canada,2008,CAN,17.167,31101.635,27.374
Canada,2009,CAN,15.997,30221.305,27.993
Canada,2010,CAN,16.209,28687.912,26.567
Canada,2011,CAN,16.288,30384.727,27.419
Canada,2012,CAN,16.086,30567.82,27.863
Canada,2013,CAN,16.11,30892.877,27.745
Canada,2014,CAN,15.854,29860.582,27.026
Canada,2015,CAN,15.655,30453.926,27.733
Canada,2016,CAN,15.231,30513.07,28.46
Canada,2017,CAN,15.395,30754.025,28.65
Canada,2018,CAN,15.42,29742.834,27.664
Canada,2019,CAN,15.325,28917.936,27.407
Canada,2020,CAN,13.733,29033.365,29.457
Canada,2021,CAN,13.977,28705.746,29.113
Canada,2022,CAN,14.107,29583.107,29.497
Canada,2023,CAN,13.88,27060.777,27.858
Canada,2024,CAN,13.42,26117.027,27.157
Chile,1965,CHL,1.969,1218.618,15.313
Chile,1966,CHL,2.045,1260.958,15.05
Chile,1967,CHL,2.058,1264.255,15.071
Chile,1968,CHL,2.228,1040.786,12.66
Chile,1969,CHL,2.328,1154.696,13.263
Chile,1970,CHL,2.502,1215.182,13.447
Chile,1971,CHL,2.703,1355.144,14.094
Chile,1972,CHL,2.766,1581.848,16.438
Chile,1973,CHL,2.668,1518.422,16.574
Chile,1974,CHL,2.463,1696.348,18.802
Chile,1975,CHL,2.15,1677.712,20.896
Chile,1976,CHL,2.217,1712.331,20.858
Chile,1977,CHL,2.091,1781.682,21.056
Chile,1978,CHL,2.044,1828.21,21.102
Chile,1979,CHL,2.181,1850.357,20.524
Chile,1980,CHL,2.181,1928.306,21.023
Chile,1981,CHL,2.085,1967.908,21.658
Chile,1982,CHL,1.728,2125.635,25.437
Chile,1983,CHL,1.719,2274.444,26.607
Chile,1984,CHL,1.803,2321.19,26.551
Chile,1985,CHL,1.718,2529.945,29.063
Chile,1986,CHL,1.749,2679.825,30.114
Chile,1987,CHL,1.752,2851.124,31.031
Chile,1988,CHL,2.046,2762.061,27.316
Chile,1989,CHL,2.423,2292.032,20.759
Chile,1990,CHL,2.449,2072.36,18.081
Chile,1991,CHL,2.261,2906.943,23.018
Chile,1992,CHL,2.305,3741.366,27.187
Chile,1993,CHL,2.418,3779.152,26.38
Chile,1994,CHL,2.653,3685.537,24.851
Chile,1995,CHL,2.861,3925.081,24.921
Chile,1996,CHL,3.273,3549.737,21.55
Chile,1997,CHL,3.746,3888.631,20.921
Chile,1998,CHL,3.785,3166.242,17.196
Chile,1999,CHL,4.009,2757.639,14.538
Chile,2000,CHL,3.773,3695.884,18.856
Chile,2001,CHL,3.374,4155.116,21.061
Chile,2002,CHL,3.458,4358.125,21.834
Chile,2003,CHL,3.438,4175.072,21.012
Chile,2004,CHL,3.658,3903.542,18.554
Chile,2005,CHL,3.738,4548.591,21.083
Chile,2006,CHL,3.88,4841.659,21.915
Chile,2007,CHL,4.227,4070.163,18.572
Chile,2008,CHL,4.19,4474.174,20.647
Chile,2009,CHL,3.878,4520.578,21.976
Chile,2010,CHL,4.153,3968.026,18.941
Chile,2011,CHL,4.499,3889.618,17.672
Chile,2012,CHL,4.545,4093.518,17.976
Chile,2013,CHL,4.621,4176.792,18.024
Chile,2014,CHL,4.343,4426.256,19.519
Chile,2015,CHL,4.531,4764.74,21.0
Chile,2016,CHL,4.612,4546.351,19.341
Chile,2017,CHL,4.533,5140.249,21.426
Chile,2018,CHL,4.469,5737.569,23.426
Chile,2019,CHL,4.791,5498.917,22.541
Chile,2020,CHL,4.139,5607.275,24.874
Chile,2021,CHL,4.298,5670.241,23.421
Chile,2022,CHL,4.385,6624.364,26.079
Chile,2023,CHL,3.948,7551.206,30.347
Chile,2024,CHL,3.983,8320.069,32.254
China,1965,CHN,0.692,84.848,4.006
China,1966,CHN,0.74,84.133,3.751
China,1967,CHN,0.605,70.751,3.595
China,1968,CHN,0.634,81.342,4.2
China,1969,CHN,0.758,80.546,3.509
China,1970,CHN,0.981,81.099,2.832
China,1971,CHN,1.077,95.685,2.89
China,1972,CHN,1.122,105.978,3.038
China,1973,CHN,1.142,115.907,3.217
China,1974,CHN,1.142,128.582,3.53
China,1975,CHN,1.291,132.233,3.298
China,1976,CHN,1.318,131.948,3.175
China,1977,CHN,1.421,135.818,3.039
China,1978,CHN,1.561,125.578,2.597
China,1979,CHN,1.574,139.151,2.832
China,1980,CHN,1.52,164.495,3.357
China,1981,CHN,1.48,182.397,3.829
China,1982,CHN,1.585,203.934,4.164
China,1983,CHN,1.646,233.267,4.544
China,1984,CHN,1.767,231.022,4.253
China,1985,CHN,1.884,242.15,4.184
China,1986,CHN,1.953,243.805,4.086
China,1987,CHN,2.059,253.458,4.008
China,1988,CHN,2.174,271.909,4.072
China,1989,CHN,2.171,290.05,4.209
China,1990,CHN,2.153,305.377,4.45
China,1991,CHN,2.237,296.03,4.168
China,1992,CHN,2.306,307.067,4.157
China,1993,CHN,2.434,353.093,4.483
China,1994,CHN,2.559,386.763,4.668
China,1995,CHN,2.747,443.016,5.239
China,1996,CHN,2.843,428.301,4.849
China,1997,CHN,2.83,445.941,5.057
China,1998,CHN,2.682,448.695,5.119
China,1999,CHN,2.817,440.648,4.893
China,2000,CHN,2.87,494.205,5.336
China,2001,CHN,2.912,607.195,6.251
China,2002,CHN,3.185,622.486,5.922
China,2003,CHN,3.735,609.123,5.001
China,2004,CHN,4.002,749.292,5.289
China,2005,CHN,4.49,837.932,5.239
China,2006,CHN,4.921,917.823,5.267
China,2007,CHN,5.261,1017.971,5.407
China,2008,CHN,5.617,1334.688,6.872
China,2009,CHN,5.871,1321.505,6.56
China,2010,CHN,6.37,1539.434,7.195
China,2011,CHN,6.999,1536.1,6.697
China,2012,CHN,7.132,1911.994,8.068
China,2013,CHN,7.21,2068.756,8.474
China,2014,CHN,7.188,2409.527,9.69
China,2015,CHN,7.061,2569.688,10.278
China,2016,CHN,6.943,2771.958,11.113
China,2017,CHN,7.08,3004.447,11.666
China,2018,CHN,7.292,3283.339,12.224
China,2019,CHN,7.526,3579.899,12.786
China,2020,CHN,7.641,3864.766,13.396
China,2021,CHN,7.911,4325.467,14.195
China,2022,CHN,8.218,4710.262,15.218
China,2023,CHN,8.556,5079.972,15.505
China,2024,CHN,8.658,5967.699,17.472
Colombia,1965,COL,1.258,541.817,10.145
Colombia,1966,COL,1.255,584.767,10.013
Colombia,1967,COL,1.283,633.843,10.595
Colombia,1968,COL,1.344,687.321,11.378
Colombia,1969,COL,1.381,744.408,12.504
Colombia,1970,COL,1.363,807.867,12.704
Colombia,1971,COL,1.42,836.94,13.635
Colombia,1972,COL,1.44,905.79,13.096
Colombia,1973,COL,1.506,963.446,14.752
Colombia,1974,COL,1.594,1069.588,14.975
Colombia,1975,COL,1.534,1183.346,17.952
Colombia,1976,COL,1.592,1217.075,18.102
Colombia,1977,COL,1.609,1214.783,17.876
Colombia,1978,COL,1.665,1369.742,19.64
Colombia,1979,COL,1.735,1469.938,20.729
Colombia,1980,COL,1.692,1564.48,21.708
Colombia,1981,COL,1.657,1508.181,21.107
Colombia,1982,COL,1.671,1574.754,21.932
Colombia,1983,COL,1.759,1551.154,20.988
Colombia,1984,COL,1.701,1690.086,23.13
Colombia,1985,COL,1.643,1778.663,24.087
Colombia,1986,COL,1.632,2011.085,26.574
Colombia,1987,COL,1.644,2144.76,26.474
Colombia,1988,COL,1.675,2215.372,27.958
Colombia,1989,COL,1.671,2368.151,28.98
Colombia,1990,COL,1.753,2380.81,31.201
Colombia,1991,COL,1.71,2352.306,30.631
Colombia,1992,COL,1.817,1864.69,23.802
Colombia,1993,COL,1.837,2281.972,27.369
Colombia,1994,COL,1.907,2574.588,29.116
Colombia,1995,COL,1.658,2523.416,28.416
Colombia,1996,COL,1.635,2730.765,30.151
Colombia,1997,COL,1.754,2395.993,26.432
Colombia,1998,COL,1.735,2306.488,25.565
Colombia,1999,COL,1.438,2471.497,30.0
Colombia,2000,COL,1.438,2229.584,28.239
Colombia,2001,COL,1.422,2239.79,28.572
Colombia,2002,COL,1.374,2346.211,30.439
Colombia,2003,COL,1.393,2446.112,31.64
Colombia,2004,COL,1.308,2539.462,31.689
Colombia,2005,COL,1.43,2547.537,32.783
Colombia,2006,COL,1.463,2743.792,30.936
Colombia,2007,COL,1.403,2799.936,31.46
Colombia,2008,COL,1.531,2861.798,31.267
Colombia,2009,COL,1.621,2578.977,28.771
Colombia,2010,COL,1.685,2555.523,27.404
Colombia,2011,COL,1.661,3019.007,31.371
Colombia,2012,COL,1.721,2945.698,29.023
Colombia,2013,COL,1.873,2717.605,26.267
Colombia,2014,COL,1.977,2734.253,25.308
Colombia,2015,COL,1.938,2703.265,25.545
Colombia,2016,COL,1.931,2778.37,24.363
Colombia,2017,COL,1.734,3264.696,28.787
Colombia,2018,COL,1.852,3200.266,27.908
Colombia,2019,COL,1.983,3027.786,26.754
Colombia,2020,COL,1.823,2729.87,27.111
Colombia,2021,COL,2.027,3224.22,29.666
Colombia,2022,COL,1.729,3386.844,28.384
Colombia,2023,COL,1.72,3170.562,27.398
Colombia,2024,COL,1.752,2995.359,26.093
Croatia,1990,HRV,4.733,2257.567,10.903
Croatia,1991,HRV,3.523,3187.316,18.574
Croatia,1992,HRV,3.425,2530.111,15.173
Croatia,1993,HRV,3.554,2684.656,15.264
Croatia,1994,HRV,3.434,3232.946,18.019
Croatia,1995,HRV,3.64,3423.347,18.212
Croatia,1996,HRV,3.8,4793.417,23.558
Croatia,1997,HRV,4.122,3610.192,17.617
Croatia,1998,HRV,4.283,3768.665,17.157
Croatia,1999,HRV,4.579,4647.123,20.22
Croatia,2000,HRV,4.543,4144.108,18.794
Croatia,2001,HRV,4.83,4611.717,19.785
Croatia,2002,HRV,5.09,3723.187,15.94
Croatia,2003,HRV,5.393,3453.096,14.114
Croatia,2004,HRV,5.302,4799.53,18.938
Croatia,2005,HRV,5.4,4400.441,17.569
Croatia,2006,HRV,5.444,4119.209,16.644
Croatia,2007,HRV,5.747,2929.811,11.745
Croatia,2008,HRV,5.45,3583.833,14.47
Croatia,2009,HRV,5.046,4579.617,18.759
Croatia,2010,HRV,4.877,5633.829,22.716
Croatia,2011,HRV,4.816,3215.896,14.713
Croatia,2012,HRV,4.473,3273.425,16.074
Croatia,2013,HRV,4.337,5695.11,25.559
Croatia,2014,HRV,4.183,6095.598,27.249
Croatia,2015,HRV,4.253,4648.833,21.651
Croatia,2016,HRV,4.371,5146.779,22.794
Croatia,2017,HRV,4.587,4443.053,19.346
Croatia,2018,HRV,4.396,6229.668,25.936
Croatia,2019,HRV,4.47,5523.465,23.27
Croatia,2020,HRV,4.267,5710.334,25.033
Croatia,2021,HRV,4.434,7078.805,28.683
Croatia,2022,HRV,4.501,5897.55,25.053
Croatia,2023,HRV,4.74,7844.346,29.586
Croatia,2024,HRV,4.765,7278.627,27.778
Cyprus,1965,CYP,1.862,0.0,0.0
Cyprus,1966,CYP,1.992,0.0,0.0
Cyprus,1967,CYP,2.165,0.0,0.0
Cyprus,1968,CYP,2.554,0.0,0.0
Cyprus,1969,CYP,2.604,0.0,0.0
Cyprus,1970,CYP,2.63,0.0,0.0
Cyprus,1971,CYP,2.88,0.0,0.0
Cyprus,1972,CYP,3.639,0.0,0.0
Cyprus,1973,CYP,3.759,0.0,0.0
Cyprus,1974,CYP,2.908,0.0,0.0
Cyprus,1975,CYP,3.019,0.0,0.0
Cyprus,1976,CYP,3.758,0.0,0.0
Cyprus,1977,CYP,4.048,0.0,0.0
Cyprus,1978,CYP,4.232,0.0,0.0
Cyprus,1979,CYP,4.495,0.0,0.0
Cyprus,1980,CYP,4.773,0.0,0.0
Cyprus,1981,CYP,4.494,0.0,0.0
Cyprus,1982,CYP,4.533,0.0,0.0
Cyprus,1983,CYP,4.456,0.0,0.0
Cyprus,1984,CYP,4.497,0.0,0.0
Cyprus,1985,CYP,4.301,0.0,0.0
Cyprus,1986,CYP,4.853,0.0,0.0
Cyprus,1987,CYP,5.544,0.0,0.0
Cyprus,1988,CYP,5.478,0.0,0.0
Cyprus,1989,CYP,5.698,0.0,0.0
Cyprus,1990,CYP,5.896,0.0,0.0
Cyprus,1991,CYP,6.429,0.0,0.0
Cyprus,1992,CYP,6.798,0.0,0.0
Cyprus,1993,CYP,6.964,0.0,0.0
Cyprus,1994,CYP,7.097,0.0,0.0
Cyprus,1995,CYP,6.799,0.0,0.0
Cyprus,1996,CYP,7.061,0.0,0.0
Cyprus,1997,CYP,7.022,0.0,0.0
Cyprus,1998,CYP,7.213,0.0,0.0
Cyprus,1999,CYP,7.37,0.0,0.0
Cyprus,2000,CYP,7.499,0.0,0.0
Cyprus,2001,CYP,7.239,0.0,0.0
Cyprus,2002,CYP,7.308,0.0,0.0
Cyprus,2003,CYP,7.564,0.0,0.0
Cyprus,2004,CYP,7.65,2.01,0.007
Cyprus,2005,CYP,7.674,2.389,0.007
Cyprus,2006,CYP,7.761,3.9,0.012
Cyprus,2007,CYP,7.9,18.823,0.058
Cyprus,2008,CYP,7.966,193.215,0.588
Cyprus,2009,CYP,7.606,243.854,0.773
Cyprus,2010,CYP,7.157,330.528,1.095
Cyprus,2011,CYP,6.797,587.814,2.0
Cyprus,2012,CYP,6.231,750.603,2.771
Cyprus,2013,CYP,5.556,877.477,3.68
Cyprus,2014,CYP,5.766,791.75,3.369
Cyprus,2015,CYP,5.701,947.506,3.967
Cyprus,2016,CYP,5.941,971.309,3.794
Cyprus,2017,CYP,5.955,972.745,3.751
Cyprus,2018,CYP,5.764,1015.533,3.984
Cyprus,2019,CYP,5.693,1116.579,4.432
Cyprus,2020,CYP,5.301,1382.964,6.388
Cyprus,2021,CYP,5.276,1667.171,7.388
Cyprus,2022,CYP,5.311,1839.98,7.765
Cyprus,2023,CYP,5.344,2200.973,9.266
Cyprus,2024,CYP,5.374,2634.941,10.795
Czechia,1965,CZE,12.592,638.666,1.324
Czechia,1966,CZE,12.486,600.173,1.238
Czechia,1967,CZE,12.431,539.652,1.134
Czechia,1968,CZE,12.984,416.943,0.841
Czechia,1969,CZE,13.765,339.896,0.658
Czechia,1970,CZE,15.76,484.719,0.902
Czechia,1971,CZE,16.494,341.609,0.606
Czechia,1972,CZE,16.584,356.166,0.631
Czechia,1973,CZE,16.569,303.121,0.536
Czechia,1974,CZE,16.659,507.004,0.893
Czechia,1975,CZE,17.316,502.342,0.856
Czechia,1976,CZE,17.877,397.968,0.663
Czechia,1977,CZE,18.307,538.348,0.874
Czechia,1978,CZE,18.379,498.329,0.802
Czechia,1979,CZE,17.819,621.642,0.994
Czechia,1980,CZE,17.974,648.528,1.074
Czechia,1981,CZE,17.753,556.391,0.93
Czechia,1982,CZE,17.563,450.421,0.762
Czechia,1983,CZE,17.578,446.205,0.754
Czechia,1984,CZE,18.168,349.924,0.572
Czechia,1985,CZE,17.917,450.422,0.736
Czechia,1986,CZE,18.04,505.718,0.817
Czechia,1987,CZE,17.827,664.558,1.05
Czechia,1988,CZE,17.531,565.774,0.89
Czechia,1989,CZE,16.726,442.855,0.719
Czechia,1990,CZE,15.944,313.046,0.591
Czechia,1991,CZE,14.449,293.563,0.609
Czechia,1992,CZE,14.129,379.573,0.812
Czechia,1993,CZE,13.578,421.354,0.91
Czechia,1994,CZE,12.853,497.957,1.104
Czechia,1995,CZE,12.764,679.875,1.445
Czechia,1996,CZE,13.114,644.613,1.323
Czechia,1997,CZE,12.737,645.697,1.379
Czechia,1998,CZE,12.247,596.237,1.31
Czechia,1999,CZE,11.381,711.628,1.629
Czechia,2000,CZE,12.429,705.181,1.525
Czechia,2001,CZE,12.428,765.526,1.618
Czechia,2002,CZE,12.109,892.457,1.884
Czechia,2003,CZE,12.449,586.99,1.173
Czechia,2004,CZE,12.504,788.203,1.538
Czechia,2005,CZE,12.229,853.339,1.695
Czechia,2006,CZE,12.279,973.421,1.902
Czechia,2007,CZE,12.417,952.386,1.887
Czechia,2008,CZE,11.845,1139.389,2.311
Czechia,2009,CZE,11.033,1479.038,3.141
Czechia,2010,CZE,11.226,1836.23,3.759
Czechia,2011,CZE,10.974,2258.142,4.745
Czechia,2012,CZE,10.59,2458.282,5.199
Czechia,2013,CZE,10.152,2790.276,6.019
Czechia,2014,CZE,9.911,2827.414,6.231
Czechia,2015,CZE,9.976,2865.044,6.44
Czechia,2016,CZE,10.125,2851.625,6.502
Czechia,2017,CZE,10.22,2922.103,6.312
Czechia,2018,CZE,10.079,2849.195,6.179
Czechia,2019,CZE,9.569,3035.644,6.744
Czechia,2020,CZE,8.688,3143.186,7.539
Czechia,2021,CZE,9.176,3204.014,7.275
Czechia,2022,CZE,8.905,3133.652,7.496
Czechia,2023,CZE,7.7,3167.616,8.386
Czechia,2024,CZE,7.044,3541.2,9.746
Denmark,1965,DNK,9.31,14.593,0.042
Denmark,1966,DNK,10.441,15.055,0.038
Denmark,1967,DNK,10.141,14.362,0.037
Denmark,1968,DNK,10.952,11.991,0.029
Denmark,1969,DNK,12.133,12.493,0.027
Denmark,1970,DNK,12.588,13.526,0.027
Denmark,1971,DNK,11.486,13.433,0.029
Denmark,1972,DNK,11.936,13.356,0.028
Denmark,1973,DNK,11.788,13.276,0.028
Denmark,1974,DNK,10.903,13.213,0.031
Denmark,1975,DNK,11.009,11.527,0.028
Denmark,1976,DNK,11.839,10.404,0.023
Denmark,1977,DNK,12.139,14.193,0.031
Denmark,1978,DNK,11.956,16.326,0.035
Denmark,1979,DNK,12.294,19.0,0.041
Denmark,1980,DNK,11.768,24.183,0.053
Denmark,1981,DNK,10.098,24.949,0.061
Denmark,1982,DNK,10.477,26.487,0.068
Denmark,1983,DNK,9.796,53.077,0.143
Denmark,1984,DNK,9.935,54.625,0.144
Denmark,1985,DNK,11.73,66.051,0.155
Denmark,1986,DNK,11.483,114.771,0.264
Denmark,1987,DNK,11.36,147.269,0.352
Denmark,1988,DNK,10.725,224.458,0.542
Denmark,1989,DNK,9.485,320.953,0.842
Denmark,1990,DNK,10.402,472.533,1.204
Denmark,1991,DNK,12.437,627.774,1.391
Denmark,1992,DNK,11.279,821.416,1.949
Denmark,1993,DNK,11.674,1006.847,2.261
Denmark,1994,DNK,12.422,968.225,2.034
Denmark,1995,DNK,11.781,1027.221,2.209
Denmark,1996,DNK,14.231,1151.929,2.093
Denmark,1997,DNK,12.382,1603.764,3.228
Denmark,1998,DNK,11.545,2126.448,4.456
Denmark,1999,DNK,11.021,2371.869,5.143
Denmark,2000,DNK,10.17,2983.262,6.759
Denmark,2001,DNK,10.431,3116.031,7.065
Denmark,2002,DNK,10.334,3594.583,8.197
Denmark,2003,DNK,11.25,4267.713,9.054
Denmark,2004,DNK,10.195,4998.214,11.24
Denmark,2005,DNK,9.509,5123.191,11.955
Denmark,2006,DNK,10.943,4788.764,10.242
Denmark,2007,DNK,10.017,5295.982,11.953
Denmark,2008,DNK,9.33,5140.143,12.095
Denmark,2009,DNK,8.845,5103.104,12.844
Denmark,2010,DNK,8.866,6323.977,14.973
Denmark,2011,DNK,7.941,7283.569,18.525
Denmark,2012,DNK,7.128,7716.608,21.232
Denmark,2013,DNK,7.437,8152.597,21.856
Denmark,2014,DNK,6.657,9013.272,25.305
Denmark,2015,DNK,6.177,9334.219,27.025
Denmark,2016,DNK,6.445,9036.45,26.005
Denmark,2017,DNK,6.013,10584.267,30.501
Denmark,2018,DNK,5.973,10008.392,29.38
Denmark,2019,DNK,5.323,11090.295,30.183
Denmark,2020,DNK,4.853,11238.187,34.672
Denmark,2021,DNK,5.055,12497.036,38.81
Denmark,2022,DNK,4.929,13167.903,40.792
Denmark,2023,DNK,4.847,13156.062,40.938
Denmark,2024,DNK,4.746,13416.325,41.722
Ecuador,1965,ECU,0.429,130.406,8.031
Ecuador,1966,ECU,0.442,144.894,8.737
Ecuador,1967,ECU,0.46,154.95,8.897
Ecuador,1968,ECU,0.537,157.097,7.866
Ecuador,1969,ECU,0.601,169.217,8.218
Ecuador,1970,ECU,0.695,182.767,7.653
Ecuador,1971,ECU,0.666,192.778,7.567
Ecuador,1972,ECU,0.703,189.325,7.323
Ecuador,1973,ECU,0.782,179.757,6.685
Ecuador,1974,ECU,0.879,200.748,6.583
Ecuador,1975,ECU,1.033,245.066,8.172
Ecuador,1976,ECU,1.107,229.555,7.146
Ecuador,1977,ECU,0.993,205.93,5.537
Ecuador,1978,ECU,1.346,284.019,7.514
Ecuador,1979,ECU,1.528,247.764,6.463
Ecuador,1980,ECU,1.643,296.627,6.265
Ecuador,1981,ECU,1.987,258.008,5.042
Ecuador,1982,ECU,2.235,288.703,5.273
Ecuador,1983,ECU,2.208,540.761,10.386
Ecuador,1984,ECU,2.337,989.617,17.612
Ecuador,1985,ECU,2.081,978.218,15.085
Ecuador,1986,ECU,1.595,1167.447,17.637
Ecuador,1987,ECU,1.539,1298.095,19.516
Ecuador,1988,ECU,1.719,1339.109,17.825
Ecuador,1989,ECU,1.972,1343.615,17.743
Ecuador,1990,ECU,1.575,1322.545,17.296
Ecuador,1991,ECU,1.514,1317.444,15.927
Ecuador,1992,ECU,2.013,1263.984,15.684
Ecuador,1993,ECU,2.163,1446.912,17.698
Ecuador,1994,ECU,1.261,1603.637,18.394
Ecuador,1995,ECU,2.03,1236.775,15.267
Ecuador,1996,ECU,2.145,1491.886,16.502
Ecuador,1997,ECU,1.618,1508.627,15.246
Ecuador,1998,ECU,1.887,1475.162,15.101
Ecuador,1999,ECU,1.764,1598.562,18.299
Ecuador,2000,ECU,1.651,1666.164,20.573
Ecuador,2001,ECU,1.815,1512.864,18.737
Ecuador,2002,ECU,1.892,1569.01,20.06
Ecuador,2003,ECU,2.028,1463.111,18.572
Ecuador,2004,ECU,2.154,1476.705,17.818
Ecuador,2005,ECU,2.214,1359.451,15.75
Ecuador,2006,ECU,2.114,1385.597,15.435
Ecuador,2007,ECU,2.4,1725.375,18.628
Ecuador,2008,ECU,2.092,2089.568,21.549
Ecuador,2009,ECU,2.281,1679.4,18.011
Ecuador,2010,ECU,2.419,1543.154,15.137
Ecuador,2011,ECU,2.511,1940.662,18.275
Ecuador,2012,ECU,2.408,2087.352,18.909
Ecuador,2013,ECU,2.511,1856.248,16.519
Ecuador,2014,ECU,2.729,1914.7,16.451
Ecuador,2015,ECU,2.539,2143.324,18.756
Ecuador,2016,ECU,2.386,2529.782,22.601
Ecuador,2017,ECU,2.339,3112.667,27.196
Ecuador,2018,ECU,2.255,3124.729,26.236
Ecuador,2019,ECU,2.312,3632.526,30.382
Ecuador,2020,ECU,1.851,3531.984,34.624
Ecuador,2021,ECU,2.159,3661.975,31.038
Ecuador,2022,ECU,2.36,3492.379,28.426
Ecuador,2023,ECU,2.481,3549.655,27.974
Ecuador,2024,ECU,2.535,3177.811,25.358
Egypt,1965,EGY,0.901,157.113,5.267
Egypt,1966,EGY,0.845,161.432,5.274
Egypt,1967,EGY,0.61,169.673,6.643
Egypt,1968,EGY,0.693,252.603,9.41
Egypt,1969,EGY,0.582,327.856,15.256
Egypt,1970,EGY,0.625,376.183,14.378
Egypt,1971,EGY,0.648,395.653,15.061
Egypt,1972,EGY,0.701,395.454,13.872
Egypt,1973,EGY,0.638,385.799,14.659
Egypt,1974,EGY,0.684,447.466,15.315
Egypt,1975,EGY,0.795,485.356,15.331
Egypt,1976,EGY,0.861,558.656,15.104
Egypt,1977,EGY,0.923,616.082,15.725
Egypt,1978,EGY,0.935,660.524,16.363
Egypt,1979,EGY,0.996,623.286,14.476
Egypt,1980,EGY,1.022,619.526,12.972
Egypt,1981,EGY,1.12,628.391,11.857
Egypt,1982,EGY,1.207,627.989,10.91
Egypt,1983,EGY,1.18,570.565,9.433
Egypt,1984,EGY,1.278,543.169,8.482
Egypt,1985,EGY,1.243,500.86,7.766
Egypt,1986,EGY,1.406,477.38,7.446
Egypt,1987,EGY,1.367,464.193,7.018
Egypt,1988,EGY,1.32,444.393,6.807
Egypt,1989,EGY,1.233,464.688,6.939
Egypt,1990,EGY,1.248,473.439,7.097
Egypt,1991,EGY,1.24,458.852,6.979
Egypt,1992,EGY,1.259,442.777,6.965
Egypt,1993,EGY,1.444,445.592,7.168
Egypt,1994,EGY,1.361,463.556,7.245
Egypt,1995,EGY,1.492,473.536,7.134
Egypt,1996,EGY,1.448,475.92,6.947
Egypt,1997,EGY,1.621,477.808,6.835
Egypt,1998,EGY,1.777,480.727,6.75
Egypt,1999,EGY,1.776,522.477,6.992
Egypt,2000,EGY,1.954,541.95,6.998
Egypt,2001,EGY,1.693,540.016,6.824
Egypt,2002,EGY,1.684,510.578,6.405
Egypt,2003,EGY,1.926,462.897,5.599
Egypt,2004,EGY,1.911,454.751,5.317
Egypt,2005,EGY,2.058,436.039,5.073
Egypt,2006,EGY,2.157,432.932,4.876
Egypt,2007,EGY,2.245,469.616,5.061
Egypt,2008,EGY,2.281,492.5,5.101
Egypt,2009,EGY,2.346,444.293,4.525
Egypt,2010,EGY,2.273,420.096,4.198
Egypt,2011,EGY,2.434,418.902,4.063
Egypt,2012,EGY,2.281,411.324,3.92
Egypt,2013,EGY,2.298,398.078,3.909
Egypt,2014,EGY,2.33,384.951,3.913
Egypt,2015,EGY,2.276,397.043,4.062
Egypt,2016,EGY,2.412,391.249,3.87
Egypt,2017,EGY,2.443,373.691,3.627
Egypt,2018,EGY,2.289,387.53,3.832
Egypt,2019,EGY,2.176,450.841,4.638
Egypt,2020,EGY,2.253,536.773,5.968
Egypt,2021,EGY,2.405,562.972,5.908
Egypt,2022,EGY,2.219,558.681,5.687
Egypt,2023,EGY,2.185,553.096,5.804
Egypt,2024,EGY,2.217,556.239,5.778
Estonia,1985,EST,25.465,0.0,0.0
Estonia,1986,EST,25.293,0.0,0.0
Estonia,1987,EST,24.5,0.0,0.0
Estonia,1988,EST,24.382,0.0,0.0
Estonia,1989,EST,24.844,0.0,0.0
Estonia,1990,EST,23.503,0.0,0.0
Estonia,1991,EST,21.806,0.0,0.0
Estonia,1992,EST,15.85,0.0,0.0
Estonia,1993,EST,12.918,0.0,0.0
Estonia,1994,EST,13.579,0.0,0.0
Estonia,1995,EST,12.427,12.906,0.03
Estonia,1996,EST,13.267,10.891,0.024
Estonia,1997,EST,13.136,17.587,0.038
Estonia,1998,EST,11.999,26.573,0.064
Estonia,1999,EST,11.349,36.86,0.096
Estonia,2000,EST,11.074,132.973,0.335
Estonia,2001,EST,11.432,64.251,0.154
Estonia,2002,EST,11.134,75.069,0.18
Estonia,2003,EST,12.584,96.837,0.211
Estonia,2004,EST,12.712,130.754,0.278
Estonia,2005,EST,12.614,227.007,0.477
Estonia,2006,EST,12.205,275.798,0.583
Estonia,2007,EST,14.866,312.401,0.568
Estonia,2008,EST,13.324,441.856,0.871
Estonia,2009,EST,10.794,1196.797,2.722
Estonia,2010,EST,14.244,2402.973,4.38
Estonia,2011,EST,14.275,2659.8,4.847
Estonia,2012,EST,13.429,3327.022,6.0
Estonia,2013,EST,14.898,2759.502,4.703
Estonia,2014,EST,14.29,3165.217,5.622
Estonia,2015,EST,12.004,3466.94,6.658
Estonia,2016,EST,13.248,3491.503,6.508
Estonia,2017,EST,14.131,4100.069,6.9
Estonia,2018,EST,13.465,4582.517,7.798
Estonia,2019,EST,9.261,4891.178,10.376
Estonia,2020,EST,6.918,6746.387,15.352
Estonia,2021,EST,7.802,6565.309,14.297
Estonia,2022,EST,8.863,6179.36,13.241
Estonia,2023,EST,6.396,5855.083,14.305
Estonia,2024,EST,6.105,7299.87,17.946
Europe,1965,,7.852,1682.835,5.564
Europe,1966,,8.059,1816.398,5.813
Europe,1967,,8.177,1790.142,5.563
Europe,1968,,8.499,1893.267,5.616
Europe,1969,,8.9,1906.022,5.357
Europe,1970,,9.277,2007.3,5.357
Europe,1971,,9.568,2019.464,5.243
Europe,1972,,9.846,2048.71,5.109
Europe,1973,,10.22,2060.937,4.904
Europe,1974,,10.187,2210.874,5.235
Europe,1975,,10.192,2199.974,5.176
Europe,1976,,10.692,2093.771,4.719
Europe,1977,,10.721,2451.951,5.407
Europe,1978,,11.007,2528.172,5.39
Europe,1979,,11.213,2618.174,5.423
Europe,1980,,11.161,2595.201,5.438
Europe,1981,,10.705,2611.7,5.54
Europe,1982,,10.575,2527.167,5.391
Europe,1983,,10.541,2606.448,5.507
Europe,1984,,10.571,2698.194,5.553
Europe,1985,,10.985,2595.744,5.54
Europe,1986,,10.956,2541.949,5.355
Europe,1987,,10.937,2665.305,5.515
Europe,1988,,10.942,2757.878,5.668
Europe,1989,,10.848,2504.794,5.178
Europe,1990,,11.094,2560.161,5.271
Europe,1991,,10.646,2600.858,5.454
Europe,1992,,9.743,2670.818,5.818
Europe,1993,,9.343,2739.408,6.188
Europe,1994,,8.837,2789.908,6.573
Europe,1995,,8.799,2814.113,6.64
Europe,1996,,8.866,2654.667,6.213
Europe,1997,,8.584,2776.339,6.615
Europe,1998,,8.555,2903.549,6.892
Europe,1999,,8.447,2979.594,7.083
Europe,2000,,8.446,3131.488,7.39
Europe,2001,,8.62,3192.373,7.434
Europe,2002,,8.563,2969.31,6.959
Europe,2003,,8.742,2861.317,6.606
Europe,2004,,8.77,3140.059,7.163
Europe,2005,,8.772,3235.735,7.372
Europe,2006,,8.903,3288.6,7.397
Europe,2007,,8.811,3483.93,7.907
Europe,2008,,8.702,3678.536,8.393
Europe,2009,,7.988,3798.921,9.244
Europe,2010,,8.279,4077.614,9.567
Europe,2011,,8.166,4002.945,9.526
Europe,2012,,8.092,4423.889,10.57
Europe,2013,,7.868,4753.594,11.502
Europe,2014,,7.544,4857.845,12.116
Europe,2015,,7.534,4952.626,12.421
Europe,2016,,7.495,5046.222,12.54
Europe,2017,,7.527,5089.03,12.543
Europe,2018,,7.49,5412.717,13.225
Europe,2019,,7.245,5513.624,13.695
Europe,2020,,6.697,5972.467,15.825
Europe,2021,,7.025,6089.43,15.461
Europe,2022,,6.813,6019.265,15.607
Europe,2023,,6.546,6562.606,17.243
Europe,2024,,6.542,6926.432,17.849
European Union (27),1965,,7.223,1610.928,6.345
European Union (27),1966,,7.385,1745.873,6.704
European Union (27),1967,,7.496,1675.164,6.261
European Union (27),1968,,7.901,1699.649,5.973
European Union (27),1969,,8.363,1660.558,5.429
European Union (27),1970,,8.675,1752.661,5.374
European Union (27),1971,,8.863,1731.809,5.182
European Union (27),1972,,9.132,1800.697,5.151
European Union (27),1973,,9.511,1783.147,4.859
European Union (27),1974,,9.403,1912.247,5.297
European Union (27),1975,,9.172,1919.236,5.37
European Union (27),1976,,9.82,1675.265,4.432
European Union (27),1977,,9.676,2199.338,5.761
European Union (27),1978,,9.954,2136.813,5.407
European Union (27),1979,,10.178,2227.246,5.465
European Union (27),1980,,10.036,2113.309,5.299
European Union (27),1981,,9.464,2074.658,5.387
European Union (27),1982,,9.206,2028.007,5.411
European Union (27),1983,,9.075,2063.649,5.5
European Union (27),1984,,9.138,2089.599,5.419
European Union (27),1985,,9.252,2131.027,5.272
European Union (27),1986,,9.187,2018.784,4.938
European Union (27),1987,,9.241,2200.335,5.286
European Union (27),1988,,9.11,2317.435,5.54
European Union (27),1989,,9.167,1909.293,4.567
European Union (27),1990,,9.215,2017.032,4.801
European Union (27),1991,,9.028,2102.748,5.066
European Union (27),1992,,8.697,2188.141,5.382
European Union (27),1993,,8.508,2251.553,5.596
European Union (27),1994,,8.442,2319.187,5.797
European Union (27),1995,,8.538,2332.157,5.685
European Union (27),1996,,8.73,2329.236,5.51
European Union (27),1997,,8.565,2440.211,5.814
European Union (27),1998,,8.542,2555.895,6.049
European Union (27),1999,,8.409,2566.776,6.119
European Union (27),2000,,8.42,2722.328,6.501
European Union (27),2001,,8.533,2882.928,6.776
European Union (27),2002,,8.508,2580.313,6.112
European Union (27),2003,,8.66,2601.28,6.071
European Union (27),2004,,8.644,2872.791,6.632
European Union (27),2005,,8.595,2886.183,6.687
European Union (27),2006,,8.612,3070.685,7.083
European Union (27),2007,,8.471,3294.219,7.714
European Union (27),2008,,8.268,3600.728,8.495
European Union (27),2009,,7.575,3810.731,9.598
European Union (27),2010,,7.772,4317.844,10.476
European Union (27),2011,,7.537,4267.933,10.687
European Union (27),2012,,7.372,4782.057,12.131
European Union (27),2013,,7.18,5155.957,13.208
European Union (27),2014,,6.86,5324.969,14.118
European Union (27),2015,,6.972,5418.476,14.221
European Union (27),2016,,6.955,5461.75,14.233
European Union (27),2017,,6.997,5477.166,14.029
European Union (27),2018,,6.83,5861.853,15.098
European Union (27),2019,,6.493,6036.562,15.812
European Union (27),2020,,5.867,6496.231,18.448
European Union (27),2021,,6.257,6614.31,17.812
European Union (27),2022,,6.094,6617.95,18.601
European Union (27),2023,,5.514,7318.17,21.294
European Union (27),2024,,5.388,7769.514,22.291
Finland,1965,FIN,5.543,5692.636,22.846
Finland,1966,FIN,6.437,6293.99,22.266
Finland,1967,FIN,6.206,7012.394,23.723
Finland,1968,FIN,7.192,6296.431,19.666
Finland,1969,FIN,8.196,5253.567,14.871
Finland,1970,FIN,8.761,5743.478,14.698
Finland,1971,FIN,8.789,6432.793,16.066
Finland,1972,FIN,9.507,6214.565,14.797
Finland,1973,FIN,10.57,6298.521,13.676
Finland,1974,FIN,9.937,7523.122,17.157
Finland,1975,FIN,9.769,7198.664,16.222
Finland,1976,FIN,10.835,5573.86,11.846
Finland,1977,FIN,10.581,7141.037,14.424
Finland,1978,FIN,10.905,5727.699,11.157
Finland,1979,FIN,11.384,6337.875,11.46
Finland,1980,FIN,12.165,5938.252,10.815
Finland,1981,FIN,10.709,7902.184,14.372
Finland,1982,FIN,8.904,7532.401,13.954
Finland,1983,FIN,8.539,7768.964,14.629
Finland,1984,FIN,8.633,7537.862,13.688
Finland,1985,FIN,10.107,6989.032,12.132
Finland,1986,FIN,10.82,6997.681,12.047
Finland,1987,FIN,11.665,7769.69,12.746
Finland,1988,FIN,10.524,7503.778,12.424
Finland,1989,FIN,10.565,7290.785,12.059
Finland,1990,FIN,11.415,9280.447,14.47
Finland,1991,FIN,11.008,10427.364,15.994
Finland,1992,FIN,10.764,11391.946,17.648
Finland,1993,FIN,11.116,11065.631,17.067
Finland,1994,FIN,12.133,10409.118,15.338
Finland,1995,FIN,11.379,11078.025,17.208
Finland,1996,FIN,12.496,10026.09,14.945
Finland,1997,FIN,12.199,11423.412,16.853
Finland,1998,FIN,11.518,13784.965,19.755
Finland,1999,FIN,11.398,11959.002,17.504
Finland,2000,FIN,11.015,13125.509,19.163
Finland,2001,FIN,12.051,12052.025,17.238
Finland,2002,FIN,12.508,11114.449,15.842
Finland,2003,FIN,13.938,10694.037,14.248
Finland,2004,FIN,13.187,14124.952,18.999
Finland,2005,FIN,10.877,12817.831,19.045
Finland,2006,FIN,12.983,12334.776,17.117
Finland,2007,FIN,12.624,13111.018,18.351
Finland,2008,FIN,11.033,14909.633,21.795
Finland,2009,FIN,10.474,11758.009,18.615
Finland,2010,FIN,11.95,13082.733,19.122
Finland,2011,FIN,10.513,13137.611,20.478
Finland,2012,FIN,9.449,15120.541,24.392
Finland,2013,FIN,9.509,13737.791,22.15
Finland,2014,FIN,8.719,14412.535,24.195
Finland,2015,FIN,8.065,16260.123,27.515
Finland,2016,FIN,8.598,15521.872,25.935
Finland,2017,FIN,8.107,16364.369,27.99
Finland,2018,FIN,8.292,16683.545,27.99
Finland,2019,FIN,7.687,16663.199,28.591
Finland,2020,FIN,6.821,18160.797,32.588
Finland,2021,FIN,6.825,19901.895,35.036
Finland,2022,FIN,6.525,19696.879,34.897
Finland,2023,FIN,5.677,20927.711,35.888
Finland,2024,FIN,5.301,22644.117,38.894
France,1965,FRA,7.501,2670.037,9.728
France,1966,FRA,7.784,2973.331,10.697
France,1967,FRA,8.216,2580.735,8.802
France,1968,FRA,8.431,2862.151,9.348
France,1969,FRA,8.869,2986.691,8.942
France,1970,FRA,9.13,3182.854,8.881
France,1971,FRA,9.69,2730.634,7.426
France,1972,FRA,10.003,2712.938,6.99
France,1973,FRA,10.403,2632.818,6.294
France,1974,FRA,9.994,3068.743,7.528
France,1975,FRA,9.214,3249.347,8.476
France,1976,FRA,9.958,2625.932,6.485
France,1977,FRA,9.611,4066.08,9.91
France,1978,FRA,9.97,3636.947,8.583
France,1979,FRA,9.99,3524.636,8.123
France,1980,FRA,9.538,3665.608,8.555
France,1981,FRA,8.526,3782.234,9.025
France,1982,FRA,8.123,3679.102,9.164
France,1983,FRA,7.762,3603.03,8.834
France,1984,FRA,7.515,3398.943,8.1
France,1985,FRA,7.352,3193.816,7.41
France,1986,FRA,7.047,3206.297,7.309
France,1987,FRA,6.961,3591.512,8.054
France,1988,FRA,6.877,3869.684,8.617
France,1989,FRA,7.082,2386.902,5.272
France,1990,FRA,6.929,2730.409,5.936
France,1991,FRA,7.318,2908.523,5.941
France,1992,FRA,7.096,3445.254,7.019
France,1993,FRA,6.728,3231.865,6.624
France,1994,FRA,6.585,3909.055,8.129
France,1995,FRA,6.65,3645.56,7.396
France,1996,FRA,6.909,3317.204,6.506
France,1997,FRA,6.762,3225.766,6.447
France,1998,FRA,7.049,3126.331,6.12
France,1999,FRA,6.991,3613.676,7.02
France,2000,FRA,6.85,3319.751,6.409
France,2001,FRA,6.871,3666.771,7.072
France,2002,FRA,6.747,3002.785,5.879
France,2003,FRA,6.799,2911.813,5.675
France,2004,FRA,6.769,2921.737,5.684
France,2005,FRA,6.756,2591.232,5.122
France,2006,FRA,6.554,2842.63,5.702
France,2007,FRA,6.35,3096.374,6.356
France,2008,FRA,6.209,3552.378,7.319
France,2009,FRA,5.885,3375.438,7.409
France,2010,FRA,5.946,3682.448,7.882
France,2011,FRA,5.572,3112.299,6.93
France,2012,FRA,5.59,3888.931,8.714
France,2013,FRA,5.591,4416.388,9.857
France,2014,FRA,5.067,4215.729,9.885
France,2015,FRA,5.116,4107.176,9.568
France,2016,FRA,5.155,4344.005,10.362
France,2017,FRA,5.183,4085.659,9.803
France,2018,FRA,4.931,4836.418,11.513
France,2019,FRA,4.812,4814.923,11.754
France,2020,FRA,4.272,5103.89,13.972
France,2021,FRA,4.65,5006.168,12.914
France,2022,FRA,4.456,4715.598,13.726
France,2023,FRA,4.068,5653.612,15.867
France,2024,FRA,3.969,6138.945,16.465
Germany,1965,DEU,12.635,592.809,1.518
Germany,1966,DEU,12.415,635.751,1.638
Germany,1967,DEU,12.161,600.961,1.559
Germany,1968,DEU,12.734,607.099,1.482
Germany,1969,DEU,13.494,488.722,1.115
Germany,1970,DEU,13.117,659.544,1.43
Germany,1971,DEU,13.237,516.986,1.113
Germany,1972,DEU,13.229,506.436,1.058
Germany,1973,DEU,13.748,577.393,1.145
Germany,1974,DEU,13.45,662.788,1.338
Germany,1975,DEU,12.735,646.759,1.354
Germany,1976,DEU,13.92,541.778,1.058
Germany,1977,DEU,13.462,674.484,1.318
Germany,1978,DEU,13.814,705.665,1.329
Germany,1979,DEU,14.303,711.166,1.27
Germany,1980,DEU,14.045,754.825,1.397
Germany,1981,DEU,13.364,777.034,1.487
Germany,1982,DEU,12.954,771.096,1.529
Germany,1983,DEU,12.93,726.004,1.416
Germany,1984,DEU,13.244,723.93,1.358
Germany,1985,DEU,13.407,686.75,1.25
Germany,1986,DEU,13.439,726.065,1.333
Germany,1987,DEU,13.224,781.838,1.426
Germany,1988,DEU,13.124,777.137,1.419
Germany,1989,DEU,12.766,711.528,1.324
Germany,1990,DEU,13.233,662.884,1.264
Germany,1991,DEU,12.664,610.564,1.202
Germany,1992,DEU,11.978,710.027,1.438
Germany,1993,DEU,11.774,731.283,1.498
Germany,1994,DEU,11.535,793.376,1.646
Germany,1995,DEU,11.46,863.461,1.788
Germany,1996,DEU,11.666,792.516,1.593
Germany,1997,DEU,11.306,837.673,1.709
Germany,1998,DEU,11.261,912.236,1.868
Germany,1999,DEU,10.963,1020.992,2.112
Germany,2000,DEU,10.99,1329.505,2.738
Germany,2001,DEU,11.171,1381.812,2.798
Germany,2002,DEU,10.952,1637.896,3.365
Germany,2003,DEU,10.894,1690.942,3.477
Germany,2004,DEU,10.678,2098.536,4.316
Germany,2005,DEU,10.578,2399.464,4.992
Germany,2006,DEU,10.85,2868.235,5.797
Germany,2007,DEU,10.408,3511.12,7.37
Germany,2008,DEU,10.561,3628.964,7.523
Germany,2009,DEU,9.761,3695.886,8.147
Germany,2010,DEU,10.228,4005.2,8.465
Germany,2011,DEU,9.95,4636.815,10.168
Germany,2012,DEU,10.061,5292.822,11.46
Germany,2013,DEU,10.263,5500.856,11.603
Germany,2014,DEU,9.74,5811.58,12.84
Germany,2015,DEU,9.757,6542.757,14.318
Germany,2016,DEU,9.642,6492.84,14.101
Germany,2017,DEU,9.441,7250.198,15.388
Germany,2018,DEU,9.101,7434.165,16.263
Germany,2019,DEU,8.481,7920.285,17.811
Germany,2020,DEU,7.739,8283.994,20.017
Germany,2021,DEU,8.101,7699.383,18.082
Germany,2022,DEU,7.942,8268.65,20.329
Germany,2023,DEU,7.023,8764.478,23.603
Germany,2024,DEU,6.769,8949.748,23.968
Greece,1965,GRC,1.995,261.108,2.816
Greece,1966,GRC,2.17,560.089,5.566
Greece,1967,GRC,2.253,532.759,4.849
Greece,1968,GRC,2.556,435.884,3.843
Greece,1969,GRC,2.908,652.6,5.47
Greece,1970,GRC,2.758,837.038,6.318
Greece,1971,GRC,3.158,838.357,5.332
Greece,1972,GRC,3.557,840.297,4.796
Greece,1973,GRC,4.175,694.335,3.459
Greece,1974,GRC,4.039,730.134,3.736
Greece,1975,GRC,4.289,620.743,2.828
Greece,1976,GRC,4.657,569.795,2.386
Greece,1977,GRC,5.027,575.186,2.354
Greece,1978,GRC,5.078,883.922,3.599
Greece,1979,GRC,5.335,1039.843,4.894
Greece,1980,GRC,5.272,979.791,4.717
Greece,1981,GRC,5.139,970.218,4.831
Greece,1982,GRC,5.236,1005.509,4.982
Greece,1983,GRC,5.528,655.804,3.252
Greece,1984,GRC,5.64,796.691,3.811
Greece,1985,GRC,5.955,776.291,3.535
Greece,1986,GRC,5.776,890.705,4.07
Greece,1987,GRC,6.175,762.245,3.198
Greece,1988,GRC,6.589,646.064,2.577
Greece,1989,GRC,7.166,516.787,1.908
Greece,1990,GRC,8.133,479.548,1.714
Greece,1991,GRC,8.092,835.761,2.961
Greece,1992,GRC,8.202,593.133,2.074
Greece,1993,GRC,8.094,621.6,2.157
Greece,1994,GRC,8.258,699.901,2.4
Greece,1995,GRC,8.267,941.166,3.131
Greece,1996,GRC,8.431,1152.624,3.76
Greece,1997,GRC,8.831,1024.571,3.265
Greece,1998,GRC,9.238,985.39,2.971
Greece,1999,GRC,9.129,1231.24,3.733
Greece,2000,GRC,9.55,1067.56,3.092
Greece,2001,GRC,9.717,749.605,2.164
Greece,2002,GRC,9.642,904.342,2.621
Greece,2003,GRC,9.989,1474.247,4.052
Greece,2004,GRC,10.001,1469.656,4.05
Greece,2005,GRC,10.371,1573.091,4.335
Greece,2006,GRC,10.205,1916.253,5.149
Greece,2007,GRC,10.37,1201.556,3.171
Greece,2008,GRC,10.028,1448.786,3.908
Greece,2009,GRC,9.391,2018.198,5.675
Greece,2010,GRC,8.751,2605.631,7.696
Greece,2011,GRC,8.507,2017.33,6.058
Greece,2012,GRC,8.272,2506.954,7.967
Greece,2013,GRC,7.45,3504.99,11.795
Greece,2014,GRC,7.219,3017.801,10.745
Greece,2015,GRC,6.924,3658.009,12.796
Greece,2016,GRC,6.622,3667.434,12.975
Greece,2017,GRC,6.96,3407.002,11.449
Greece,2018,GRC,6.689,3944.334,13.164
Greece,2019,GRC,6.133,3952.095,13.476
Greece,2020,GRC,5.194,4302.183,16.785
Greece,2021,GRC,5.438,5429.429,19.2
Greece,2022,GRC,5.533,5610.2,18.783
Greece,2023,GRC,5.076,6120.928,20.754
Greece,2024,GRC,5.311,6650.131,21.055
High-income countries,1965,,9.156,2092.811,6.552
High-income countries,1966,,9.438,2188.462,6.592
High-income countries,1967,,9.706,2222.166,6.496
High-income countries,1968,,10.096,2262.069,6.265
High-income countries,1969,,10.616,2343.59,6.138
High-income countries,1970,,11.261,2389.083,5.974
High-income countries,1971,,11.441,2471.313,6.082
High-income countries,1972,,11.843,2560.209,6.047
High-income countries,1973,,12.301,2546.706,5.748
High-income countries,1974,,12.028,2766.686,6.398
High-income countries,1975,,11.716,2746.583,6.524
High-income countries,1976,,12.249,2623.293,5.952
High-income countries,1977,,12.372,2623.997,5.861
High-income countries,1978,,12.608,2798.066,6.117
High-income countries,1979,,12.787,2890.354,6.199
High-income countries,1980,,12.547,2851.961,6.343
High-income countries,1981,,12.006,2858.414,6.546
High-income countries,1982,,11.598,2928.182,6.945
High-income countries,1983,,11.52,3054.734,7.251
High-income countries,1984,,11.699,3047.246,6.983
High-income countries,1985,,11.876,3408.842,6.467
High-income countries,1986,,11.818,3401.779,6.395
High-income countries,1987,,11.958,3375.867,6.2
High-income countries,1988,,12.241,3362.656,6.026
High-income countries,1989,,12.313,3301.863,5.865
High-income countries,1990,,12.677,3421.707,6.088
High-income countries,1991,,12.866,3460.284,6.181
High-income countries,1992,,12.096,3429.5,6.147
High-income countries,1993,,12.051,3573.614,6.418
High-income countries,1994,,11.958,3490.202,6.271
High-income countries,1995,,11.99,3662.251,6.505
High-income countries,1996,,12.217,3657.292,6.374
High-income countries,1997,,12.094,3753.509,6.555
High-income countries,1998,,12.006,3692.592,6.458
High-income countries,1999,,12.089,3721.654,6.448
High-income countries,2000,,12.376,3758.135,6.425
High-income countries,2001,,12.317,3573.112,6.141
High-income countries,2002,,12.321,3599.38,6.169
High-income countries,2003,,12.475,3551.645,6.05
High-income countries,2004,,12.564,3689.389,6.19
High-income countries,2005,,12.549,3774.444,6.323
High-income countries,2006,,12.527,3881.255,6.502
High-income countries,2007,,12.535,3939.094,6.578
High-income countries,2008,,12.249,4133.595,6.994
High-income countries,2009,,11.445,4251.656,7.594
High-income countries,2010,,11.845,4423.208,7.627
High-income countries,2011,,11.694,4639.039,8.082
High-income countries,2012,,11.557,4824.621,8.505
High-income countries,2013,,11.463,5084.474,8.935
High-income countries,2014,,11.253,5183.157,9.191
High-income countries,2015,,11.124,5318.064,9.453
High-income countries,2016,,10.948,5497.579,9.776
High-income countries,2017,,10.89,5700.594,10.107
High-income countries,2018,,10.939,5915.714,10.373
High-income countries,2019,,10.686,6026.959,10.729
High-income countries,2020,,9.786,6405.627,12.223
High-income countries,2021,,10.26,6598.495,12.07
High-income countries,2022,,10.153,6837.891,12.451
High-income countries,2023,,9.833,7122.755,13.159
High-income countries,2024,,9.794,7531.655,13.733
Hong Kong,1965,HKG,1.246,0.0,0.0
Hong Kong,1966,HKG,1.285,0.0,0.0
Hong Kong,1967,HKG,1.742,0.0,0.0
Hong Kong,1968,HKG,2.022,0.0,0.0
Hong Kong,1969,HKG,2.283,0.0,0.0
Hong Kong,1970,HKG,2.244,0.0,0.0
Hong Kong,1971,HKG,2.294,0.0,0.0
Hong Kong,1972,HKG,2.253,0.0,0.0
Hong Kong,1973,HKG,2.199,0.0,0.0
Hong Kong,1974,HKG,2.463,0.0,0.0
Hong Kong,1975,HKG,2.48,0.0,0.0
Hong Kong,1976,HKG,2.748,0.0,0.0
Hong Kong,1977,HKG,3.054,0.0,0.0
Hong Kong,1978,HKG,3.305,0.0,0.0
Hong Kong,1979,HKG,3.26,0.0,0.0
Hong Kong,1980,HKG,3.345,0.0,0.0
Hong Kong,1981,HKG,3.678,0.0,0.0
Hong Kong,1982,HKG,3.81,0.0,0.0
Hong Kong,1983,HKG,3.995,0.0,0.0
Hong Kong,1984,HKG,4.181,0.0,0.0
Hong Kong,1985,HKG,4.243,0.0,0.0
Hong Kong,1986,HKG,4.682,0.0,0.0
Hong Kong,1987,HKG,5.119,0.0,0.0
Hong Kong,1988,HKG,5.31,0.0,0.0
Hong Kong,1989,HKG,5.44,0.0,0.0
Hong Kong,1990,HKG,4.882,0.0,0.0
Hong Kong,1991,HKG,5.057,0.0,0.0
Hong Kong,1992,HKG,5.716,0.0,0.0
Hong Kong,1993,HKG,5.892,0.0,0.0
Hong Kong,1994,HKG,5.144,0.0,0.0
Hong Kong,1995,HKG,5.062,0.0,0.0
Hong Kong,1996,HKG,4.587,0.0,0.0
Hong Kong,1997,HKG,4.753,0.0,0.0
Hong Kong,1998,HKG,5.969,0.0,0.0
Hong Kong,1999,HKG,6.431,0.0,0.0
Hong Kong,2000,HKG,5.931,0.0,0.0
Hong Kong,2001,HKG,5.504,0.0,0.0
Hong Kong,2002,HKG,5.718,0.0,0.0
Hong Kong,2003,HKG,6.23,0.0,0.0
Hong Kong,2004,HKG,5.975,0.0,0.0
Hong Kong,2005,HKG,6.273,0.0,0.0
Hong Kong,2006,HKG,6.047,0.268,0.001
Hong Kong,2007,HKG,6.25,0.33,0.001
Hong Kong,2008,HKG,6.095,0.303,0.001
Hong Kong,2009,HKG,5.886,0.408,0.001
Hong Kong,2010,HKG,5.641,23.92,0.053
Hong Kong,2011,HKG,6.041,62.996,0.137
Hong Kong,2012,HKG,5.935,26.636,0.061
Hong Kong,2013,HKG,6.1,71.701,0.16
Hong Kong,2014,HKG,6.215,65.31,0.151
Hong Kong,2015,HKG,5.756,90.66,0.205
Hong Kong,2016,HKG,5.854,92.977,0.206
Hong Kong,2017,HKG,5.699,100.925,0.209
Hong Kong,2018,HKG,5.702,116.852,0.24
Hong Kong,2019,HKG,5.597,116.405,0.253
Hong Kong,2020,HKG,4.474,159.125,0.462
Hong Kong,2021,HKG,4.494,212.949,0.654
Hong Kong,2022,HKG,4.121,269.801,0.927
Hong Kong,2023,HKG,4.428,353.581,1.048
Hong Kong,2024,HKG,4.494,385.705,1.048
Hungary,1965,HUN,6.042,20.543,0.113
Hungary,1966,HUN,6.068,27.312,0.148
Hungary,1967,HUN,5.762,22.316,0.127
Hungary,1968,HUN,5.967,24.132,0.133
Hungary,1969,HUN,6.067,25.666,0.133
Hungary,1970,HUN,6.782,23.698,0.114
Hungary,1971,HUN,6.694,25.78,0.121
Hungary,1972,HUN,6.688,29.453,0.134
Hungary,1973,HUN,7.015,26.957,0.114
Hungary,1974,HUN,7.081,21.523,0.088
Hungary,1975,HUN,7.161,43.057,0.168
Hungary,1976,HUN,7.558,43.346,0.159
Hungary,1977,HUN,7.82,38.961,0.137
Hungary,1978,HUN,8.259,35.959,0.118
Hungary,1979,HUN,8.052,37.944,0.126
Hungary,1980,HUN,8.106,29.088,0.097
Hungary,1981,HUN,8.094,43.698,0.146
Hungary,1982,HUN,8.135,41.447,0.138
Hungary,1983,HUN,8.373,40.531,0.137
Hungary,1984,HUN,8.566,47.502,0.156
Hungary,1985,HUN,8.148,40.822,0.129
Hungary,1986,HUN,7.915,40.698,0.129
Hungary,1987,HUN,8.03,44.815,0.136
Hungary,1988,HUN,7.474,44.964,0.139
Hungary,1989,HUN,7.297,42.187,0.133
Hungary,1990,HUN,7.073,52.746,0.17
Hungary,1991,HUN,6.728,59.152,0.204
Hungary,1992,HUN,6.005,56.177,0.202
Hungary,1993,HUN,6.082,56.29,0.21
Hungary,1994,HUN,5.985,56.852,0.208
Hungary,1995,HUN,5.954,60.815,0.22
Hungary,1996,HUN,6.123,70.98,0.251
Hungary,1997,HUN,6.0,74.487,0.269
Hungary,1998,HUN,5.975,60.288,0.214
Hungary,1999,HUN,6.025,69.072,0.245
Hungary,2000,HUN,5.716,68.452,0.249
Hungary,2001,HUN,5.885,72.327,0.256
Hungary,2002,HUN,5.804,65.641,0.238
Hungary,2003,HUN,6.095,96.94,0.345
Hungary,2004,HUN,5.947,281.331,0.985
Hungary,2005,HUN,5.975,574.318,1.882
Hungary,2006,HUN,5.923,466.555,1.557
Hungary,2007,HUN,5.825,604.805,2.042
Hungary,2008,HUN,5.709,904.684,3.095
Hungary,2009,HUN,5.145,1071.671,3.947
Hungary,2010,HUN,5.21,1108.507,3.999
Hungary,2011,HUN,5.042,990.439,3.672
Hungary,2012,HUN,4.711,959.683,3.807
Hungary,2013,HUN,4.397,985.639,4.115
Hungary,2014,HUN,4.425,1158.658,4.82
Hungary,2015,HUN,4.733,1166.435,4.593
Hungary,2016,HUN,4.795,1183.668,4.567
Hungary,2017,HUN,5.051,1220.274,4.454
Hungary,2018,HUN,5.051,1337.074,4.84
Hungary,2019,HUN,5.031,1576.425,5.632
Hungary,2020,HUN,4.832,1876.92,6.807
Hungary,2021,HUN,4.978,2246.434,7.724
Hungary,2022,HUN,4.674,2454.476,8.957
Hungary,2023,HUN,4.165,2844.661,10.886
Hungary,2024,HUN,4.136,3394.358,12.706
Iceland,1965,ISL,7.255,9252.808,23.831
Iceland,1966,ISL,7.64,8860.021,22.105
Iceland,1967,ISL,7.259,9285.062,23.785
Iceland,1968,ISL,7.907,9468.365,23.237
Iceland,1969,ISL,6.213,11776.386,29.321
Iceland,1970,ISL,6.789,19377.602,40.212
Iceland,1971,ISL,7.141,20925.688,40.226
Iceland,1972,ISL,7.088,22929.912,41.135
Iceland,1973,ISL,8.24,28881.314,43.569
Iceland,1974,ISL,8.076,29222.193,45.902
Iceland,1975,ISL,7.4,28363.203,47.037
Iceland,1976,ISL,7.726,29908.814,48.49
Iceland,1977,ISL,8.577,31777.393,49.072
Iceland,1978,ISL,8.591,32620.32,48.615
Iceland,1979,ISL,8.784,35317.371,50.983
Iceland,1980,ISL,8.161,37785.773,54.467
Iceland,1981,ISL,7.575,38798.227,55.389
Iceland,1982,ISL,6.816,42595.066,60.156
Iceland,1983,ISL,6.509,44322.418,61.455
Iceland,1984,ISL,7.556,45610.918,60.739
Iceland,1985,ISL,6.721,44362.898,60.158
Iceland,1986,ISL,7.32,46609.617,60.87
Iceland,1987,ISL,7.504,47196.406,60.367
Iceland,1988,ISL,7.372,49389.316,60.846
Iceland,1989,ISL,7.5,49466.09,59.57
Iceland,1990,ISL,8.719,48744.508,59.083
Iceland,1991,ISL,8.157,47989.496,60.295
Iceland,1992,ISL,8.615,48544.781,59.704
Iceland,1993,ISL,9.1,49993.406,59.777
Iceland,1994,ISL,8.83,50112.98,59.774
Iceland,1995,ISL,9.229,51932.367,60.333
Iceland,1996,ISL,9.38,53169.883,58.579
Iceland,1997,ISL,9.655,57574.727,61.043
Iceland,1998,ISL,9.625,64345.223,63.559
Iceland,1999,ISL,10.239,73281.195,66.566
Iceland,2000,ISL,10.426,77405.289,67.054
Iceland,2001,ISL,10.051,79598.852,68.986
Iceland,2002,ISL,10.403,81943.969,69.06
Iceland,2003,ISL,10.308,81789.383,69.009
Iceland,2004,ISL,10.635,82006.734,68.283
Iceland,2005,ISL,10.026,80992.43,68.112
Iceland,2006,ISL,10.38,91206.695,70.76
Iceland,2007,ISL,11.212,107530.93,74.337
Iceland,2008,ISL,12.004,143010.688,81.016
Iceland,2009,ISL,11.708,145809.391,82.491
Iceland,2010,ISL,11.399,146924.734,83.047
Iceland,2011,ISL,10.978,147567.891,83.32
Iceland,2012,ISL,10.906,149841.172,83.699
Iceland,2013,ISL,10.772,152295.828,83.281
Iceland,2014,ISL,10.519,150204.062,83.012
Iceland,2015,ISL,10.699,153153.984,82.168
Iceland,2016,ISL,10.411,148569.797,80.357
Iceland,2017,ISL,10.511,149886.094,79.303
Iceland,2018,ISL,10.388,151207.688,78.7
Iceland,2019,ISL,9.849,145113.766,80.843
Iceland,2020,ISL,9.107,140052.078,86.126
Iceland,2021,ISL,9.367,140773.203,84.494
Iceland,2022,ISL,9.458,140857.141,82.075
Iceland,2023,ISL,9.052,138548.938,81.843
Iceland,2024,ISL,9.667,132214.828,80.498
India,1965,IND,0.314,108.625,8.643
India,1966,IND,0.318,111.033,8.758
India,1967,IND,0.312,121.608,9.507
India,1968,IND,0.333,137.365,10.267
India,1969,IND,0.332,149.324,10.283
India,1970,IND,0.333,154.884,11.151
India,1971,IND,0.344,166.161,11.763
India,1972,IND,0.356,157.776,10.844
India,1973,IND,0.358,164.28,11.316
India,1974,IND,0.362,154.479,10.271
India,1975,IND,0.383,180.253,11.421
India,1976,IND,0.391,184.182,11.392
India,1977,IND,0.404,196.268,11.753
India,1978,IND,0.401,237.967,14.048
India,1979,IND,0.412,224.193,12.826
India,1980,IND,0.424,224.053,12.743
India,1981,IND,0.448,233.225,12.261
India,1982,IND,0.452,192.276,10.437
India,1983,IND,0.478,180.985,9.558
India,1984,IND,0.479,197.54,10.001
India,1985,IND,0.515,186.275,9.14
India,1986,IND,0.539,184.68,8.662
India,1987,IND,0.563,168.132,7.582
India,1988,IND,0.594,183.368,7.771
India,1989,IND,0.639,208.06,8.257
India,1990,IND,0.668,213.461,8.068
India,1991,IND,0.696,232.984,8.531
India,1992,IND,0.726,216.214,7.687
India,1993,IND,0.734,214.213,7.588
India,1994,IND,0.759,238.568,8.187
India,1995,IND,0.792,222.883,7.258
India,1996,IND,0.841,200.725,6.408
India,1997,IND,0.859,201.034,6.202
India,1998,IND,0.86,234.98,6.971
India,1999,IND,0.926,229.019,6.735
India,2000,IND,0.933,211.886,6.042
India,2001,IND,0.929,196.829,5.693
India,2002,IND,0.941,183.337,5.218
India,2003,IND,0.957,183.994,5.144
India,2004,IND,0.999,262.681,6.887
India,2005,IND,1.035,252.724,6.359
India,2006,IND,1.103,293.929,7.134
India,2007,IND,1.17,320.527,7.276
India,2008,IND,1.234,308.547,6.712
India,2009,IND,1.316,290.375,5.965
India,2010,IND,1.35,303.142,6.057
India,2011,IND,1.4,362.263,6.967
India,2012,IND,1.507,335.554,6.208
India,2013,IND,1.54,371.517,6.75
India,2014,IND,1.637,396.539,6.829
India,2015,IND,1.681,376.293,6.357
India,2016,IND,1.75,390.035,6.37
India,2017,IND,1.784,426.385,6.793
India,2018,IND,1.888,479.617,7.307
India,2019,IND,1.88,539.006,8.108
India,2020,IND,1.727,554.367,8.893
India,2021,IND,1.892,581.251,8.657
India,2022,IND,1.986,661.233,9.421
India,2023,IND,2.13,663.527,8.861
India,2024,IND,2.201,710.831,9.146
Indonesia,1965,IDN,0.243,50.018,6.022
Indonesia,1966,IDN,0.225,63.514,7.898
Indonesia,1967,IDN,0.23,69.49,8.981
Indonesia,1968,IDN,0.252,83.561,10.412
Indonesia,1969,IDN,0.297,84.992,9.643
Indonesia,1970,IDN,0.309,100.516,10.946
Indonesia,1971,IDN,0.328,32.231,3.768
Indonesia,1972,IDN,0.355,28.065,3.176
Indonesia,1973,IDN,0.392,34.49,3.554
Indonesia,1974,IDN,0.398,37.242,3.674
Indonesia,1975,IDN,0.409,38.082,3.146
Indonesia,1976,IDN,0.457,21.796,1.756
Indonesia,1977,IDN,0.595,35.357,2.209
Indonesia,1978,IDN,0.662,24.647,1.402
Indonesia,1979,IDN,0.654,26.758,1.369
Indonesia,1980,IDN,0.637,23.654,1.154
Indonesia,1981,IDN,0.658,23.025,1.072
Indonesia,1982,IDN,0.676,24.544,1.147
Indonesia,1983,IDN,0.659,36.063,1.629
Indonesia,1984,IDN,0.689,38.501,1.616
Indonesia,1985,IDN,0.729,46.079,1.863
Indonesia,1986,IDN,0.718,72.715,2.811
Indonesia,1987,IDN,0.714,73.369,2.74
Indonesia,1988,IDN,0.75,79.062,2.851
Indonesia,1989,IDN,0.73,96.805,3.208
Indonesia,1990,IDN,0.845,117.48,3.597
Indonesia,1991,IDN,0.936,127.782,3.661
Indonesia,1992,IDN,1.049,158.837,4.219
Indonesia,1993,IDN,1.112,145.417,3.686
Indonesia,1994,IDN,1.115,138.292,3.404
Indonesia,1995,IDN,1.112,149.837,3.445
Indonesia,1996,IDN,1.244,156.658,3.415
Indonesia,1997,IDN,1.354,120.171,2.451
Indonesia,1998,IDN,1.164,186.143,3.927
Indonesia,1999,IDN,1.37,193.177,3.788
Indonesia,2000,IDN,1.301,199.227,3.699
Indonesia,2001,IDN,1.446,233.02,4.096
Indonesia,2002,IDN,1.388,210.385,3.647
Indonesia,2003,IDN,1.506,197.675,3.195
Indonesia,2004,IDN,1.504,206.412,3.415
Indonesia,2005,IDN,1.505,214.506,3.494
Indonesia,2006,IDN,1.481,199.324,3.234
Indonesia,2007,IDN,1.635,220.271,3.374
Indonesia,2008,IDN,1.521,236.059,3.62
Indonesia,2009,IDN,1.639,247.224,3.736
Indonesia,2010,IDN,1.808,312.203,4.417
Indonesia,2011,IDN,2.006,262.097,3.554
Indonesia,2012,IDN,2.041,274.541,3.577
Indonesia,2013,IDN,1.929,323.653,4.534
Indonesia,2014,IDN,1.924,338.127,4.708
Indonesia,2015,IDN,2.105,290.469,4.003
Indonesia,2016,IDN,2.071,414.29,5.81
Indonesia,2017,IDN,2.136,418.546,5.518
Indonesia,2018,IDN,2.25,635.144,8.029
Indonesia,2019,IDN,2.441,713.722,8.613
Indonesia,2020,IDN,2.268,821.447,10.644
Indonesia,2021,IDN,2.287,881.074,11.076
Indonesia,2022,IDN,2.719,1008.235,10.208
Indonesia,2023,IDN,2.711,1061.278,10.695
Indonesia,2024,IDN,2.865,1155.609,10.954
Iran,1965,IRN,2.146,190.734,4.924
Iran,1966,IRN,2.482,198.667,4.854
Iran,1967,IRN,2.549,207.457,4.75
Iran,1968,IRN,3.001,216.553,4.647
Iran,1969,IRN,2.937,226.214,4.557
Iran,1970,IRN,3.149,236.297,4.159
Iran,1971,IRN,3.384,246.511,4.081
Iran,1972,IRN,3.429,314.434,4.729
Iran,1973,IRN,4.066,258.71,3.349
Iran,1974,IRN,4.384,276.617,3.253
Iran,1975,IRN,4.118,281.817,2.931
Iran,1976,IRN,4.492,305.87,2.913
Iran,1977,IRN,4.559,306.449,2.658
Iran,1978,IRN,4.371,464.572,4.263
Iran,1979,IRN,4.246,389.13,3.422
Iran,1980,IRN,3.029,389.152,3.828
Iran,1981,IRN,2.698,403.168,4.165
Iran,1982,IRN,3.12,401.235,3.872
Iran,1983,IRN,3.259,377.648,3.19
Iran,1984,IRN,3.147,340.076,2.759
Iran,1985,IRN,3.237,330.483,2.549
Iran,1986,IRN,2.883,380.658,3.253
Iran,1987,IRN,2.988,407.158,3.364
Iran,1988,IRN,3.195,415.915,3.481
Iran,1989,IRN,3.37,329.777,2.598
Iran,1990,IRN,3.616,351.195,2.531
Iran,1991,IRN,3.718,259.64,1.771
Iran,1992,IRN,3.73,417.859,2.631
Iran,1993,IRN,3.86,476.493,3.255
Iran,1994,IRN,4.305,311.368,1.901
Iran,1995,IRN,4.355,371.662,2.188
Iran,1996,IRN,4.399,389.358,2.13
Iran,1997,IRN,4.231,259.316,1.393
Iran,1998,IRN,4.737,322.381,1.685
Iran,1999,IRN,5.722,219.776,1.081
Iran,2000,IRN,5.529,159.656,0.76
Iran,2001,IRN,5.781,170.193,0.77
Iran,2002,IRN,5.838,323.971,1.356
Iran,2003,IRN,5.976,380.992,1.584
Iran,2004,IRN,6.293,462.083,1.774
Iran,2005,IRN,6.499,543.368,2.014
Iran,2006,IRN,6.826,678.876,2.353
Iran,2007,IRN,6.806,645.263,2.139
Iran,2008,IRN,6.999,266.738,0.867
Iran,2009,IRN,7.107,238.634,0.767
Iran,2010,IRN,7.253,350.961,1.106
Iran,2011,IRN,7.353,361.026,1.109
Iran,2012,IRN,7.55,416.067,1.284
Iran,2013,IRN,7.586,472.846,1.423
Iran,2014,IRN,7.904,460.874,1.349
Iran,2015,IRN,7.77,411.055,1.23
Iran,2016,IRN,7.692,467.967,1.344
Iran,2017,IRN,8.19,519.435,1.462
Iran,2018,IRN,7.716,313.134,0.864
Iran,2019,IRN,8.354,998.354,2.641
Iran,2020,IRN,8.499,702.07,1.802
Iran,2021,IRN,8.813,434.541,1.14
Iran,2022,IRN,8.57,433.158,1.112
Iran,2023,IRN,8.715,665.79,1.68
Iran,2024,IRN,8.656,561.098,1.433
Iraq,1965,IRQ,2.352,23.947,0.854
Iraq,1966,IRQ,3.262,30.382,1.017
Iraq,1967,IRQ,2.093,33.561,1.151
Iraq,1968,IRQ,2.168,39.186,1.309
Iraq,1969,IRQ,2.404,41.776,1.249
Iraq,1970,IRQ,2.453,49.177,1.224
Iraq,1971,IRQ,2.861,55.127,1.297
Iraq,1972,IRQ,2.83,53.264,1.107
Iraq,1973,IRQ,2.836,74.617,1.634
Iraq,1974,IRQ,2.768,99.493,2.302
Iraq,1975,IRQ,2.869,110.932,2.427
Iraq,1976,IRQ,4.087,106.894,1.921
Iraq,1977,IRQ,3.54,127.501,2.264
Iraq,1978,IRQ,3.313,154.208,2.671
Iraq,1979,IRQ,4.017,217.66,3.11
Iraq,1980,IRQ,3.346,141.014,1.894
Iraq,1981,IRQ,2.288,120.977,1.791
Iraq,1982,IRQ,2.12,115.692,1.7
Iraq,1983,IRQ,2.604,112.305,1.48
Iraq,1984,IRQ,2.617,110.67,1.358
Iraq,1985,IRQ,2.839,108.04,1.184
Iraq,1986,IRQ,2.961,103.686,1.011
Iraq,1987,IRQ,3.189,437.153,3.719
Iraq,1988,IRQ,4.004,427.127,3.211
Iraq,1989,IRQ,4.202,415.918,2.827
Iraq,1990,IRQ,2.826,734.728,5.453
Iraq,1991,IRQ,2.561,335.383,3.982
Iraq,1992,IRQ,3.225,792.171,6.114
Iraq,1993,IRQ,3.295,891.399,5.43
Iraq,1994,IRQ,3.802,861.72,4.862
Iraq,1995,IRQ,3.834,949.635,5.564
Iraq,1996,IRQ,3.48,838.369,5.065
Iraq,1997,IRQ,3.44,827.706,4.349
Iraq,1998,IRQ,3.539,752.278,5.437
Iraq,1999,IRQ,3.487,418.261,4.325
Iraq,2000,IRQ,3.428,363.551,2.757
Iraq,2001,IRQ,3.842,405.74,2.842
Iraq,2002,IRQ,3.733,480.389,3.656
Iraq,2003,IRQ,3.784,483.491,4.274
Iraq,2004,IRQ,4.098,565.034,4.794
Iraq,2005,IRQ,4.023,463.098,4.279
Iraq,2006,IRQ,3.454,466.314,4.466
Iraq,2007,IRQ,2.161,427.748,4.029
Iraq,2008,IRQ,3.256,267.034,2.24
Iraq,2009,IRQ,3.5,247.133,2.191
Iraq,2010,IRQ,3.672,303.242,2.404
Iraq,2011,IRQ,3.841,273.838,2.177
Iraq,2012,IRQ,3.983,336.719,2.572
Iraq,2013,IRQ,4.016,337.436,2.456
Iraq,2014,IRQ,3.762,201.369,1.544
Iraq,2015,IRQ,3.795,175.477,1.4
Iraq,2016,IRQ,3.981,223.928,1.709
Iraq,2017,IRQ,4.257,141.938,0.934
Iraq,2018,IRQ,4.623,135.558,0.877
Iraq,2019,IRQ,4.656,320.87,1.982
Iraq,2020,IRQ,4.086,266.116,1.887
Iraq,2021,IRQ,4.484,212.864,1.484
Iraq,2022,IRQ,4.939,168.771,1.095
Iraq,2023,IRQ,5.056,95.212,0.598
Iraq,2024,IRQ,5.074,93.465,0.584
Ireland,1965,IRL,4.774,910.758,3.877
Ireland,1966,IRL,5.225,816.338,3.117
Ireland,1967,IRL,5.643,767.216,2.718
Ireland,1968,IRL,6.089,729.497,2.228
Ireland,1969,IRL,6.289,549.272,1.682
Ireland,1970,IRL,6.548,752.712,2.946
Ireland,1971,IRL,7.509,431.731,1.643
Ireland,1972,IRL,7.256,627.57,2.296
Ireland,1973,IRL,7.407,576.055,2.036
Ireland,1974,IRL,7.437,701.358,2.475
Ireland,1975,IRL,6.934,457.137,1.75
Ireland,1976,IRL,6.904,510.342,1.944
Ireland,1977,IRL,7.189,630.784,2.289
Ireland,1978,IRL,7.082,582.225,2.062
Ireland,1979,IRL,8.116,679.451,2.213
Ireland,1980,IRL,7.693,681.065,2.32
Ireland,1981,IRL,7.557,693.167,2.443
Ireland,1982,IRL,7.356,641.365,2.295
Ireland,1983,IRL,7.355,618.842,2.261
Ireland,1984,IRL,7.267,542.108,2.012
Ireland,1985,IRL,7.574,658.686,2.34
Ireland,1986,IRL,8.061,720.562,2.378
Ireland,1987,IRL,8.538,538.368,1.755
Ireland,1988,IRL,8.477,687.334,2.243
Ireland,1989,IRL,8.562,552.063,1.741
Ireland,1990,IRL,9.375,550.968,1.644
Ireland,1991,IRL,9.528,586.325,1.694
Ireland,1992,IRL,9.413,641.672,1.858
Ireland,1993,IRL,9.428,605.873,1.727
Ireland,1994,IRL,9.704,726.525,1.995
Ireland,1995,IRL,9.93,560.836,1.517
Ireland,1996,IRL,10.298,585.087,1.511
Ireland,1997,IRL,10.567,619.619,1.563
Ireland,1998,IRL,10.969,883.746,2.094
Ireland,1999,IRL,11.309,840.399,1.907
Ireland,2000,IRL,11.9,874.359,1.92
Ireland,2001,IRL,12.324,743.573,1.57
Ireland,2002,IRL,11.73,971.125,2.106
Ireland,2003,IRL,11.441,785.263,1.775
Ireland,2004,IRL,11.354,940.317,2.123
Ireland,2005,IRL,11.588,1227.97,2.716
Ireland,2006,IRL,11.15,1567.56,3.451
Ireland,2007,IRL,10.847,1762.855,3.934
Ireland,2008,IRL,10.558,2270.569,5.203
Ireland,2009,IRL,9.303,2601.61,6.704
Ireland,2010,IRL,9.167,2396.661,6.149
Ireland,2011,IRL,8.31,3340.517,9.032
Ireland,2012,IRL,8.309,3210.026,8.861
Ireland,2013,IRL,8.061,3423.319,9.648
Ireland,2014,IRL,7.911,3840.302,10.938
Ireland,2015,IRL,8.233,4592.599,12.506
Ireland,2016,IRL,8.492,4386.334,11.537
Ireland,2017,IRL,8.116,5162.07,13.692
Ireland,2018,IRL,7.988,5758.226,15.142
Ireland,2019,IRL,7.54,6554.747,17.39
Ireland,2020,IRL,7.035,7292.109,20.819
Ireland,2021,IRL,7.452,6306.125,17.799
Ireland,2022,IRL,7.177,7013.498,19.42
Ireland,2023,IRL,6.46,7484.979,21.82
Ireland,2024,IRL,6.339,7585.669,22.18
Israel,1965,ISR,5.545,0.0,0.0
Israel,1966,ISR,5.58,0.0,0.0
Israel,1967,ISR,5.329,0.0,0.0
Israel,1968,ISR,5.214,0.0,0.0
Israel,1969,ISR,5.374,0.0,0.0
Israel,1970,ISR,5.78,0.0,0.0
Israel,1971,ISR,5.448,0.0,0.0
Israel,1972,ISR,5.485,0.0,0.0
Israel,1973,ISR,6.089,0.0,0.0
Israel,1974,ISR,5.978,0.0,0.0
Israel,1975,ISR,5.889,0.0,0.0
Israel,1976,ISR,5.737,0.0,0.0
Israel,1977,ISR,5.68,0.0,0.0
Israel,1978,ISR,5.907,0.0,0.0
Israel,1979,ISR,5.731,0.0,0.0
Israel,1980,ISR,5.639,0.0,0.0
Israel,1981,ISR,5.528,1.461,0.006
Israel,1982,ISR,6.142,1.431,0.005
Israel,1983,ISR,5.988,0.702,0.003
Israel,1984,ISR,5.825,1.377,0.005
Israel,1985,ISR,5.995,1.353,0.006
Israel,1986,ISR,6.32,3.998,0.016
Israel,1987,ISR,6.389,6.556,0.025
Israel,1988,ISR,6.896,6.449,0.023
Israel,1989,ISR,7.165,1.902,0.007
Israel,1990,ISR,7.882,1.834,0.006
Israel,1991,ISR,7.563,3.487,0.013
Israel,1992,ISR,8.489,16.25,0.053
Israel,1993,ISR,8.697,14.2,0.043
Israel,1994,ISR,9.101,12.247,0.037
Israel,1995,ISR,9.312,12.969,0.036
Israel,1996,ISR,9.444,12.122,0.033
Israel,1997,ISR,9.717,12.299,0.031
Israel,1998,ISR,9.673,11.994,0.03
Israel,1999,ISR,9.209,15.416,0.038
Israel,2000,ISR,9.739,14.091,0.038
Israel,2001,ISR,10.068,8.826,0.024
Israel,2002,ISR,9.284,32.076,0.088
Israel,2003,ISR,9.598,36.453,0.099
Israel,2004,ISR,8.871,34.591,0.094
Israel,2005,ISR,8.402,42.604,0.117
Israel,2006,ISR,9.081,24.342,0.068
Israel,2007,ISR,9.02,21.952,0.06
Israel,2008,ISR,9.598,25.465,0.069
Israel,2009,ISR,8.862,52.665,0.149
Israel,2010,ISR,9.308,80.052,0.222
Israel,2011,ISR,9.181,127.447,0.353
Israel,2012,ISR,9.83,186.392,0.502
Israel,2013,ISR,8.142,201.093,0.583
Israel,2014,ISR,7.633,325.675,0.987
Israel,2015,ISR,7.815,433.215,1.269
Israel,2016,ISR,7.45,595.979,1.746
Israel,2017,ISR,7.038,597.373,1.75
Israel,2018,ISR,7.049,648.441,1.89
Israel,2019,ISR,6.809,1009.162,2.903
Israel,2020,ISR,6.737,1300.711,4.024
Israel,2021,ISR,6.592,1591.904,4.889
Israel,2022,ISR,6.84,1816.181,5.387
Israel,2023,ISR,5.983,2393.993,7.83
Israel,2024,ISR,5.607,2881.895,9.795
Italy,1965,ITA,3.682,2462.868,13.761
Italy,1966,ITA,4.122,2540.807,13.179
Italy,1967,ITA,4.474,2454.615,11.842
Italy,1968,ITA,4.727,2463.385,11.071
Italy,1969,ITA,5.082,2379.611,9.995
Italy,1970,ITA,5.551,2347.99,8.984
Italy,1971,ITA,5.792,2266.075,8.281
Italy,1972,ITA,6.071,2344.334,8.224
Italy,1973,ITA,6.489,2134.894,7.222
Italy,1974,ITA,6.535,2157.047,7.35
Italy,1975,ITA,6.182,2291.327,8.029
Italy,1976,ITA,6.596,2176.992,7.263
Italy,1977,ITA,6.361,2758.866,9.228
Italy,1978,ITA,6.637,2471.859,8.097
Italy,1979,ITA,6.863,2486.687,7.925
Italy,1980,ITA,6.85,2447.22,8.044
Italy,1981,ITA,6.625,2301.624,7.759
Italy,1982,ITA,6.468,2224.513,7.661
Italy,1983,ITA,6.314,2214.844,7.798
Italy,1984,ITA,6.418,2264.21,7.856
Italy,1985,ITA,6.49,2163.501,7.548
Italy,1986,ITA,6.386,2173.302,7.384
Italy,1987,ITA,6.681,2106.986,6.95
Italy,1988,ITA,6.78,2168.031,6.984
Italy,1989,ITA,7.104,1843.321,5.772
Italy,1990,ITA,7.684,1719.898,4.568
Italy,1991,ITA,7.67,2236.339,6.125
Italy,1992,ITA,7.666,2247.091,6.129
Italy,1993,ITA,7.526,2220.235,6.154
Italy,1994,ITA,7.393,2355.214,6.574
Italy,1995,ITA,7.815,2028.259,5.386
Italy,1996,ITA,7.747,2271.272,5.983
Italy,1997,ITA,7.844,2271.441,5.928
Italy,1998,ITA,8.054,2286.841,5.959
Italy,1999,ITA,8.132,2523.756,6.543
Italy,2000,ITA,8.199,2504.724,6.853
Italy,2001,ITA,8.196,2659.904,7.295
Italy,2002,ITA,8.309,2354.778,6.453
Italy,2003,ITA,8.575,2272.053,6.06
Italy,2004,ITA,8.606,2628.864,6.893
Italy,2005,ITA,8.567,2334.86,6.161
Italy,2006,ITA,8.443,2424.978,6.427
Italy,2007,ITA,8.286,2267.294,6.173
Italy,2008,ITA,8.028,2808.795,7.803
Italy,2009,ITA,7.079,3359.328,10.127
Italy,2010,ITA,7.241,3727.355,10.921
Italy,2011,ITA,7.022,3968.702,11.912
Italy,2012,ITA,6.665,4347.991,13.499
Italy,2013,ITA,6.091,5172.381,16.96
Italy,2014,ITA,5.759,5501.412,18.517
Italy,2015,ITA,5.964,5024.947,16.66
Italy,2016,ITA,5.922,4947.602,16.412
Italy,2017,ITA,5.84,4768.667,15.675
Italy,2018,ITA,5.791,5229.956,17.059
Italy,2019,ITA,5.648,5292.727,17.412
Italy,2020,ITA,5.051,5347.12,19.399
Italy,2021,ITA,5.624,5348.62,18.014
Italy,2022,ITA,5.705,4672.377,15.951
Italy,2023,ITA,5.249,5285.862,18.854
Italy,2024,ITA,5.088,5932.423,20.931
Japan,1965,JPN,3.835,2093.875,11.622
Japan,1966,JPN,4.12,2163.327,10.676
Japan,1967,JPN,4.758,1849.324,8.208
Japan,1968,JPN,5.397,1957.336,7.982
Japan,1969,JPN,6.199,1984.406,7.019
Japan,1970,JPN,7.213,1969.808,6.173
Japan,1971,JPN,7.407,2173.42,6.579
Japan,1972,JPN,7.882,2171.073,6.21
Japan,1973,JPN,8.265,1684.117,4.439
Japan,1974,JPN,8.163,2058.998,5.551
Japan,1975,JPN,7.676,2054.921,5.661
Japan,1976,JPN,7.944,2037.881,5.443
Japan,1977,JPN,8.095,1768.187,4.786
Japan,1978,JPN,7.764,1691.255,4.52
Japan,1979,JPN,8.144,1937.71,5.129
Japan,1980,JPN,8.014,2100.954,5.813
Japan,1981,JPN,7.819,2074.627,5.864
Japan,1982,JPN,7.538,2155.315,6.312
Japan,1983,JPN,7.373,2238.962,6.397
Japan,1984,JPN,7.813,1967.099,5.444
Japan,1985,JPN,7.575,2233.606,6.056
Japan,1986,JPN,7.531,2205.089,6.014
Japan,1987,JPN,7.399,2082.669,5.468
Japan,1988,JPN,8.04,2455.697,6.138
Japan,1989,JPN,8.307,2506.014,6.123
Japan,1990,JPN,9.359,2243.243,5.368
Japan,1991,JPN,9.416,2410.838,5.6
Japan,1992,JPN,9.45,2085.569,4.805
Japan,1993,JPN,9.367,2349.848,5.348
Japan,1994,JPN,9.763,1765.915,3.887
Japan,1995,JPN,9.834,2097.944,4.483
Japan,1996,JPN,9.912,2081.163,4.371
Japan,1997,JPN,9.828,2310.591,4.773
Japan,1998,JPN,9.493,2357.966,4.961
Japan,1999,JPN,9.764,2247.476,4.664
Japan,2000,JPN,9.921,2253.357,4.603
Japan,2001,JPN,9.79,2179.84,4.508
Japan,2002,JPN,10.005,2171.179,4.514
Japan,2003,JPN,10.056,2449.24,5.098
Japan,2004,JPN,10.008,2442.466,5.023
Japan,2005,JPN,10.057,2234.198,4.52
Japan,2006,JPN,9.871,2467.354,5.011
Japan,2007,JPN,10.141,2194.187,4.499
Japan,2008,JPN,9.587,2181.407,4.561
Japan,2009,JPN,9.051,2075.344,4.756
Japan,2010,JPN,9.448,2508.218,5.404
Japan,2011,JPN,9.846,2400.329,5.447
Japan,2012,JPN,10.178,2354.55,5.379
Japan,2013,JPN,10.271,2536.953,5.829
Japan,2014,JPN,9.886,2804.523,6.604
Japan,2015,JPN,9.585,3225.911,7.685
Japan,2016,JPN,9.436,3148.987,7.593
Japan,2017,JPN,9.321,3367.779,8.029
Japan,2018,JPN,8.971,3606.433,8.65
Japan,2019,JPN,8.698,3625.492,8.871
Japan,2020,JPN,8.213,3972.055,10.457
Japan,2021,JPN,8.422,4302.122,10.814
Japan,2022,JPN,8.237,4432.941,11.154
Japan,2023,JPN,7.935,4642.009,11.965
Japan,2024,JPN,7.772,4886.513,12.697
Kazakhstan,1985,KAZ,15.791,902.842,1.82
Kazakhstan,1986,KAZ,15.873,816.762,1.633
Kazakhstan,1987,KAZ,15.531,963.358,1.915
Kazakhstan,1988,KAZ,16.312,1157.298,2.254
Kazakhstan,1989,KAZ,15.568,1191.714,2.388
Kazakhstan,1990,KAZ,15.588,1192.785,2.384
Kazakhstan,1991,KAZ,15.072,1157.501,2.333
Kazakhstan,1992,KAZ,13.473,1100.365,2.254
Kazakhstan,1993,KAZ,12.015,1226.761,2.838
Kazakhstan,1994,KAZ,10.248,1495.984,3.836
Kazakhstan,1995,KAZ,10.069,1383.199,3.875
Kazakhstan,1996,KAZ,9.425,1240.488,3.917
Kazakhstan,1997,KAZ,9.181,1125.257,3.938
Kazakhstan,1998,KAZ,9.306,1090.143,3.95
Kazakhstan,1999,KAZ,7.684,1102.062,4.197
Kazakhstan,2000,KAZ,9.173,1349.554,5.679
Kazakhstan,2001,KAZ,8.862,1433.245,5.382
Kazakhstan,2002,KAZ,10.013,1555.56,5.767
Kazakhstan,2003,KAZ,11.114,1492.319,5.074
Kazakhstan,2004,KAZ,11.702,1377.512,4.463
Kazakhstan,2005,KAZ,12.428,1322.523,4.196
Kazakhstan,2006,KAZ,13.639,1289.779,3.832
Kazakhstan,2007,KAZ,13.884,1336.789,3.613
Kazakhstan,2008,KAZ,13.764,1198.24,3.104
Kazakhstan,2009,KAZ,13.429,1086.375,3.18
Kazakhstan,2010,KAZ,14.735,1240.775,3.426
Kazakhstan,2011,KAZ,13.955,1196.736,2.948
Kazakhstan,2012,KAZ,14.172,1137.783,2.703
Kazakhstan,2013,KAZ,14.441,1126.957,2.709
Kazakhstan,2014,KAZ,16.79,1182.172,2.743
Kazakhstan,2015,KAZ,16.758,1322.601,3.77
Kazakhstan,2016,KAZ,16.431,1640.024,4.246
Kazakhstan,2017,KAZ,17.034,1560.867,3.815
Kazakhstan,2018,KAZ,17.408,1432.93,3.445
Kazakhstan,2019,KAZ,15.411,1430.069,3.447
Kazakhstan,2020,KAZ,14.464,1512.503,4.014
Kazakhstan,2021,KAZ,12.404,1570.31,3.78
Kazakhstan,2022,KAZ,13.694,1629.765,3.995
Kazakhstan,2023,KAZ,14.076,1734.645,4.179
Kazakhstan,2024,KAZ,13.937,2136.749,5.12
Kuwait,1965,KWT,67.905,0.0,0.0
Kuwait,1966,KWT,61.34,0.0,0.0
Kuwait,1967,KWT,40.472,0.0,0.0
Kuwait,1968,KWT,33.661,0.0,0.0
Kuwait,1969,KWT,35.772,0.0,0.0
Kuwait,1970,KWT,30.924,0.0,0.0
Kuwait,1971,KWT,31.347,0.0,0.0
Kuwait,1972,KWT,30.001,0.0,0.0
Kuwait,1973,KWT,24.776,0.0,0.0
Kuwait,1974,KWT,18.599,0.0,0.0
Kuwait,1975,KWT,15.217,0.0,0.0
Kuwait,1976,KWT,15.659,0.0,0.0
Kuwait,1977,KWT,13.675,0.0,0.0
Kuwait,1978,KWT,15.653,0.0,0.0
Kuwait,1979,KWT,12.395,0.0,0.0
Kuwait,1980,KWT,16.377,0.0,0.0
Kuwait,1981,KWT,15.901,0.0,0.0
Kuwait,1982,KWT,12.713,0.0,0.0
Kuwait,1983,KWT,12.371,0.0,0.0
Kuwait,1984,KWT,15.56,0.0,0.0
Kuwait,1985,KWT,15.373,0.0,0.0
Kuwait,1986,KWT,17.884,0.0,0.0
Kuwait,1987,KWT,15.309,0.0,0.0
Kuwait,1988,KWT,15.399,0.0,0.0
Kuwait,1989,KWT,16.161,0.0,0.0
Kuwait,1990,KWT,22.473,0.0,0.0
Kuwait,1991,KWT,364.791,0.0,0.0
Kuwait,1992,KWT,18.155,0.0,0.0
Kuwait,1993,KWT,29.401,0.0,0.0
Kuwait,1994,KWT,34.406,0.0,0.0
Kuwait,1995,KWT,33.46,0.0,0.0
Kuwait,1996,KWT,29.919,0.0,0.0
Kuwait,1997,KWT,31.753,0.0,0.0
Kuwait,1998,KWT,28.688,0.0,0.0
Kuwait,1999,KWT,28.992,0.0,0.0
Kuwait,2000,KWT,28.127,0.0,0.0
Kuwait,2001,KWT,29.44,0.0,0.0
Kuwait,2002,KWT,29.182,0.0,0.0
Kuwait,2003,KWT,29.618,0.0,0.0
Kuwait,2004,KWT,30.526,0.0,0.0
Kuwait,2005,KWT,33.358,0.0,0.0
Kuwait,2006,KWT,32.233,0.0,0.0
Kuwait,2007,KWT,30.821,0.0,0.0
Kuwait,2008,KWT,31.848,0.0,0.0
Kuwait,2009,KWT,31.777,0.0,0.0
Kuwait,2010,KWT,30.482,0.0,0.0
Kuwait,2011,KWT,27.819,0.0,0.0
Kuwait,2012,KWT,30.327,0.0,0.0
Kuwait,2013,KWT,23.675,0.133,0.0
Kuwait,2014,KWT,20.458,2.275,0.002
Kuwait,2015,KWT,24.337,3.361,0.003
Kuwait,2016,KWT,25.979,30.632,0.026
Kuwait,2017,KWT,24.072,32.02,0.028
Kuwait,2018,KWT,23.697,31.746,0.028
Kuwait,2019,KWT,23.559,34.647,0.035
Kuwait,2020,KWT,20.477,35.614,0.037
Kuwait,2021,KWT,20.15,119.743,0.111
Kuwait,2022,KWT,25.242,94.757,0.093
Kuwait,2023,KWT,25.454,86.456,0.084
Kuwait,2024,KWT,26.248,80.465,0.076
Latvia,1985,LVA,10.01,3207.964,7.824
Latvia,1986,LVA,9.081,3206.22,8.486
Latvia,1987,LVA,7.347,3912.881,11.486
Latvia,1988,LVA,7.113,3142.796,9.862
Latvia,1989,LVA,6.733,3759.066,11.87
Latvia,1990,LVA,7.391,4694.839,14.555
Latvia,1991,LVA,6.765,3434.297,11.502
Latvia,1992,LVA,5.428,2678.097,12.318
Latvia,1993,LVA,4.65,3116.01,16.32
Latvia,1994,LVA,4.113,3641.289,19.401
Latvia,1995,LVA,3.674,3281.779,18.407
Latvia,1996,LVA,3.748,2103.189,12.483
Latvia,1997,LVA,3.567,3373.432,19.779
Latvia,1998,LVA,3.446,4976.5,26.66
Latvia,1999,LVA,3.228,3205.545,19.963
Latvia,2000,LVA,2.99,3312.24,20.891
Latvia,2001,LVA,3.206,3354.417,19.382
Latvia,2002,LVA,3.254,2947.216,16.668
Latvia,2003,LVA,3.375,2787.342,15.783
Latvia,2004,LVA,3.415,3832.301,19.121
Latvia,2005,LVA,3.487,4120.609,19.73
Latvia,2006,LVA,3.745,3382.867,16.884
Latvia,2007,LVA,3.925,3435.782,16.497
Latvia,2008,LVA,3.765,3911.164,18.494
Latvia,2009,LVA,3.481,4388.24,21.616
Latvia,2010,LVA,4.078,4677.743,19.887
Latvia,2011,LVA,3.791,4040.573,18.86
Latvia,2012,LVA,3.696,5388.727,24.023
Latvia,2013,LVA,3.661,4754.261,21.731
Latvia,2014,LVA,3.597,3862.252,18.958
Latvia,2015,LVA,3.672,3938.322,18.663
Latvia,2016,LVA,3.679,4797.224,21.134
Latvia,2017,LVA,3.714,7392.975,29.607
Latvia,2018,LVA,4.069,5055.651,22.387
Latvia,2019,LVA,3.988,4659.669,19.894
Latvia,2020,LVA,3.682,5332.619,24.894
Latvia,2021,LVA,3.828,5456.933,24.165
Latvia,2022,LVA,3.513,5383.809,26.646
Latvia,2023,LVA,3.501,6758.425,31.776
Latvia,2024,LVA,3.452,6050.506,29.669
Lithuania,1985,LTU,11.372,306.697,0.607
Lithuania,1986,LTU,10.035,297.186,0.643
Lithuania,1987,LTU,9.944,277.513,0.578
Lithuania,1988,LTU,9.929,290.804,0.585
Lithuania,1989,LTU,9.961,288.959,0.541
Lithuania,1990,LTU,9.672,311.23,0.59
Lithuania,1991,LTU,10.218,253.657,0.457
Lithuania,1992,LTU,5.725,233.638,0.662
Lithuania,1993,LTU,4.434,296.632,1.064
Lithuania,1994,LTU,4.314,343.527,1.418
Lithuania,1995,LTU,4.151,285.663,1.051
Lithuania,1996,LTU,4.373,251.563,0.843
Lithuania,1997,LTU,4.243,229.317,0.822
Lithuania,1998,LTU,4.509,326.496,1.083
Lithuania,1999,LTU,3.818,326.435,1.314
Lithuania,2000,LTU,3.383,269.254,1.209
Lithuania,2001,LTU,3.626,260.702,1.01
Lithuania,2002,LTU,3.678,284.598,1.01
Lithuania,2003,LTU,3.707,265.778,0.896
Lithuania,2004,LTU,3.925,347.039,1.144
Lithuania,2005,LTU,4.173,384.241,1.363
Lithuania,2006,LTU,4.341,428.319,1.571
Lithuania,2007,LTU,4.789,676.678,2.221
Lithuania,2008,LTU,4.664,730.055,2.403
Lithuania,2009,LTU,4.056,772.807,2.737
Lithuania,2010,LTU,4.455,958.415,4.494
Lithuania,2011,LTU,4.609,1151.505,5.089
Lithuania,2012,LTU,4.703,1295.289,5.654
Lithuania,2013,LTU,4.444,1614.132,7.556
Lithuania,2014,LTU,4.379,1639.734,7.885
Lithuania,2015,LTU,4.489,1826.482,8.308
Lithuania,2016,LTU,4.566,2159.084,9.468
Lithuania,2017,LTU,4.693,2648.16,10.892
Lithuania,2018,LTU,4.787,2403.92,9.533
Lithuania,2019,LTU,4.883,2622.862,10.436
Lithuania,2020,LTU,4.829,2841.065,11.356
Lithuania,2021,LTU,4.93,3000.332,12.011
Lithuania,2022,LTU,4.578,3301.802,14.382
Lithuania,2023,LTU,4.382,4455.752,18.719
Lithuania,2024,LTU,4.387,5938.892,23.414
Lower-middle-income countries,1965,,0.374,79.488,8.12
Lower-middle-income countries,1966,,0.389,80.069,7.868
Lower-middle-income countries,1967,,0.384,86.805,8.376
Lower-middle-income countries,1968,,0.4,99.512,9.101
Lower-middle-income countries,1969,,0.409,109.589,9.531
Lower-middle-income countries,1970,,0.427,113.831,10.018
Lower-middle-income countries,1971,,0.446,122.875,10.708
Lower-middle-income countries,1972,,0.461,118.822,10.159
Lower-middle-income countries,1973,,0.479,121.137,10.264
Lower-middle-income countries,1974,,0.487,117.529,9.879
Lower-middle-income countries,1975,,0.492,133.622,10.706
Lower-middle-income countries,1976,,0.5,139.856,11.066
Lower-middle-income countries,1977,,0.506,149.001,11.345
Lower-middle-income countries,1978,,0.507,177.143,13.24
Lower-middle-income countries,1979,,0.532,172.01,12.38
Lower-middle-income countries,1980,,0.541,177.052,12.485
Lower-middle-income countries,1981,,0.548,185.502,12.305
Lower-middle-income countries,1982,,0.551,164.57,10.966
Lower-middle-income countries,1983,,0.561,160.104,10.384
Lower-middle-income countries,1984,,0.562,173.125,10.904
Lower-middle-income countries,1985,,0.586,177.332,9.208
Lower-middle-income countries,1986,,0.597,171.701,8.728
Lower-middle-income countries,1987,,0.606,168.725,8.243
Lower-middle-income countries,1988,,0.631,180.299,8.484
Lower-middle-income countries,1989,,0.632,195.158,8.755
Lower-middle-income countries,1990,,0.645,200.348,8.686
Lower-middle-income countries,1991,,0.654,208.402,8.938
Lower-middle-income countries,1992,,0.677,199.921,8.459
Lower-middle-income countries,1993,,0.689,204.042,8.504
Lower-middle-income countries,1994,,0.722,219.612,8.941
Lower-middle-income countries,1995,,0.745,212.208,8.247
Lower-middle-income countries,1996,,0.785,207.052,7.85
Lower-middle-income countries,1997,,0.806,195.055,7.23
Lower-middle-income countries,1998,,0.812,218.852,7.888
Lower-middle-income countries,1999,,0.842,220.719,7.794
Lower-middle-income countries,2000,,0.859,208.507,7.178
Lower-middle-income countries,2001,,0.852,202.473,6.996
Lower-middle-income countries,2002,,0.857,194.265,6.621
Lower-middle-income countries,2003,,0.878,200.1,6.745
Lower-middle-income countries,2004,,0.908,237.555,7.548
Lower-middle-income countries,2005,,0.933,231.452,7.134
Lower-middle-income countries,2006,,0.966,255.201,7.74
Lower-middle-income countries,2007,,1.004,269.987,7.763
Lower-middle-income countries,2008,,1.043,261.729,7.274
Lower-middle-income countries,2009,,1.076,257.425,6.888
Lower-middle-income countries,2010,,1.113,262.585,6.849
Lower-middle-income countries,2011,,1.157,299.548,7.555
Lower-middle-income countries,2012,,1.198,276.529,6.825
Lower-middle-income countries,2013,,1.216,319.435,7.75
Lower-middle-income countries,2014,,1.28,330.525,7.716
Lower-middle-income countries,2015,,1.313,317.393,7.23
Lower-middle-income countries,2016,,1.373,330.835,7.293
Lower-middle-income countries,2017,,1.407,364.034,7.797
Lower-middle-income countries,2018,,1.454,386.934,7.989
Lower-middle-income countries,2019,,1.478,408.644,8.306
Lower-middle-income countries,2020,,1.406,427.727,9.233
Lower-middle-income countries,2021,,1.497,460.788,9.355
Lower-middle-income countries,2022,,1.52,513.555,10.154
Lower-middle-income countries,2023,,1.583,506.551,9.64
Lower-middle-income countries,2024,,1.63,541.662,9.949
Luxembourg,1965,LUX,37.014,728.016,0.574
Luxembourg,1966,LUX,34.879,648.475,0.539
Luxembourg,1967,LUX,33.861,726.534,0.618
Luxembourg,1968,LUX,36.397,738.774,0.584
Luxembourg,1969,LUX,38.991,640.487,0.472
Luxembourg,1970,LUX,40.499,705.739,0.502
Luxembourg,1971,LUX,38.594,395.838,0.295
Luxembourg,1972,LUX,39.009,461.207,0.338
Luxembourg,1973,LUX,40.604,403.558,0.281
Luxembourg,1974,LUX,41.054,592.33,0.409
Luxembourg,1975,LUX,33.554,508.494,0.426
Luxembourg,1976,LUX,33.342,318.415,0.268
Luxembourg,1977,LUX,30.586,723.032,0.656
Luxembourg,1978,LUX,32.917,705.356,0.62
Luxembourg,1979,LUX,33.514,762.81,0.655
Luxembourg,1980,LUX,30.456,787.538,0.735
Luxembourg,1981,LUX,26.036,857.004,0.938
Luxembourg,1982,LUX,24.466,777.039,0.909
Luxembourg,1983,LUX,22.904,758.925,0.951
Luxembourg,1984,LUX,24.618,814.444,0.948
Luxembourg,1985,LUX,25.201,680.768,0.773
Luxembourg,1986,LUX,24.741,793.321,0.926
Luxembourg,1987,LUX,23.767,935.175,1.163
Luxembourg,1988,LUX,24.354,875.754,1.071
Luxembourg,1989,LUX,26.101,673.047,0.724
Luxembourg,1990,LUX,30.938,611.785,0.629
Luxembourg,1991,LUX,32.109,716.119,0.694
Luxembourg,1992,LUX,31.098,589.904,0.578
Luxembourg,1993,LUX,31.062,584.291,0.572
Luxembourg,1994,LUX,28.624,710.422,0.733
Luxembourg,1995,LUX,22.375,747.997,0.9
Luxembourg,1996,LUX,22.2,519.46,0.616
Luxembourg,1997,LUX,20.402,696.376,0.855
Luxembourg,1998,LUX,18.052,950.913,1.224
Luxembourg,1999,LUX,18.886,802.536,0.99
Luxembourg,2000,LUX,19.953,1104.59,1.296
Luxembourg,2001,LUX,20.838,1069.861,1.186
Luxembourg,2002,LUX,22.354,951.82,0.975
Luxembourg,2003,LUX,23.129,881.363,0.872
Luxembourg,2004,LUX,25.782,1192.98,1.057
Luxembourg,2005,LUX,25.949,1250.901,1.108
Luxembourg,2006,LUX,25.177,1441.568,1.321
Luxembourg,2007,LUX,23.533,2590.495,2.484
Luxembourg,2008,LUX,22.836,2627.851,2.585
Luxembourg,2009,LUX,21.316,2438.405,2.554
Luxembourg,2010,LUX,22.054,2396.122,2.428
Luxembourg,2011,LUX,21.384,2343.275,2.491
Luxembourg,2012,LUX,20.45,2618.73,2.902
Luxembourg,2013,LUX,18.999,2982.924,3.551
Luxembourg,2014,LUX,17.629,3372.06,4.242
Luxembourg,2015,LUX,16.389,3699.802,4.903
Luxembourg,2016,LUX,15.556,3848.733,5.297
Luxembourg,2017,LUX,15.509,4844.0,6.526
Luxembourg,2018,LUX,15.715,5307.337,6.964
Luxembourg,2019,LUX,15.722,5872.477,7.718
Luxembourg,2020,LUX,12.796,6797.622,10.605
Luxembourg,2021,LUX,13.134,6682.228,9.928
Luxembourg,2022,LUX,11.135,6536.369,11.035
Luxembourg,2023,LUX,10.285,7094.914,12.572
Luxembourg,2024,LUX,10.46,8390.462,14.278
Malaysia,1965,MYS,0.925,180.044,4.944
Malaysia,1966,MYS,1.059,207.031,5.039
Malaysia,1967,MYS,1.065,211.83,4.915
Malaysia,1968,MYS,1.083,229.642,5.272
Malaysia,1969,MYS,0.919,283.15,6.063
Malaysia,1970,MYS,1.433,328.024,7.58
Malaysia,1971,MYS,1.599,278.751,5.899
Malaysia,1972,MYS,1.677,300.234,5.843
Malaysia,1973,MYS,1.601,281.445,5.322
Malaysia,1974,MYS,1.7,249.484,4.765
Malaysia,1975,MYS,1.695,243.348,4.615
Malaysia,1976,MYS,2.034,224.112,3.897
Malaysia,1977,MYS,1.879,177.481,2.7
Malaysia,1978,MYS,1.887,203.678,2.381
Malaysia,1979,MYS,2.162,242.744,2.529
Malaysia,1980,MYS,2.159,301.402,3.088
Malaysia,1981,MYS,2.304,323.686,3.311
Malaysia,1982,MYS,2.215,301.753,2.975
Malaysia,1983,MYS,2.663,340.118,3.017
Malaysia,1984,MYS,2.358,649.593,5.532
Malaysia,1985,MYS,2.382,686.313,6.097
Malaysia,1986,MYS,2.544,726.258,6.075
Malaysia,1987,MYS,2.511,847.47,7.105
Malaysia,1988,MYS,2.552,947.435,7.796
Malaysia,1989,MYS,2.893,849.387,6.433
Malaysia,1990,MYS,3.043,627.216,4.645
Malaysia,1991,MYS,3.586,673.803,4.096
Malaysia,1992,MYS,3.874,632.112,3.497
Malaysia,1993,MYS,4.482,697.655,3.937
Malaysia,1994,MYS,4.415,908.573,4.956
Malaysia,1995,MYS,5.391,849.568,4.343
Malaysia,1996,MYS,5.281,690.645,3.241
Malaysia,1997,MYS,5.542,542.294,2.248
Malaysia,1998,MYS,5.011,565.149,2.498
Malaysia,1999,MYS,4.635,935.025,3.965
Malaysia,2000,MYS,5.35,923.547,3.472
Malaysia,2001,MYS,5.564,788.512,2.964
Malaysia,2002,MYS,5.478,667.955,2.442
Malaysia,2003,MYS,6.215,614.709,2.124
Malaysia,2004,MYS,6.718,669.29,2.19
Malaysia,2005,MYS,6.579,696.677,2.155
Malaysia,2006,MYS,6.441,716.493,2.242
Malaysia,2007,MYS,6.499,688.082,2.063
Malaysia,2008,MYS,6.995,855.354,2.527
Malaysia,2009,MYS,6.831,799.638,2.488
Malaysia,2010,MYS,6.957,717.595,2.202
Malaysia,2011,MYS,6.977,880.435,2.703
Malaysia,2012,MYS,7.18,1007.661,2.877
Malaysia,2013,MYS,8.009,1198.704,3.328
Malaysia,2014,MYS,7.983,1312.74,3.679
Malaysia,2015,MYS,7.554,1370.665,3.849
Malaysia,2016,MYS,7.464,1824.066,4.961
Malaysia,2017,MYS,7.555,2309.812,6.312
Malaysia,2018,MYS,7.981,2319.786,6.332
Malaysia,2019,MYS,8.303,2378.372,6.431
Malaysia,2020,MYS,7.736,2524.032,7.175
Malaysia,2021,MYS,7.973,2779.111,7.646
Malaysia,2022,MYS,8.125,3047.833,7.833
Malaysia,2023,MYS,7.866,3048.646,8.117
Malaysia,2024,MYS,8.162,3205.388,8.282
Mexico,1965,MEX,1.741,570.231,8.439
Mexico,1966,MEX,1.811,629.758,9.102
Mexico,1967,MEX,1.951,663.409,9.728
Mexico,1968,MEX,1.97,736.688,10.253
Mexico,1969,MEX,2.075,756.378,9.903
Mexico,1970,MEX,2.242,820.242,10.385
Mexico,1971,MEX,2.407,772.291,9.587
Mexico,1972,MEX,2.448,798.474,9.242
Mexico,1973,MEX,2.588,825.945,9.13
Mexico,1974,MEX,2.699,834.924,8.626
Mexico,1975,MEX,2.782,742.441,7.385
Mexico,1976,MEX,3.029,820.175,7.883
Mexico,1977,MEX,3.087,885.335,8.29
Mexico,1978,MEX,3.471,733.302,6.257
Mexico,1979,MEX,3.658,810.472,6.417
Mexico,1980,MEX,3.977,740.436,5.515
Mexico,1981,MEX,4.116,1036.343,7.154
Mexico,1982,MEX,4.313,961.588,6.509
Mexico,1983,MEX,3.855,858.951,6.006
Mexico,1984,MEX,3.761,952.481,6.501
Mexico,1985,MEX,3.827,1120.589,7.443
Mexico,1986,MEX,3.829,910.954,6.355
Mexico,1987,MEX,3.914,862.287,5.938
Mexico,1988,MEX,3.832,942.763,6.574
Mexico,1989,MEX,3.978,1046.654,7.048
Mexico,1990,MEX,3.825,1014.495,6.385
Mexico,1991,MEX,3.907,960.35,5.984
Mexico,1992,MEX,3.864,1096.938,6.836
Mexico,1993,MEX,3.853,1076.589,6.828
Mexico,1994,MEX,3.938,848.875,5.181
Mexico,1995,MEX,3.642,1064.702,6.739
Mexico,1996,MEX,3.694,1150.916,7.227
Mexico,1997,MEX,3.855,974.92,6.075
Mexico,1998,MEX,3.987,916.115,5.574
Mexico,1999,MEX,3.975,1131.349,6.9
Mexico,2000,MEX,3.969,1142.97,6.665
Mexico,2001,MEX,4.071,989.73,5.91
Mexico,2002,MEX,4.04,866.902,5.125
Mexico,2003,MEX,4.234,745.21,4.41
Mexico,2004,MEX,4.201,880.067,4.989
Mexico,2005,MEX,4.38,954.173,5.005
Mexico,2006,MEX,4.424,987.774,5.178
Mexico,2007,MEX,4.354,920.493,4.846
Mexico,2008,MEX,4.285,1176.672,6.043
Mexico,2009,MEX,4.11,860.881,4.559
Mexico,2010,MEX,4.017,1111.417,5.953
Mexico,2011,MEX,4.194,1078.2,5.602
Mexico,2012,MEX,4.293,995.117,5.194
Mexico,2013,MEX,4.186,914.872,4.834
Mexico,2014,MEX,4.041,1193.967,6.426
Mexico,2015,MEX,3.96,1065.917,5.862
Mexico,2016,MEX,3.917,1065.208,5.731
Mexico,2017,MEX,3.763,1087.424,5.77
Mexico,2018,MEX,3.76,1160.38,6.343
Mexico,2019,MEX,3.723,1190.531,6.641
Mexico,2020,MEX,3.383,1410.265,8.668
Mexico,2021,MEX,3.501,1635.596,9.538
Mexico,2022,MEX,3.528,1643.979,9.243
Mexico,2023,MEX,3.532,1396.725,7.928
Mexico,2024,MEX,3.523,1451.162,8.251
Morocco,1965,MAR,0.321,254.506,19.206
Morocco,1966,MAR,0.402,215.324,12.622
Morocco,1967,MAR,0.387,185.342,10.579
Morocco,1968,MAR,0.392,204.831,11.19
Morocco,1969,MAR,0.395,257.902,13.211
Morocco,1970,MAR,0.481,247.126,12.408
Morocco,1971,MAR,0.527,271.924,13.191
Morocco,1972,MAR,0.504,278.394,12.812
Morocco,1973,MAR,0.589,202.809,8.591
Morocco,1974,MAR,0.663,221.939,9.016
Morocco,1975,MAR,0.645,164.553,6.731
Morocco,1976,MAR,0.654,157.744,6.098
Morocco,1977,MAR,0.701,210.476,7.443
Morocco,1978,MAR,0.703,212.873,7.273
Morocco,1979,MAR,0.836,231.828,7.285
Morocco,1980,MAR,0.813,216.256,6.955
Morocco,1981,MAR,0.786,142.326,4.84
Morocco,1982,MAR,0.824,77.43,2.62
Morocco,1983,MAR,0.837,63.441,2.145
Morocco,1984,MAR,0.817,47.081,1.61
Morocco,1985,MAR,0.8,61.047,2.07
Morocco,1986,MAR,0.827,79.029,2.649
Morocco,1987,MAR,0.863,99.403,3.301
Morocco,1988,MAR,0.891,110.636,3.546
Morocco,1989,MAR,0.947,134.251,3.985
Morocco,1990,MAR,0.915,139.028,4.106
Morocco,1991,MAR,0.955,137.326,4.074
Morocco,1992,MAR,0.981,106.208,2.861
Morocco,1993,MAR,1.046,48.041,1.3
Morocco,1994,MAR,1.082,89.741,2.237
Morocco,1995,MAR,1.089,64.29,1.658
Morocco,1996,MAR,1.101,202.779,5.092
Morocco,1997,MAR,1.102,212.62,5.214
Morocco,1998,MAR,1.118,178.704,4.334
Morocco,1999,MAR,1.141,81.766,1.936
Morocco,2000,MAR,1.168,76.424,1.851
Morocco,2001,MAR,1.277,102.398,2.328
Morocco,2002,MAR,1.278,97.21,2.185
Morocco,2003,MAR,1.237,151.539,3.443
Morocco,2004,MAR,1.41,161.979,3.273
Morocco,2005,MAR,1.471,103.699,1.954
Morocco,2006,MAR,1.503,101.3,1.895
Morocco,2007,MAR,1.568,100.715,1.927
Morocco,2008,MAR,1.625,101.353,1.78
Morocco,2009,MAR,1.588,242.508,4.431
Morocco,2010,MAR,1.674,331.001,5.532
Morocco,2011,MAR,1.667,212.346,3.421
Morocco,2012,MAR,1.707,182.285,2.923
Morocco,2013,MAR,1.675,302.779,4.796
Morocco,2014,MAR,1.672,264.929,4.187
Morocco,2015,MAR,1.69,322.612,5.072
Morocco,2016,MAR,1.669,334.112,5.258
Morocco,2017,MAR,1.724,326.896,4.972
Morocco,2018,MAR,1.739,450.064,6.699
Morocco,2019,MAR,1.898,515.642,7.11
Morocco,2020,MAR,1.764,471.05,7.142
Morocco,2021,MAR,1.902,516.225,7.126
Morocco,2022,MAR,1.869,470.866,6.616
Morocco,2023,MAR,1.829,570.368,7.974
Morocco,2024,MAR,1.814,626.098,8.673
Netherlands,1965,NLD,8.163,0.0,0.0
Netherlands,1966,NLD,8.309,0.0,0.0
Netherlands,1967,NLD,8.462,0.0,0.0
Netherlands,1968,NLD,8.905,0.0,0.0
Netherlands,1969,NLD,8.984,0.0,0.0
Netherlands,1970,NLD,10.865,0.0,0.0
Netherlands,1971,NLD,10.65,0.0,0.0
Netherlands,1972,NLD,11.804,0.0,0.0
Netherlands,1973,NLD,12.284,0.0,0.0
Netherlands,1974,NLD,11.799,0.0,0.0
Netherlands,1975,NLD,11.15,183.433,0.305
Netherlands,1976,NLD,12.268,197.655,0.304
Netherlands,1977,NLD,11.797,195.36,0.308
Netherlands,1978,NLD,12.168,271.205,0.421
Netherlands,1979,NLD,13.31,245.993,0.372
Netherlands,1980,NLD,12.472,225.946,0.367
Netherlands,1981,NLD,11.506,237.727,0.41
Netherlands,1982,NLD,9.313,57.774,0.108
Netherlands,1983,NLD,9.541,50.141,0.094
Netherlands,1984,NLD,9.962,3.673,0.007
Netherlands,1985,NLD,10.109,95.362,0.169
Netherlands,1986,NLD,9.846,118.91,0.201
Netherlands,1987,NLD,10.288,149.548,0.25
Netherlands,1988,NLD,9.821,179.373,0.301
Netherlands,1989,NLD,10.835,199.661,0.335
Netherlands,1990,NLD,10.847,165.354,0.273
Netherlands,1991,NLD,11.314,189.843,0.31
Netherlands,1992,NLD,11.212,202.559,0.33
Netherlands,1993,NLD,11.123,223.431,0.363
Netherlands,1994,NLD,11.104,250.125,0.414
Netherlands,1995,NLD,11.146,276.639,0.442
Netherlands,1996,NLD,11.671,355.125,0.546
Netherlands,1997,NLD,11.159,391.286,0.616
Netherlands,1998,NLD,11.145,446.645,0.703
Netherlands,1999,NLD,10.731,479.64,0.77
Netherlands,2000,NLD,10.72,561.125,0.895
Netherlands,2001,NLD,10.966,618.44,0.958
Netherlands,2002,NLD,10.851,738.114,1.15
Netherlands,2003,NLD,11.008,722.942,1.124
Netherlands,2004,NLD,11.086,961.867,1.452
Netherlands,2005,NLD,10.818,1358.866,2.013
Netherlands,2006,NLD,10.506,1478.264,2.24
Netherlands,2007,NLD,10.467,1566.805,2.341
Netherlands,2008,NLD,10.598,1854.887,2.817
Netherlands,2009,NLD,10.215,2146.828,3.323
Netherlands,2010,NLD,10.88,2118.464,3.039
Netherlands,2011,NLD,10.05,2342.906,3.546
Netherlands,2012,NLD,9.799,2374.018,3.67
Netherlands,2013,NLD,9.72,2258.202,3.61
Netherlands,2014,NLD,9.249,2175.46,3.651
Netherlands,2015,NLD,9.584,2414.153,4.031
Netherlands,2016,NLD,9.579,2506.286,4.139
Netherlands,2017,NLD,9.373,2906.195,4.795
Netherlands,2018,NLD,9.085,3233.912,5.505
Netherlands,2019,NLD,8.709,3894.91,6.709
Netherlands,2020,NLD,7.766,5435.693,9.735
Netherlands,2021,NLD,7.89,6538.391,11.483
Netherlands,2022,NLD,7.121,7629.425,14.417
Netherlands,2023,NLD,6.468,8561.005,16.63
Netherlands,2024,NLD,6.297,9120.874,18.119
New Zealand,1965,NZL,5.191,12153.434,38.232
New Zealand,1966,NZL,5.219,12771.978,38.495
New Zealand,1967,NZL,5.004,12746.045,38.718
New Zealand,1968,NZL,4.891,13341.855,40.06
New Zealand,1969,NZL,5.12,13097.934,39.058
New Zealand,1970,NZL,5.024,13880.646,37.702
New Zealand,1971,NZL,5.249,15314.168,40.438
New Zealand,1972,NZL,5.546,15870.379,39.986
New Zealand,1973,NZL,6.11,15380.912,37.984
New Zealand,1974,NZL,6.169,16009.484,39.815
New Zealand,1975,NZL,5.905,17087.58,42.64
New Zealand,1976,NZL,6.156,15823.428,38.524
New Zealand,1977,NZL,6.469,14990.058,35.864
New Zealand,1978,NZL,5.736,15833.428,38.342
New Zealand,1979,NZL,5.25,18175.223,43.582
New Zealand,1980,NZL,5.556,19054.471,45.717
New Zealand,1981,NZL,5.241,19217.461,46.194
New Zealand,1982,NZL,5.736,17894.27,41.855
New Zealand,1983,NZL,5.591,18970.934,43.192
New Zealand,1984,NZL,5.95,19473.254,42.204
New Zealand,1985,NZL,6.688,18673.619,40.366
New Zealand,1986,NZL,6.993,20689.246,41.711
New Zealand,1987,NZL,7.324,20429.537,40.944
New Zealand,1988,NZL,7.674,21202.461,41.01
New Zealand,1989,NZL,7.635,21212.939,40.259
New Zealand,1990,NZL,7.504,21675.588,40.273
New Zealand,1991,NZL,7.518,21072.354,39.293
New Zealand,1992,NZL,7.971,19303.381,36.402
New Zealand,1993,NZL,7.764,21075.979,39.094
New Zealand,1994,NZL,7.701,22474.469,40.072
New Zealand,1995,NZL,7.617,23388.635,40.821
New Zealand,1996,NZL,7.853,21981.324,38.333
New Zealand,1997,NZL,8.277,19635.914,34.585
New Zealand,1998,NZL,7.828,21181.328,37.698
New Zealand,1999,NZL,8.198,19524.355,34.58
New Zealand,2000,NZL,8.353,20712.252,35.364
New Zealand,2001,NZL,8.828,18322.582,31.767
New Zealand,2002,NZL,8.737,20017.92,34.139
New Zealand,2003,NZL,9.004,18646.236,33.366
New Zealand,2004,NZL,8.768,20913.676,36.99
New Zealand,2005,NZL,9.045,18442.223,33.787
New Zealand,2006,NZL,8.92,18512.279,34.047
New Zealand,2007,NZL,8.615,18629.203,34.701
New Zealand,2008,NZL,8.796,18087.959,33.836
New Zealand,2009,NZL,8.037,19730.23,37.362
New Zealand,2010,NZL,8.001,20554.561,38.311
New Zealand,2011,NZL,7.813,20962.76,39.187
New Zealand,2012,NZL,8.142,19700.959,36.696
New Zealand,2013,NZL,7.908,19711.93,36.769
New Zealand,2014,NZL,7.827,20720.326,37.452
New Zealand,2015,NZL,7.76,20851.242,38.143
New Zealand,2016,NZL,7.24,21035.561,38.817
New Zealand,2017,NZL,7.41,20038.508,37.085
New Zealand,2018,NZL,7.282,20107.986,38.098
New Zealand,2019,NZL,7.358,19517.045,36.9
New Zealand,2020,NZL,6.728,18595.084,39.275
New Zealand,2021,NZL,6.773,18690.176,40.316
New Zealand,2022,NZL,6.229,19700.674,43.295
New Zealand,2023,NZL,6.101,19614.064,42.265
New Zealand,2024,NZL,6.229,19150.08,42.554
North America,1965,,12.837,3234.473,5.873
North America,1966,,13.227,3326.066,5.82
North America,1967,,13.563,3552.188,6.106
North America,1968,,13.867,3554.115,5.859
North America,1969,,14.319,3882.903,6.179
North America,1970,,15.207,3877.767,6.031
North America,1971,,15.11,4021.184,6.223
North America,1972,,15.613,4199.375,6.264
North America,1973,,16.058,4262.117,6.158
North America,1974,,15.382,4576.811,6.822
North America,1975,,14.657,4418.623,6.84
North America,1976,,15.149,4365.742,6.503
North America,1977,,15.341,3895.903,5.711
North America,1978,,15.635,4418.015,6.411
North America,1979,,15.584,4457.528,6.458
North America,1980,,14.962,4423.4,6.684
North America,1981,,14.251,4433.368,6.938
North America,1982,,13.469,4650.423,7.663
North America,1983,,13.267,4829.088,8.104
North America,1984,,13.495,4905.11,7.927
North America,1985,,13.391,4724.276,7.712
North America,1986,,13.161,4775.782,7.836
North America,1987,,13.578,4504.354,7.242
North America,1988,,13.964,4233.269,6.61
North America,1989,,14.006,4466.389,6.899
North America,1990,,14.18,4667.234,7.296
North America,1991,,13.855,4663.506,7.393
North America,1992,,13.927,4483.317,7.096
North America,1993,,13.978,4666.401,7.337
North America,1994,,14.05,4481.862,6.979
North America,1995,,14.011,4815.636,7.445
North America,1996,,14.292,5126.608,7.77
North America,1997,,14.367,5070.261,7.707
North America,1998,,14.388,4712.398,7.199
North America,1999,,14.407,4793.782,7.272
North America,2000,,14.786,4579.663,6.84
North America,2001,,14.397,3994.073,6.158
North America,2002,,14.349,4339.503,6.652
North America,2003,,14.406,4282.026,6.604
North America,2004,,14.443,4282.571,6.537
North America,2005,,14.367,4426.021,6.784
North America,2006,,14.083,4545.666,7.1
North America,2007,,14.12,4446.434,6.892
North America,2008,,13.54,4745.171,7.589
North America,2009,,12.486,4834.3,8.193
North America,2010,,12.715,4879.896,8.128
North America,2011,,12.402,5397.134,9.087
North America,2012,,11.92,5290.877,9.189
North America,2013,,12.05,5452.971,9.348
North America,2014,,12.008,5504.293,9.453
North America,2015,,11.605,5553.576,9.695
North America,2016,,11.249,5874.753,10.359
North America,2017,,11.043,6234.264,11.027
North America,2018,,11.246,6252.658,10.845
North America,2019,,10.953,6280.246,11.066
North America,2020,,9.761,6516.22,12.478
North America,2021,,10.352,6770.327,12.411
North America,2022,,10.39,7235.16,13.036
North America,2023,,10.097,7062.49,12.965
North America,2024,,9.991,7415.347,13.562
North Macedonia,1990,MKD,5.378,660.898,4.612
North Macedonia,1991,MKD,3.788,1145.697,8.041
North Macedonia,1992,MKD,4.13,1158.936,7.83
North Macedonia,1993,MKD,3.787,722.524,4.804
North Macedonia,1994,MKD,3.966,968.829,6.818
North Macedonia,1995,MKD,3.966,1113.318,7.805
North Macedonia,1996,MKD,4.679,1173.192,7.127
North Macedonia,1997,MKD,4.169,1234.102,8.375
North Macedonia,1998,MKD,4.735,1476.428,8.919
North Macedonia,1999,MKD,4.288,1883.871,11.962
North Macedonia,2000,MKD,4.116,1579.776,10.608
North Macedonia,2001,MKD,4.013,836.898,5.981
North Macedonia,2002,MKD,3.778,999.755,7.348
North Macedonia,2003,MKD,4.1,1798.712,11.797
North Macedonia,2004,MKD,3.944,1924.804,12.822
North Macedonia,2005,MKD,4.113,1919.196,12.409
North Macedonia,2006,MKD,4.141,2111.668,13.409
North Macedonia,2007,MKD,4.329,1290.205,8.212
North Macedonia,2008,MKD,4.315,1077.369,7.049
North Macedonia,2009,MKD,4.002,1628.31,10.849
North Macedonia,2010,MKD,3.988,3088.4,18.923
North Macedonia,2011,MKD,4.324,1822.556,11.084
North Macedonia,2012,MKD,4.171,1328.341,8.636
North Macedonia,2013,MKD,3.702,2028.882,13.683
North Macedonia,2014,MKD,3.587,1646.927,11.857
North Macedonia,2015,MKD,3.393,2601.456,17.673
North Macedonia,2016,MKD,3.368,2659.653,17.241
North Macedonia,2017,MKD,3.653,1686.774,11.201
North Macedonia,2018,MKD,3.466,2565.424,16.351
North Macedonia,2019,MKD,4.018,1772.26,10.903
North Macedonia,2020,MKD,3.729,1966.569,13.396
North Macedonia,2021,MKD,3.521,2228.248,14.348
North Macedonia,2022,MKD,3.995,2163.208,13.053
North Macedonia,2023,MKD,4.006,2956.764,16.833
North Macedonia,2024,MKD,3.631,2576.669,16.037
Norway,1965,NOR,4.402,36895.051,66.502
Norway,1966,NOR,5.207,36079.84,63.971
Norway,1967,NOR,5.101,39126.316,65.187
Norway,1968,NOR,5.533,43823.957,65.743
Norway,1969,NOR,5.769,41422.223,62.426
Norway,1970,NOR,7.22,41435.672,60.02
Norway,1971,NOR,6.961,45014.504,62.513
Norway,1972,NOR,7.474,47615.965,62.848
Norway,1973,NOR,7.699,51105.504,64.158
Norway,1974,NOR,6.948,53388.789,66.946
Norway,1975,NOR,7.636,53602.652,66.598
Norway,1976,NOR,8.279,56527.391,65.944
Norway,1977,NOR,8.238,49480.164,62.82
Norway,1978,NOR,8.038,55235.691,62.729
Norway,1979,NOR,8.502,60499.293,64.445
Norway,1980,NOR,7.778,56847.988,63.822
Norway,1981,NOR,7.758,62900.648,67.236
Norway,1982,NOR,7.513,62444.172,67.812
Norway,1983,NOR,7.739,71112.93,70.602
Norway,1984,NOR,8.167,71057.273,69.836
Norway,1985,NOR,7.775,68493.617,68.189
Norway,1986,NOR,8.347,64144.484,65.58
Norway,1987,NOR,7.931,68532.969,67.066
Norway,1988,NOR,8.455,71853.445,68.65
Norway,1989,NOR,8.079,77829.711,70.15
Norway,1990,NOR,8.254,79496.461,71.558
Norway,1991,NOR,7.853,71940.023,70.179
Norway,1992,NOR,8.026,75776.047,71.026
Norway,1993,NOR,8.337,76992.594,70.755
Norway,1994,NOR,8.731,71714.641,68.297
Norway,1995,NOR,8.825,77658.844,69.429
Norway,1996,NOR,9.482,66073.586,64.532
Norway,1997,NOR,9.454,69401.828,65.003
Norway,1998,NOR,9.441,72726.047,65.899
Norway,1999,NOR,9.55,75819.195,67.145
Norway,2000,NOR,9.381,87920.648,70.793
Norway,2001,NOR,9.642,73921.734,66.998
Norway,2002,NOR,9.381,78326.094,68.324
Norway,2003,NOR,9.622,63324.148,62.65
Norway,2004,NOR,9.638,64598.852,63.413
Norway,2005,NOR,9.361,79416.359,68.685
Norway,2006,NOR,9.411,69117.461,65.662
Norway,2007,NOR,9.685,76318.305,67.798
Norway,2008,NOR,9.373,77903.562,69.317
Norway,2009,NOR,8.926,69006.656,67.628
Norway,2010,NOR,9.339,63152.953,64.629
Norway,2011,NOR,9.04,64073.328,65.624
Norway,2012,NOR,8.819,74095.961,69.202
Norway,2013,NOR,8.767,66000.477,66.873
Norway,2014,NOR,8.754,68644.297,67.914
Norway,2015,NOR,8.772,68681.938,67.676
Norway,2016,NOR,8.539,70388.734,69.046
Norway,2017,NOR,8.376,70073.414,68.894
Norway,2018,NOR,8.372,67854.18,68.132
Norway,2019,NOR,8.016,61763.324,66.741
Norway,2020,NOR,7.673,70265.406,70.963
Norway,2021,NOR,7.592,71890.391,71.305
Norway,2022,NOR,7.483,65355.957,69.648
Norway,2023,NOR,7.043,67630.133,70.758
Norway,2024,NOR,6.668,68576.234,71.812
Oceania,1965,,7.398,3083.792,10.691
Oceania,1966,,7.403,3088.629,10.408
Oceania,1967,,7.611,3095.434,10.109
Oceania,1968,,7.841,3198.482,10.087
Oceania,1969,,8.129,3229.548,10.008
Oceania,1970,,8.582,3500.591,10.152
Oceania,1971,,8.573,3827.857,10.874
Oceania,1972,,8.547,3869.266,10.718
Oceania,1973,,9.341,3882.022,10.283
Oceania,1974,,9.045,4172.159,10.649
Oceania,1975,,9.193,4442.06,11.329
Oceania,1976,,8.952,4134.275,10.321
Oceania,1977,,9.451,3890.342,9.405
Oceania,1978,,9.62,4100.478,9.782
Oceania,1979,,9.511,4325.016,10.104
Oceania,1980,,9.977,4293.797,10.13
Oceania,1981,,10.19,4312.095,10.186
Oceania,1982,,10.261,3971.231,9.563
Oceania,1983,,9.656,3993.286,9.798
Oceania,1984,,9.977,4140.838,9.925
Oceania,1985,,10.247,4083.307,9.682
Oceania,1986,,10.116,4305.789,10.096
Oceania,1987,,10.434,4176.655,9.702
Oceania,1988,,10.558,4330.721,9.774
Oceania,1989,,11.01,4278.149,9.382
Oceania,1990,,11.629,4359.397,9.503
Oceania,1991,,11.506,4360.078,9.7
Oceania,1992,,11.582,4129.997,9.206
Oceania,1993,,11.568,4367.938,9.652
Oceania,1994,,11.58,4496.609,9.692
Oceania,1995,,11.798,4548.358,9.693
Oceania,1996,,11.902,4386.026,9.248
Oceania,1997,,12.07,4061.39,8.518
Oceania,1998,,12.331,4212.362,8.791
Oceania,1999,,12.501,4011.891,8.2
Oceania,2000,,12.555,4111.928,8.436
Oceania,2001,,12.683,3745.437,7.761
Oceania,2002,,12.654,3978.533,8.2
Oceania,2003,,12.786,3847.261,7.997
Oceania,2004,,12.931,4161.417,8.52
Oceania,2005,,12.872,3942.798,8.199
Oceania,2006,,12.837,3950.955,8.051
Oceania,2007,,12.837,3853.19,7.838
Oceania,2008,,12.725,3638.419,7.434
Oceania,2009,,12.47,3853.061,8.133
Oceania,2010,,12.212,4050.497,8.679
Oceania,2011,,11.974,4635.758,9.823
Oceania,2012,,11.816,4399.69,9.592
Oceania,2013,,11.422,4676.262,10.257
Oceania,2014,,11.166,4562.669,10.054
Oceania,2015,,11.188,4709.264,10.348
Oceania,2016,,11.2,5024.882,11.195
Oceania,2017,,11.119,4707.645,10.676
Oceania,2018,,10.997,5268.016,12.016
Oceania,2019,,10.844,5468.968,12.292
Oceania,2020,,10.258,5817.723,14.124
Oceania,2021,,9.913,6491.483,15.941
Oceania,2022,,9.679,7089.944,16.976
Oceania,2023,,9.562,7390.505,17.886
Oceania,2024,,9.533,7465.274,18.183
Oman,1965,OMN,0.044,0.0,0.0
Oman,1966,OMN,0.049,0.0,0.0
Oman,1967,OMN,0.221,0.0,0.0
Oman,1968,OMN,0.256,0.0,0.0
Oman,1969,OMN,0.363,0.0,0.0
Oman,1970,OMN,0.354,0.0,0.0
Oman,1971,OMN,3.072,0.0,0.0
Oman,1972,OMN,2.981,0.0,0.0
Oman,1973,OMN,2.926,0.0,0.0
Oman,1974,OMN,3.124,0.0,0.0
Oman,1975,OMN,9.31,0.0,0.0
Oman,1976,OMN,10.213,0.0,0.0
Oman,1977,OMN,9.938,0.0,0.0
Oman,1978,OMN,8.652,0.0,0.0
Oman,1979,OMN,8.13,0.0,0.0
Oman,1980,OMN,6.034,0.0,0.0
Oman,1981,OMN,5.687,0.0,0.0
Oman,1982,OMN,5.127,0.0,0.0
Oman,1983,OMN,6.37,0.0,0.0
Oman,1984,OMN,6.455,0.0,0.0
Oman,1985,OMN,6.523,0.0,0.0
Oman,1986,OMN,6.974,0.0,0.0
Oman,1987,OMN,6.292,0.0,0.0
Oman,1988,OMN,6.65,0.0,0.0
Oman,1989,OMN,5.99,0.0,0.0
Oman,1990,OMN,6.398,0.0,0.0
Oman,1991,OMN,6.297,0.0,0.0
Oman,1992,OMN,6.168,0.0,0.0
Oman,1993,OMN,6.574,0.0,0.0
Oman,1994,OMN,8.39,0.0,0.0
Oman,1995,OMN,8.873,0.0,0.0
Oman,1996,OMN,8.437,0.0,0.0
Oman,1997,OMN,8.282,0.0,0.0
Oman,1998,OMN,8.343,0.0,0.0
Oman,1999,OMN,9.799,0.0,0.0
Oman,2000,OMN,10.51,0.0,0.0
Oman,2001,OMN,9.744,0.0,0.0
Oman,2002,OMN,11.544,0.0,0.0
Oman,2003,OMN,14.622,0.0,0.0
Oman,2004,OMN,12.162,0.0,0.0
Oman,2005,OMN,12.942,0.0,0.0
Oman,2006,OMN,16.085,0.0,0.0
Oman,2007,OMN,17.629,0.0,0.0
Oman,2008,OMN,18.06,0.0,0.0
Oman,2009,OMN,16.577,0.0,0.0
Oman,2010,OMN,18.651,0.0,0.0
Oman,2011,OMN,18.625,0.0,0.0
Oman,2012,OMN,17.791,0.0,0.0
Oman,2013,OMN,17.107,0.801,0.001
Oman,2014,OMN,16.537,0.763,0.001
Oman,2015,OMN,16.221,2.238,0.003
Oman,2016,OMN,15.086,2.401,0.003
Oman,2017,OMN,14.622,8.573,0.011
Oman,2018,OMN,15.372,8.501,0.01
Oman,2019,OMN,15.69,13.616,0.017
Oman,2020,OMN,15.886,87.334,0.109
Oman,2021,OMN,16.674,439.254,0.496
Oman,2022,OMN,16.488,1018.87,1.136
Oman,2023,OMN,15.806,983.601,1.142
Oman,2024,OMN,15.651,942.92,1.115
Pakistan,1965,PAK,0.322,116.862,7.456
Pakistan,1966,PAK,0.319,113.662,7.4
Pakistan,1967,PAK,0.329,130.955,7.924
Pakistan,1968,PAK,0.367,152.991,8.392
Pakistan,1969,PAK,0.346,156.861,8.814
Pakistan,1970,PAK,0.341,134.867,7.922
Pakistan,1971,PAK,0.314,171.296,10.942
Pakistan,1972,PAK,0.297,175.309,12.553
Pakistan,1973,PAK,0.306,179.654,12.396
Pakistan,1974,PAK,0.317,175.359,11.496
Pakistan,1975,PAK,0.334,195.821,12.61
Pakistan,1976,PAK,0.318,206.201,13.489
Pakistan,1977,PAK,0.329,237.377,14.816
Pakistan,1978,PAK,0.341,285.396,17.203
Pakistan,1979,PAK,0.356,298.056,17.059
Pakistan,1980,PAK,0.388,299.999,16.12
Pakistan,1981,PAK,0.399,300.457,15.652
Pakistan,1982,PAK,0.417,325.611,15.973
Pakistan,1983,PAK,0.434,364.313,17.322
Pakistan,1984,PAK,0.447,365.968,16.962
Pakistan,1985,PAK,0.477,368.298,16.764
Pakistan,1986,PAK,0.483,340.47,15.108
Pakistan,1987,PAK,0.504,432.633,17.737
Pakistan,1988,PAK,0.53,438.542,17.499
Pakistan,1989,PAK,0.537,431.327,16.76
Pakistan,1990,PAK,0.584,408.585,15.694
Pakistan,1991,PAK,0.562,423.006,15.851
Pakistan,1992,PAK,0.583,448.43,16.468
Pakistan,1993,PAK,0.608,479.659,16.362
Pakistan,1994,PAK,0.643,457.345,15.512
Pakistan,1995,PAK,0.621,469.491,15.541
Pakistan,1996,PAK,0.675,497.133,15.909
Pakistan,1997,PAK,0.658,359.502,12.213
Pakistan,1998,PAK,0.66,457.037,14.898
Pakistan,1999,PAK,0.66,396.742,12.713
Pakistan,2000,PAK,0.671,333.608,10.753
Pakistan,2001,PAK,0.662,334.37,10.829
Pakistan,2002,PAK,0.677,361.109,11.551
Pakistan,2003,PAK,0.677,420.54,12.784
Pakistan,2004,PAK,0.728,434.419,12.115
Pakistan,2005,PAK,0.741,470.358,12.98
Pakistan,2006,PAK,0.768,450.153,11.995
Pakistan,2007,PAK,0.804,456.67,11.84
Pakistan,2008,PAK,0.78,380.683,10.105
Pakistan,2009,PAK,0.763,388.284,10.194
Pakistan,2010,PAK,0.74,389.808,10.436
Pakistan,2011,PAK,0.734,389.356,10.606
Pakistan,2012,PAK,0.725,134.427,3.989
Pakistan,2013,PAK,0.702,385.099,10.559
Pakistan,2014,PAK,0.704,391.039,10.733
Pakistan,2015,PAK,0.667,394.481,10.407
Pakistan,2016,PAK,0.803,417.8,10.286
Pakistan,2017,PAK,0.949,380.361,8.975
Pakistan,2018,PAK,0.897,376.307,8.879
Pakistan,2019,PAK,0.827,437.188,10.438
Pakistan,2020,PAK,0.917,464.741,11.468
Pakistan,2021,PAK,1.017,438.92,9.927
Pakistan,2022,PAK,0.87,421.589,10.571
Pakistan,2023,PAK,0.755,444.041,12.266
Pakistan,2024,PAK,0.716,438.377,12.507
Peru,1965,PER,1.016,619.982,13.37
Peru,1966,PER,1.094,648.92,11.784
Peru,1967,PER,1.096,706.895,12.979
Peru,1968,PER,1.131,737.618,13.683
Peru,1969,PER,1.161,780.796,14.797
Peru,1970,PER,1.316,727.505,13.698
Peru,1971,PER,1.343,911.611,16.812
Peru,1972,PER,1.277,916.867,19.407
Peru,1973,PER,1.352,957.697,18.347
Peru,1974,PER,1.426,1024.309,17.471
Peru,1975,PER,1.43,1044.568,17.284
Peru,1976,PER,1.425,1072.564,17.841
Peru,1977,PER,1.446,1085.821,18.371
Peru,1978,PER,1.357,1082.091,18.813
Peru,1979,PER,1.312,1129.667,19.402
Peru,1980,PER,1.386,1136.91,18.693
Peru,1981,PER,1.35,1261.243,20.246
Peru,1982,PER,1.293,1304.036,21.326
Peru,1983,PER,1.09,1228.088,23.572
Peru,1984,PER,1.076,1283.917,23.966
Peru,1985,PER,0.99,1353.265,26.356
Peru,1986,PER,1.082,1413.01,26.158
Peru,1987,PER,1.248,1488.737,25.82
Peru,1988,PER,1.188,1395.307,25.476
Peru,1989,PER,1.011,1376.483,27.945
Peru,1990,PER,0.972,1340.262,28.065
Peru,1991,PER,0.923,1438.274,31.07
Peru,1992,PER,0.915,1191.018,26.897
Peru,1993,PER,1.02,1414.365,29.879
Peru,1994,PER,1.012,1498.24,29.688
Peru,1995,PER,1.033,1494.174,27.773
Peru,1996,PER,0.996,1508.967,27.724
Peru,1997,PER,1.098,1471.458,28.091
Peru,1998,PER,1.09,1505.609,28.377
Peru,1999,PER,1.129,1559.07,29.158
Peru,2000,PER,1.078,1707.986,31.45
Peru,2001,PER,0.937,1823.589,34.392
Peru,2002,PER,0.938,1838.974,34.293
Peru,2003,PER,0.903,1859.735,35.519
Peru,2004,PER,1.023,1726.663,31.152
Peru,2005,PER,1.079,1761.28,30.827
Peru,2006,PER,0.999,1920.29,33.532
Peru,2007,PER,1.212,1900.886,30.645
Peru,2008,PER,1.239,1839.292,27.606
Peru,2009,PER,1.364,1921.789,28.469
Peru,2010,PER,1.461,1945.591,25.513
Peru,2011,PER,1.444,2060.461,24.656
Peru,2012,PER,1.54,2125.994,24.827
Peru,2013,PER,1.433,2168.512,24.991
Peru,2014,PER,1.64,2179.851,24.772
Peru,2015,PER,1.615,2269.006,24.89
Peru,2016,PER,1.707,2249.626,23.56
Peru,2017,PER,1.747,2633.602,27.624
Peru,2018,PER,1.756,2773.248,28.247
Peru,2019,PER,1.808,2775.752,28.051
Peru,2020,PER,1.438,2677.881,31.113
Peru,2021,PER,1.808,2779.561,28.608
Peru,2022,PER,1.935,2602.896,26.155
Peru,2023,PER,1.952,2553.576,25.562
Peru,2024,PER,2.053,2872.878,26.656
Philippines,1965,PHL,0.428,131.97,6.92
Philippines,1966,PHL,0.479,125.597,6.15
Philippines,1967,PHL,0.526,134.792,6.253
Philippines,1968,PHL,0.624,134.063,5.47
Philippines,1969,PHL,0.623,137.522,5.357
Philippines,1970,PHL,0.658,154.829,6.064
Philippines,1971,PHL,0.715,139.399,5.21
Philippines,1972,PHL,0.67,155.564,5.612
Philippines,1973,PHL,0.782,163.658,5.42
Philippines,1974,PHL,0.741,138.368,5.016
Philippines,1975,PHL,0.771,149.833,5.107
Philippines,1976,PHL,0.812,179.713,6.055
Philippines,1977,PHL,0.826,132.423,4.266
Philippines,1978,PHL,0.82,171.534,5.425
Philippines,1979,PHL,0.812,213.498,6.633
Philippines,1980,PHL,0.767,336.641,10.906
Philippines,1981,PHL,0.699,457.758,15.241
Philippines,1982,PHL,0.686,447.624,15.349
Philippines,1983,PHL,0.674,506.643,17.136
Philippines,1984,PHL,0.573,584.562,22.343
Philippines,1985,PHL,0.505,615.694,25.027
Philippines,1986,PHL,0.511,602.532,24.82
Philippines,1987,PHL,0.558,513.69,20.009
Philippines,1988,PHL,0.626,564.482,20.495
Philippines,1989,PHL,0.634,584.86,19.718
Philippines,1990,PHL,0.649,561.027,18.763
Philippines,1991,PHL,0.666,501.465,17.445
Philippines,1992,PHL,0.725,457.267,15.153
Philippines,1993,PHL,0.716,469.144,14.536
Philippines,1994,PHL,0.775,522.076,15.869
Philippines,1995,PHL,0.839,517.15,14.08
Philippines,1996,PHL,0.837,553.351,14.387
Philippines,1997,PHL,0.936,534.09,13.018
Philippines,1998,PHL,0.889,553.211,13.896
Philippines,1999,PHL,0.865,705.874,17.887
Philippines,2000,PHL,0.898,728.35,18.729
Philippines,2001,PHL,0.857,641.948,17.257
Philippines,2002,PHL,0.837,617.273,16.848
Philippines,2003,PHL,0.82,615.339,16.612
Philippines,2004,PHL,0.833,641.449,17.238
Philippines,2005,PHL,0.822,608.5,16.653
Philippines,2006,PHL,0.733,664.144,19.318
Philippines,2007,PHL,0.769,608.45,17.341
Philippines,2008,PHL,0.826,654.205,18.352
Philippines,2009,PHL,0.801,634.69,17.917
Philippines,2010,PHL,0.854,559.854,15.667
Philippines,2011,PHL,0.845,602.728,16.874
Philippines,2012,PHL,0.873,622.831,17.177
Philippines,2013,PHL,0.929,590.285,15.493
Philippines,2014,PHL,0.964,584.263,14.804
Philippines,2015,PHL,1.054,612.672,14.375
Philippines,2016,PHL,1.126,633.259,13.798
Philippines,2017,PHL,1.235,652.938,13.161
Philippines,2018,PHL,1.278,650.076,12.831
Philippines,2019,PHL,1.287,616.769,11.974
Philippines,2020,PHL,1.173,593.568,12.827
Philippines,2021,PHL,1.24,629.372,12.948
Philippines,2022,PHL,1.325,658.013,13.032
Philippines,2023,PHL,1.401,689.676,12.922
Philippines,2024,PHL,1.51,726.649,12.818
Poland,1965,POL,7.894,82.144,0.331
Poland,1966,POL,7.996,82.603,0.33
Poland,1967,POL,8.138,87.84,0.343
Poland,1968,POL,8.597,91.605,0.335
Poland,1969,POL,9.076,77.732,0.268
Poland,1970,POL,9.347,156.835,0.517
Poland,1971,POL,9.548,142.624,0.459
Poland,1972,POL,9.972,143.851,0.442
Poland,1973,POL,10.068,142.24,0.433
Poland,1974,POL,10.292,197.037,0.586
Poland,1975,POL,11.035,182.166,0.507
Poland,1976,POL,11.608,149.908,0.4
Poland,1977,POL,12.07,180.898,0.467
Poland,1978,POL,12.334,178.57,0.443
Poland,1979,POL,12.52,163.68,0.404
Poland,1980,POL,13.024,205.192,0.488
Poland,1981,POL,11.393,188.762,0.503
Poland,1982,POL,11.618,141.492,0.373
Poland,1983,POL,11.512,158.147,0.419
Poland,1984,POL,11.718,135.188,0.348
Poland,1985,POL,11.949,171.638,0.436
Poland,1986,POL,12.065,145.591,0.362
Poland,1987,POL,12.312,138.508,0.335
Poland,1988,POL,11.747,139.466,0.345
Poland,1989,POL,11.13,126.293,0.326
Poland,1990,POL,9.889,107.947,0.339
Poland,1991,POL,9.786,110.547,0.356
Poland,1992,POL,9.528,118.56,0.4
Poland,1993,POL,9.53,112.912,0.382
Poland,1994,POL,9.388,129.7,0.459
Poland,1995,POL,9.448,142.157,0.492
Poland,1996,POL,9.831,150.668,0.497
Poland,1997,POL,9.575,155.963,0.519
Poland,1998,POL,8.845,185.577,0.644
Poland,1999,POL,8.598,172.388,0.61
Poland,2000,POL,8.294,171.324,0.644
Poland,2001,POL,8.191,205.212,0.777
Poland,2002,POL,8.0,202.601,0.775
Poland,2003,POL,8.343,173.817,0.642
Poland,2004,POL,8.479,231.635,0.849
Poland,2005,POL,8.461,302.944,1.088
Poland,2006,POL,8.836,350.693,1.203
Poland,2007,POL,8.83,439.771,1.515
Poland,2008,POL,8.67,636.96,2.154
Poland,2009,POL,8.312,834.035,2.923
Poland,2010,POL,8.768,1025.493,3.379
Poland,2011,POL,8.726,1203.283,3.959
Poland,2012,POL,8.518,1510.411,5.13
Poland,2013,POL,8.41,1491.093,5.052
Poland,2014,POL,8.086,1682.429,5.922
Poland,2015,POL,8.168,1836.438,6.387
Poland,2016,POL,8.449,1762.395,5.878
Poland,2017,POL,8.796,1865.879,5.924
Poland,2018,POL,8.779,1792.17,5.621
Poland,2019,POL,8.304,2078.271,6.71
Poland,2020,POL,7.914,2279.751,7.663
Poland,2021,POL,8.693,2438.521,7.599
Poland,2022,POL,8.203,2884.857,9.37
Poland,2023,POL,7.307,3414.776,11.752
Poland,2024,POL,7.08,3786.503,13.045
Portugal,1965,PRT,1.303,1314.852,23.804
Portugal,1966,PRT,1.334,1722.242,28.51
Portugal,1967,PRT,1.401,1788.976,27.599
Portugal,1968,PRT,1.475,1716.698,25.873
Portugal,1969,PRT,1.667,2102.474,29.12
Portugal,1970,PRT,1.757,1926.689,22.028
Portugal,1971,PRT,1.885,2024.707,21.052
Portugal,1972,PRT,2.077,2272.844,22.079
Portugal,1973,PRT,2.231,2346.087,20.889
Portugal,1974,PRT,2.279,2462.359,21.231
Portugal,1975,PRT,2.317,2019.434,17.717
Portugal,1976,PRT,2.398,1505.432,13.495
Portugal,1977,PRT,2.395,3010.603,24.302
Portugal,1978,PRT,2.363,3218.321,24.987
Portugal,1979,PRT,2.572,3306.682,24.47
Portugal,1980,PRT,2.742,2382.711,18.268
Portugal,1981,PRT,2.745,1515.975,11.879
Portugal,1982,PRT,2.933,2056.286,14.992
Portugal,1983,PRT,3.013,2373.749,16.798
Portugal,1984,PRT,2.892,2841.311,19.397
Portugal,1985,PRT,2.719,3147.989,21.129
Portugal,1986,PRT,3.024,2556.139,16.18
Portugal,1987,PRT,3.119,2733.831,16.933
Portugal,1988,PRT,3.255,3600.466,20.145
Portugal,1989,PRT,4.082,1823.258,9.381
Portugal,1990,PRT,4.536,2763.334,13.736
Portugal,1991,PRT,4.702,2774.825,13.248
Portugal,1992,PRT,5.116,1575.055,7.339
Portugal,1993,PRT,4.961,2664.782,12.161
Portugal,1994,PRT,5.025,3267.96,14.334
Portugal,1995,PRT,5.433,2635.45,10.868
Portugal,1996,PRT,5.145,4391.677,17.71
Portugal,1997,PRT,5.407,3947.163,15.714
Portugal,1998,PRT,5.828,3906.392,14.322
Portugal,1999,PRT,6.547,2393.829,8.619
Portugal,2000,PRT,6.37,3522.575,12.409
Portugal,2001,PRT,6.296,4250.475,14.858
Portugal,2002,PRT,6.682,2618.802,9.233
Portugal,2003,PRT,6.168,4671.599,16.157
Portugal,2004,PRT,6.421,3249.702,11.475
Portugal,2005,PRT,6.63,2177.983,7.701
Portugal,2006,PRT,6.163,4128.458,14.808
Portugal,2007,PRT,5.915,4318.51,15.435
Portugal,2008,PRT,5.681,3902.855,14.553
Portugal,2009,PRT,5.403,4894.613,18.133
Portugal,2010,PRT,5.0,7478.252,26.402
Portugal,2011,PRT,4.905,6414.313,23.66
Portugal,2012,PRT,4.749,5218.018,20.965
Portugal,2013,PRT,4.604,7689.539,28.202
Portugal,2014,PRT,4.607,8208.471,29.761
Portugal,2015,PRT,5.037,6532.621,23.685
Portugal,2016,PRT,4.863,8332.562,28.268
Portugal,2017,PRT,5.34,5957.793,20.606
Portugal,2018,PRT,4.972,7609.874,26.2
Portugal,2019,PRT,4.6,7090.821,25.366
Portugal,2020,PRT,4.025,7710.728,30.635
Portugal,2021,PRT,3.878,8122.087,32.197
Portugal,2022,PRT,3.909,7146.849,28.753
Portugal,2023,PRT,3.607,8676.168,34.67
Portugal,2024,PRT,3.409,10090.192,39.741
Qatar,1965,QAT,98.115,0.0,0.0
Qatar,1966,QAT,86.872,0.0,0.0
Qatar,1967,QAT,82.047,0.0,0.0
Qatar,1968,QAT,77.104,0.0,0.0
Qatar,1969,QAT,69.55,0.0,0.0
Qatar,1970,QAT,64.978,0.0,0.0
Qatar,1971,QAT,69.615,0.0,0.0
Qatar,1972,QAT,73.543,0.0,0.0
Qatar,1973,QAT,76.966,0.0,0.0
Qatar,1974,QAT,59.077,0.0,0.0
Qatar,1975,QAT,56.692,0.0,0.0
Qatar,1976,QAT,49.628,0.0,0.0
Qatar,1977,QAT,44.019,0.0,0.0
Qatar,1978,QAT,43.51,0.0,0.0
Qatar,1979,QAT,55.46,0.0,0.0
Qatar,1980,QAT,47.426,0.0,0.0
Qatar,1981,QAT,43.763,0.0,0.0
Qatar,1982,QAT,39.614,0.0,0.0
Qatar,1983,QAT,34.135,0.0,0.0
Qatar,1984,QAT,35.402,0.0,0.0
Qatar,1985,QAT,33.86,0.0,0.0
Qatar,1986,QAT,34.729,0.0,0.0
Qatar,1987,QAT,28.93,0.0,0.0
Qatar,1988,QAT,28.969,0.0,0.0
Qatar,1989,QAT,33.619,0.0,0.0
Qatar,1990,QAT,25.962,0.0,0.0
Qatar,1991,QAT,38.285,0.0,0.0
Qatar,1992,QAT,57.097,0.0,0.0
Qatar,1993,QAT,63.4,0.0,0.0
Qatar,1994,QAT,64.819,0.0,0.0
Qatar,1995,QAT,64.491,0.0,0.0
Qatar,1996,QAT,65.162,0.0,0.0
Qatar,1997,QAT,76.715,0.0,0.0
Qatar,1998,QAT,63.665,0.0,0.0
Qatar,1999,QAT,59.305,0.0,0.0
Qatar,2000,QAT,62.646,0.0,0.0
Qatar,2001,QAT,67.727,0.0,0.0
Qatar,2002,QAT,63.518,0.0,0.0
Qatar,2003,QAT,62.618,0.0,0.0
Qatar,2004,QAT,61.344,0.0,0.0
Qatar,2005,QAT,57.767,0.0,0.0
Qatar,2006,QAT,61.421,0.0,0.0
Qatar,2007,QAT,49.255,0.0,0.0
Qatar,2008,QAT,43.359,0.0,0.0
Qatar,2009,QAT,41.175,0.0,0.0
Qatar,2010,QAT,43.09,0.0,0.0
Qatar,2011,QAT,45.175,18.029,0.008
Qatar,2012,QAT,49.152,17.112,0.007
Qatar,2013,QAT,44.982,122.3,0.051
Qatar,2014,QAT,41.31,150.887,0.065
Qatar,2015,QAT,38.441,160.42,0.065
Qatar,2016,QAT,35.154,155.687,0.069
Qatar,2017,QAT,39.035,156.597,0.075
Qatar,2018,QAT,37.166,159.788,0.077
Qatar,2019,QAT,36.252,138.719,0.066
Qatar,2020,QAT,36.145,157.173,0.086
Qatar,2021,QAT,37.082,156.079,0.081
Qatar,2022,QAT,37.89,375.654,0.192
Qatar,2023,QAT,40.128,1696.53,0.816
Qatar,2024,QAT,41.271,1738.326,0.811
Romania,1965,ROU,4.202,149.183,1.002
Romania,1966,ROU,4.479,153.119,0.968
Romania,1967,ROU,4.844,215.806,1.237
Romania,1968,ROU,5.169,224.104,1.23
Romania,1969,ROU,5.661,312.577,1.519
Romania,1970,ROU,5.996,384.915,1.785
Romania,1971,ROU,6.192,615.277,2.728
Romania,1972,ROU,6.432,992.296,4.232
Romania,1973,ROU,6.957,1007.961,3.997
Romania,1974,ROU,7.161,1119.375,4.459
Romania,1975,ROU,7.611,1222.62,4.516
Romania,1976,ROU,8.107,1047.529,3.627
Romania,1977,ROU,8.195,1196.227,3.943
Romania,1978,ROU,8.837,1348.237,4.159
Romania,1979,ROU,8.87,1430.416,4.358
Romania,1980,ROU,8.838,1584.434,4.811
Romania,1981,ROU,8.859,1588.51,4.838
Romania,1982,ROU,8.71,1471.669,4.541
Romania,1983,ROU,8.89,1241.51,3.871
Romania,1984,ROU,8.357,1396.162,4.4
Romania,1985,ROU,8.557,1562.16,4.955
Romania,1986,ROU,8.868,1324.283,4.124
Romania,1987,ROU,9.278,1368.886,4.123
Romania,1988,ROU,9.273,1798.977,5.341
Romania,1989,ROU,9.305,1660.042,4.934
Romania,1990,ROU,7.696,1382.039,4.324
Romania,1991,ROU,6.199,1765.873,6.517
Romania,1992,ROU,5.761,1418.719,5.926
Romania,1993,ROU,5.372,1552.815,6.656
Romania,1994,ROU,5.311,1592.481,7.212
Romania,1995,ROU,5.547,2046.518,8.403
Romania,1996,ROU,5.728,1941.445,7.979
Romania,1997,ROU,5.27,2171.674,9.362
Romania,1998,ROU,4.702,2354.78,11.044
Romania,1999,ROU,4.011,2292.033,12.167
Romania,2000,ROU,4.228,1861.993,9.836
Romania,2001,ROU,4.513,1880.653,9.765
Romania,2002,ROU,4.551,2019.797,10.037
Romania,2003,ROU,4.803,1673.537,8.239
Romania,2004,ROU,4.823,2091.423,9.814
Romania,2005,ROU,4.777,2561.525,11.901
Romania,2006,ROU,4.958,2333.905,10.578
Romania,2007,ROU,5.199,2062.838,9.612
Romania,2008,ROU,5.164,2221.811,10.317
Romania,2009,ROU,4.267,2007.146,10.621
Romania,2010,ROU,4.135,2655.182,13.83
Romania,2011,ROU,4.555,2195.766,10.997
Romania,2012,ROU,4.457,2014.35,10.404
Romania,2013,ROU,3.927,2643.436,14.507
Romania,2014,ROU,3.973,3283.698,17.513
Romania,2015,ROU,3.928,3446.227,18.196
Romania,2016,ROU,3.873,3587.689,18.867
Romania,2017,ROU,4.034,3261.72,16.748
Romania,2018,ROU,4.076,3513.036,17.773
Romania,2019,ROU,3.933,3364.234,17.297
Romania,2020,ROU,3.813,3410.746,18.117
Romania,2021,ROU,4.026,3635.428,18.153
Romania,2022,ROU,3.818,3304.656,17.783
Romania,2023,ROU,3.55,3874.802,20.908
Romania,2024,ROU,3.605,3530.437,19.112
Russia,1985,RUS,16.365,3090.375,4.66
Russia,1986,RUS,16.228,3152.281,4.711
Russia,1987,RUS,16.14,3089.116,4.512
Russia,1988,RUS,16.543,3033.363,4.391
Russia,1989,RUS,16.224,2992.161,4.342
Russia,1990,RUS,17.024,3112.261,4.619
Russia,1991,RUS,16.11,3125.699,4.718
Russia,1992,RUS,13.185,3220.773,5.034
Russia,1993,RUS,12.6,3269.465,5.454
Russia,1994,RUS,11.112,3298.728,6.035
Russia,1995,RUS,10.913,3302.836,6.39
Russia,1996,RUS,10.714,2895.739,5.811
Russia,1997,RUS,10.023,2958.969,6.271
Russia,1998,RUS,9.929,2983.365,6.325
Russia,1999,RUS,10.147,3028.976,6.326
Russia,2000,RUS,10.091,3108.138,6.354
Russia,2001,RUS,10.389,3290.159,6.595
Russia,2002,RUS,10.335,3048.324,6.127
Russia,2003,RUS,10.556,2917.368,5.738
Russia,2004,RUS,10.644,3289.115,6.387
Russia,2005,RUS,10.816,3218.834,6.235
Russia,2006,RUS,11.266,3226.326,5.962
Russia,2007,RUS,11.291,3283.726,6.025
Russia,2008,RUS,11.492,3033.945,5.539
Russia,2009,RUS,10.741,3188.867,6.13
Russia,2010,RUS,11.346,3023.876,5.597
Russia,2011,RUS,11.698,2944.808,5.274
Russia,2012,RUS,11.782,2930.673,5.226
Russia,2013,RUS,11.324,3214.61,5.816
Russia,2014,RUS,11.298,3060.822,5.531
Russia,2015,RUS,11.254,2945.668,5.423
Russia,2016,RUS,11.177,3204.763,5.807
Russia,2017,RUS,11.362,3194.574,5.769
Russia,2018,RUS,11.677,3271.692,5.709
Russia,2019,RUS,11.632,3327.536,5.855
Russia,2020,RUS,11.149,3664.498,6.679
Russia,2021,RUS,11.482,3742.724,6.586
Russia,2022,RUS,11.509,3491.902,5.92
Russia,2023,RUS,11.916,3543.938,5.913
Russia,2024,RUS,12.295,3731.375,5.999
Saudi Arabia,1965,SAU,1.44,0.0,0.0
Saudi Arabia,1966,SAU,2.108,0.0,0.0
Saudi Arabia,1967,SAU,8.072,0.0,0.0
Saudi Arabia,1968,SAU,8.858,0.0,0.0
Saudi Arabia,1969,SAU,10.322,0.0,0.0
Saudi Arabia,1970,SAU,12.702,0.0,0.0
Saudi Arabia,1971,SAU,16.046,0.0,0.0
Saudi Arabia,1972,SAU,17.994,0.0,0.0
Saudi Arabia,1973,SAU,23.148,0.0,0.0
Saudi Arabia,1974,SAU,22.828,0.0,0.0
Saudi Arabia,1975,SAU,18.274,0.0,0.0
Saudi Arabia,1976,SAU,21.102,0.0,0.0
Saudi Arabia,1977,SAU,23.228,0.0,0.0
Saudi Arabia,1978,SAU,21.372,0.0,0.0
Saudi Arabia,1979,SAU,24.195,0.0,0.0
Saudi Arabia,1980,SAU,27.982,0.0,0.0
Saudi Arabia,1981,SAU,27.302,0.0,0.0
Saudi Arabia,1982,SAU,23.133,0.0,0.0
Saudi Arabia,1983,SAU,22.172,0.0,0.0
Saudi Arabia,1984,SAU,20.201,0.0,0.0
Saudi Arabia,1985,SAU,21.148,0.0,0.0
Saudi Arabia,1986,SAU,23.708,0.0,0.0
Saudi Arabia,1987,SAU,20.855,0.0,0.0
Saudi Arabia,1988,SAU,21.0,0.0,0.0
Saudi Arabia,1989,SAU,20.08,0.0,0.0
Saudi Arabia,1990,SAU,17.101,0.0,0.0
Saudi Arabia,1991,SAU,21.91,0.0,0.0
Saudi Arabia,1992,SAU,23.618,0.0,0.0
Saudi Arabia,1993,SAU,24.374,0.0,0.0
Saudi Arabia,1994,SAU,22.84,0.0,0.0
Saudi Arabia,1995,SAU,20.664,0.0,0.0
Saudi Arabia,1996,SAU,19.485,0.0,0.0
Saudi Arabia,1997,SAU,15.802,0.0,0.0
Saudi Arabia,1998,SAU,14.67,0.0,0.0
Saudi Arabia,1999,SAU,15.364,0.0,0.0
Saudi Arabia,2000,SAU,19.14,0.0,0.0
Saudi Arabia,2001,SAU,19.034,0.0,0.0
Saudi Arabia,2002,SAU,19.37,0.0,0.0
Saudi Arabia,2003,SAU,18.695,0.0,0.0
Saudi Arabia,2004,SAU,20.728,0.0,0.0
Saudi Arabia,2005,SAU,20.05,0.0,0.0
Saudi Arabia,2006,SAU,20.736,0.0,0.0
Saudi Arabia,2007,SAU,18.925,0.0,0.0
Saudi Arabia,2008,SAU,20.158,0.069,0.0
Saudi Arabia,2009,SAU,20.81,0.066,0.0
Saudi Arabia,2010,SAU,22.087,0.423,0.0
Saudi Arabia,2011,SAU,20.694,0.535,0.001
Saudi Arabia,2012,SAU,22.382,2.442,0.002
Saudi Arabia,2013,SAU,20.808,3.876,0.004
Saudi Arabia,2014,SAU,20.177,4.026,0.004
Saudi Arabia,2015,SAU,20.836,3.875,0.004
Saudi Arabia,2016,SAU,20.873,3.753,0.004
Saudi Arabia,2017,SAU,20.937,5.673,0.005
Saudi Arabia,2018,SAU,21.479,13.46,0.013
Saudi Arabia,2019,SAU,23.245,17.255,0.018
Saudi Arabia,2020,SAU,21.089,73.027,0.078
Saudi Arabia,2021,SAU,22.197,78.621,0.083
Saudi Arabia,2022,SAU,20.73,153.489,0.157
Saudi Arabia,2023,SAU,20.365,345.643,0.359
Saudi Arabia,2024,SAU,20.379,705.376,0.728
Singapore,1965,SGP,1.297,0.0,0.0
Singapore,1966,SGP,0.25,0.0,0.0
Singapore,1967,SGP,1.435,0.0,0.0
Singapore,1968,SGP,2.554,0.0,0.0
Singapore,1969,SGP,3.357,0.0,0.0
Singapore,1970,SGP,8.526,0.0,0.0
Singapore,1971,SGP,7.647,0.0,0.0
Singapore,1972,SGP,10.035,0.0,0.0
Singapore,1973,SGP,9.404,0.0,0.0
Singapore,1974,SGP,9.587,0.0,0.0
Singapore,1975,SGP,10.519,0.0,0.0
Singapore,1976,SGP,12.751,0.0,0.0
Singapore,1977,SGP,11.843,0.0,0.0
Singapore,1978,SGP,13.752,0.0,0.0
Singapore,1979,SGP,14.831,0.0,0.0
Singapore,1980,SGP,12.485,0.0,0.0
Singapore,1981,SGP,10.153,0.0,0.0
Singapore,1982,SGP,10.802,0.0,0.0
Singapore,1983,SGP,12.434,0.0,0.0
Singapore,1984,SGP,11.749,0.0,0.0
Singapore,1985,SGP,11.845,0.0,0.0
Singapore,1986,SGP,12.424,96.779,0.161
Singapore,1987,SGP,11.436,95.493,0.153
Singapore,1988,SGP,12.383,93.233,0.133
Singapore,1989,SGP,13.953,90.39,0.116
Singapore,1990,SGP,14.323,87.388,0.097
Singapore,1991,SGP,14.104,244.118,0.275
Singapore,1992,SGP,14.704,237.296,0.256
Singapore,1993,SGP,14.968,230.756,0.235
Singapore,1994,SGP,17.58,224.01,0.205
Singapore,1995,SGP,11.474,216.669,0.197
Singapore,1996,SGP,13.102,208.927,0.195
Singapore,1997,SGP,14.944,201.659,0.185
Singapore,1998,SGP,12.153,196.243,0.183
Singapore,1999,SGP,12.404,193.02,0.185
Singapore,2000,SGP,9.261,189.734,0.173
Singapore,2001,SGP,9.359,359.102,0.295
Singapore,2002,SGP,9.696,356.441,0.307
Singapore,2003,SGP,9.553,373.8,0.341
Singapore,2004,SGP,9.826,358.725,0.292
Singapore,2005,SGP,9.278,349.709,0.275
Singapore,2006,SGP,9.212,335.941,0.247
Singapore,2007,SGP,8.942,335.587,0.238
Singapore,2008,SGP,8.363,338.804,0.236
Singapore,2009,SGP,8.212,332.353,0.223
Singapore,2010,SGP,8.745,362.99,0.233
Singapore,2011,SGP,9.069,367.386,0.231
Singapore,2012,SGP,8.709,379.291,0.242
Singapore,2013,SGP,8.727,415.454,0.265
Singapore,2014,SGP,8.721,437.178,0.277
Singapore,2015,SGP,8.941,481.738,0.292
Singapore,2016,SGP,8.803,488.909,0.284
Singapore,2017,SGP,8.94,486.864,0.277
Singapore,2018,SGP,8.927,482.577,0.274
Singapore,2019,SGP,8.643,504.024,0.293
Singapore,2020,SGP,8.309,510.441,0.314
Singapore,2021,SGP,9.033,555.244,0.338
Singapore,2022,SGP,8.661,826.298,0.521
Singapore,2023,SGP,8.821,844.254,0.493
Singapore,2024,SGP,9.245,985.022,0.545
Slovakia,1965,SVK,8.95,1414.618,5.801
Slovakia,1966,SVK,8.822,1344.118,5.369
Slovakia,1967,SVK,8.734,1142.902,4.574
Slovakia,1968,SVK,9.078,1041.69,3.802
Slovakia,1969,SVK,9.577,805.655,2.832
Slovakia,1970,SVK,10.908,1207.03,3.864
Slovakia,1971,SVK,11.355,899.041,2.703
Slovakia,1972,SVK,11.363,933.615,2.693
Slovakia,1973,SVK,11.3,790.799,2.213
Slovakia,1974,SVK,11.315,1316.449,3.538
Slovakia,1975,SVK,11.72,1173.434,3.044
Slovakia,1976,SVK,12.053,1171.206,2.959
Slovakia,1977,SVK,12.289,1382.656,3.358
Slovakia,1978,SVK,12.279,1284.352,3.002
Slovakia,1979,SVK,11.843,1060.786,2.434
Slovakia,1980,SVK,11.879,1259.77,2.871
Slovakia,1981,SVK,11.66,1088.964,2.52
Slovakia,1982,SVK,11.465,949.055,2.237
Slovakia,1983,SVK,11.403,1000.481,2.368
Slovakia,1984,SVK,11.715,843.741,1.865
Slovakia,1985,SVK,11.486,1141.597,2.463
Slovakia,1986,SVK,11.503,898.204,1.967
Slovakia,1987,SVK,11.311,1030.885,2.218
Slovakia,1988,SVK,11.075,932.18,2.005
Slovakia,1989,SVK,10.528,1038.109,2.21
Slovakia,1990,SVK,11.684,991.672,2.112
Slovakia,1991,SVK,10.092,740.057,1.768
Slovakia,1992,SVK,9.221,1013.966,2.529
Slovakia,1993,SVK,8.71,1808.092,4.615
Slovakia,1994,SVK,8.198,2264.028,5.892
Slovakia,1995,SVK,8.254,2531.72,6.511
Slovakia,1996,SVK,8.219,2189.617,5.597
Slovakia,1997,SVK,8.221,2102.3,5.482
Slovakia,1998,SVK,8.164,2205.25,5.696
Slovakia,1999,SVK,8.012,2310.81,5.926
Slovakia,2000,SVK,7.656,2382.796,5.923
Slovakia,2001,SVK,8.044,2682.606,6.48
Slovakia,2002,SVK,7.816,2777.906,6.658
Slovakia,2003,SVK,7.879,1826.136,4.499
Slovakia,2004,SVK,7.972,2083.346,5.248
Slovakia,2005,SVK,7.971,2361.473,5.658
Slovakia,2006,SVK,7.93,2508.889,6.177
Slovakia,2007,SVK,7.631,2609.465,6.844
Slovakia,2008,SVK,7.701,2441.149,6.238
Slovakia,2009,SVK,6.997,2625.209,7.41
Slovakia,2010,SVK,7.134,3140.685,8.314
Slovakia,2011,SVK,7.048,2727.632,7.51
Slovakia,2012,SVK,6.654,2907.868,8.349
Slovakia,2013,SVK,6.584,3317.78,9.315
Slovakia,2014,SVK,6.225,3370.635,10.176
Slovakia,2015,SVK,6.37,3323.049,9.931
Slovakia,2016,SVK,6.445,3566.207,10.577
Slovakia,2017,SVK,6.657,3511.669,9.896
Slovakia,2018,SVK,6.648,3153.971,9.047
Slovakia,2019,SVK,6.211,3543.796,10.549
Slovakia,2020,SVK,5.715,3630.7,11.039
Slovakia,2021,SVK,6.477,3632.72,10.213
Slovakia,2022,SVK,5.772,3153.284,9.672
Slovakia,2023,SVK,5.576,3488.506,10.553
Slovakia,2024,SVK,5.283,3678.245,11.295
Slovenia,1990,SVN,7.556,4134.669,12.088
Slovenia,1991,SVN,6.991,5013.139,14.667
Slovenia,1992,SVN,6.957,4764.023,14.881
Slovenia,1993,SVN,7.16,4234.726,12.808
Slovenia,1994,SVN,7.363,4748.703,13.491
Slovenia,1995,SVN,7.724,4543.706,12.293
Slovenia,1996,SVN,8.054,5128.312,13.217
Slovenia,1997,SVN,8.321,4326.796,10.88
Slovenia,1998,SVN,8.103,4839.894,12.121
Slovenia,1999,SVN,7.782,5291.236,13.415
Slovenia,2000,SVN,7.58,5470.433,14.026
Slovenia,2001,SVN,8.197,5383.361,13.181
Slovenia,2002,SVN,8.321,4717.613,11.619
Slovenia,2003,SVN,8.17,4235.119,10.627
Slovenia,2004,SVN,8.382,5756.413,13.64
Slovenia,2005,SVN,8.484,4831.209,11.438
Slovenia,2006,SVN,8.579,4973.436,11.735
Slovenia,2007,SVN,8.614,4554.15,10.853
Slovenia,2008,SVN,9.029,5827.059,12.746
Slovenia,2009,SVN,7.963,6553.404,15.641
Slovenia,2010,SVN,8.053,6363.255,15.228
Slovenia,2011,SVN,7.987,5174.299,12.763
Slovenia,2012,SVN,7.678,5794.243,14.747
Slovenia,2013,SVN,7.361,6758.373,17.451
Slovenia,2014,SVN,6.592,8483.871,21.441
Slovenia,2015,SVN,6.631,5591.392,15.619
Slovenia,2016,SVN,7.019,6351.829,16.631
Slovenia,2017,SVN,7.097,5622.047,14.55
Slovenia,2018,SVN,7.037,6786.819,17.278
Slovenia,2019,SVN,6.745,6600.878,17.43
Slovenia,2020,SVN,6.123,7160.769,19.778
Slovenia,2021,SVN,6.187,7004.991,19.61
Slovenia,2022,SVN,6.017,5247.844,15.912
Slovenia,2023,SVN,5.67,7878.974,23.026
Slovenia,2024,SVN,6.018,9084.189,24.736
South Africa,1965,ZAF,6.713,5.384,0.029
South Africa,1966,ZAF,6.513,5.079,0.028
South Africa,1967,ZAF,6.585,3.555,0.019
South Africa,1968,ZAF,6.583,3.181,0.017
South Africa,1969,ZAF,6.622,2.699,0.014
South Africa,1970,ZAF,6.716,3.117,0.016
South Africa,1971,ZAF,7.341,13.561,0.069
South Africa,1972,ZAF,7.266,98.125,0.494
South Africa,1973,ZAF,7.136,112.624,0.542
South Africa,1974,ZAF,7.065,125.833,0.606
South Africa,1975,ZAF,7.201,121.098,0.562
South Africa,1976,ZAF,7.308,197.425,0.903
South Africa,1977,ZAF,7.365,199.123,0.913
South Africa,1978,ZAF,7.244,190.072,0.904
South Africa,1979,ZAF,7.637,110.979,0.525
South Africa,1980,ZAF,7.731,93.349,0.427
South Africa,1981,ZAF,8.417,150.344,0.611
South Africa,1982,ZAF,8.87,89.268,0.349
South Africa,1983,ZAF,8.916,50.483,0.202
South Africa,1984,ZAF,9.312,45.896,0.174
South Africa,1985,ZAF,9.242,49.464,0.19
South Africa,1986,ZAF,9.135,124.607,0.484
South Africa,1987,ZAF,8.805,120.336,0.475
South Africa,1988,ZAF,8.905,228.253,0.844
South Africa,1989,ZAF,8.598,193.393,0.771
South Africa,1990,ZAF,7.68,68.854,0.273
South Africa,1991,ZAF,7.821,131.933,0.539
South Africa,1992,ZAF,7.1,49.216,0.204
South Africa,1993,ZAF,7.399,9.367,0.04
South Africa,1994,ZAF,7.697,67.797,0.279
South Africa,1995,ZAF,8.121,32.99,0.132
South Africa,1996,ZAF,8.061,85.353,0.338
South Africa,1997,ZAF,8.435,137.241,0.538
South Africa,1998,ZAF,8.162,111.467,0.45
South Africa,1999,ZAF,8.022,56.329,0.223
South Africa,2000,ZAF,8.022,97.039,0.386
South Africa,2001,ZAF,7.812,128.37,0.513
South Africa,2002,ZAF,7.424,159.791,0.661
South Africa,2003,ZAF,8.338,85.091,0.328
South Africa,2004,ZAF,9.171,91.435,0.327
South Africa,2005,ZAF,8.41,100.778,0.384
South Africa,2006,ZAF,8.935,183.383,0.692
South Africa,2007,ZAF,9.203,194.673,0.723
South Africa,2008,ZAF,9.678,106.477,0.373
South Africa,2009,ZAF,9.173,109.357,0.39
South Africa,2010,ZAF,8.928,86.615,0.31
South Africa,2011,ZAF,8.949,188.635,0.692
South Africa,2012,ZAF,8.58,94.637,0.358
South Africa,2013,ZAF,8.343,103.817,0.397
South Africa,2014,ZAF,8.663,210.816,0.81
South Africa,2015,ZAF,8.065,321.581,1.29
South Africa,2016,ZAF,7.982,382.581,1.482
South Africa,2017,ZAF,7.634,551.836,2.16
South Africa,2018,ZAF,7.742,549.832,2.29
South Africa,2019,ZAF,7.9,552.211,2.24
South Africa,2020,ZAF,7.188,595.63,2.582
South Africa,2021,ZAF,7.145,740.451,3.247
South Africa,2022,ZAF,6.874,785.367,3.648
South Africa,2023,ZAF,6.907,810.93,3.757
South Africa,2024,ZAF,6.872,755.335,3.557
South America,1965,,1.414,647.567,10.356
South America,1966,,1.447,703.24,10.824
South America,1967,,1.497,725.711,11.047
South America,1968,,1.572,752.229,10.988
South America,1969,,1.661,792.014,11.322
South America,1970,,1.761,938.506,12.903
South America,1971,,1.765,1022.146,13.624
South America,1972,,1.805,1135.293,14.416
South America,1973,,1.911,1244.578,14.687
South America,1974,,1.981,1395.968,15.695
South America,1975,,1.914,1488.338,16.825
South America,1976,,1.907,1617.916,17.451
South America,1977,,1.933,1774.371,18.372
South America,1978,,2.009,1924.958,19.271
South America,1979,,2.102,2148.718,20.48
South America,1980,,2.114,2361.511,22.049
South America,1981,,1.991,2326.302,22.422
South America,1982,,1.953,2492.388,23.835
South America,1983,,1.891,2666.296,25.795
South America,1984,,1.873,2888.631,27.455
South America,1985,,1.873,3085.4,28.701
South America,1986,,1.937,3291.815,29.39
South America,1987,,1.997,3433.021,30.124
South America,1988,,2.04,3493.612,30.121
South America,1989,,1.999,3529.606,30.512
South America,1990,,2.025,3576.969,31.356
South America,1991,,2.014,3745.986,32.339
South America,1992,,2.018,3762.236,31.754
South America,1993,,2.095,3974.51,32.804
South America,1994,,2.069,4156.127,32.875
South America,1995,,2.141,4240.226,32.486
South America,1996,,2.199,4330.773,32.333
South America,1997,,2.306,4487.032,32.307
South America,1998,,2.342,4504.494,32.001
South America,1999,,2.371,4437.186,31.976
South America,2000,,2.334,4566.897,32.497
South America,2001,,2.244,4229.145,30.745
South America,2002,,2.294,4361.403,31.931
South America,2003,,2.268,4462.249,32.98
South America,2004,,2.341,4546.993,32.076
South America,2005,,2.38,4726.646,32.729
South America,2006,,2.428,4851.848,32.352
South America,2007,,2.494,5044.34,32.331
South America,2008,,2.583,5116.362,32.017
South America,2009,,2.486,5234.988,33.334
South America,2010,,2.746,5277.076,32.253
South America,2011,,2.76,5472.434,32.306
South America,2012,,2.87,5352.612,30.767
South America,2013,,3.001,5258.9,29.705
South America,2014,,3.011,5206.314,29.405
South America,2015,,2.9,5224.665,29.991
South America,2016,,2.765,5299.858,30.987
South America,2017,,2.701,5448.646,32.002
South America,2018,,2.575,5661.526,33.929
South America,2019,,2.587,5727.955,34.838
South America,2020,,2.31,5640.181,37.324
South America,2021,,2.594,5575.992,34.481
South America,2022,,2.557,6135.261,36.277
South America,2023,,2.559,6463.336,37.506
South America,2024,,2.55,6575.889,37.833
South Korea,1965,KOR,0.853,67.388,2.642
South Korea,1966,KOR,1.005,91.704,3.021
South Korea,1967,KOR,1.151,86.822,2.543
South Korea,1968,KOR,1.193,82.819,2.163
South Korea,1969,KOR,1.333,124.576,2.754
South Korea,1970,KOR,1.651,104.197,2.027
South Korea,1971,KOR,1.761,110.307,2.026
South Korea,1972,KOR,1.775,111.98,2.026
South Korea,1973,KOR,2.108,103.043,1.537
South Korea,1974,KOR,2.141,150.025,2.195
South Korea,1975,KOR,2.276,130.296,1.762
South Korea,1976,KOR,2.559,136.573,1.674
South Korea,1977,KOR,2.862,105.003,1.133
South Korea,1978,KOR,3.034,134.674,1.314
South Korea,1979,KOR,3.523,169.135,1.448
South Korea,1980,KOR,3.527,139.859,1.176
South Korea,1981,KOR,3.608,186.508,1.52
South Korea,1982,KOR,3.577,121.071,1.003
South Korea,1983,KOR,3.728,159.315,1.235
South Korea,1984,KOR,3.958,136.715,0.985
South Korea,1985,KOR,4.101,215.002,1.421
South Korea,1986,KOR,4.226,207.068,1.237
South Korea,1987,KOR,4.38,260.264,1.424
South Korea,1988,KOR,4.915,128.605,0.639
South Korea,1989,KOR,5.135,189.162,0.877
South Korea,1990,KOR,5.683,295.22,1.211
South Korea,1991,KOR,6.204,217.966,0.793
South Korea,1992,KOR,6.716,192.808,0.627
South Korea,1993,KOR,7.356,261.798,0.78
South Korea,1994,KOR,7.881,144.585,0.401
South Korea,1995,KOR,8.457,186.325,0.476
South Korea,1996,KOR,9.225,175.334,0.408
South Korea,1997,KOR,9.686,175.691,0.377
South Korea,1998,KOR,8.177,261.409,0.617
South Korea,1999,KOR,8.828,254.929,0.556
South Korea,2000,KOR,9.408,244.737,0.508
South Korea,2001,KOR,9.685,143.764,0.293
South Korea,2002,KOR,10.065,200.35,0.393
South Korea,2003,KOR,10.212,294.409,0.562
South Korea,2004,KOR,10.302,267.389,0.499
South Korea,2005,KOR,10.422,231.429,0.421
South Korea,2006,KOR,10.488,234.288,0.42
South Korea,2007,KOR,10.829,272.983,0.477
South Korea,2008,KOR,11.015,291.597,0.502
South Korea,2009,KOR,11.078,316.985,0.545
South Korea,2010,KOR,12.187,393.433,0.63
South Korea,2011,KOR,12.69,483.6,0.743
South Korea,2012,KOR,12.66,531.801,0.816
South Korea,2013,KOR,12.674,644.801,0.999
South Korea,2014,KOR,12.453,812.16,1.259
South Korea,2015,KOR,12.439,942.29,1.451
South Korea,2016,KOR,12.435,1102.805,1.65
South Korea,2017,KOR,12.713,1328.245,1.971
South Korea,2018,KOR,12.977,1639.774,2.384
South Korea,2019,KOR,12.481,1899.875,2.807
South Korea,2020,KOR,11.524,2256.865,3.466
South Korea,2021,KOR,11.882,2662.11,3.877
South Korea,2022,KOR,11.72,3016.082,4.333
South Korea,2023,KOR,11.385,3188.189,4.66
South Korea,2024,KOR,11.286,3305.514,4.748
Spain,1965,ESP,2.212,1703.051,16.379
Spain,1966,ESP,2.391,2332.191,20.088
Spain,1967,ESP,2.632,1917.571,15.445
Spain,1968,ESP,2.925,2042.333,15.804
Spain,1969,ESP,2.888,2537.794,17.539
Spain,1970,ESP,3.453,2285.865,14.758
Spain,1971,ESP,3.761,2592.122,15.362
Spain,1972,ESP,4.19,2858.02,15.847
Spain,1973,ESP,4.437,2304.441,11.773
Spain,1974,ESP,4.883,2405.719,11.957
Spain,1975,ESP,5.058,2032.528,9.943
Spain,1976,ESP,5.466,1623.407,7.499
Spain,1977,ESP,5.33,3038.018,13.73
Spain,1978,ESP,5.406,3056.386,13.892
Spain,1979,ESP,5.446,3482.773,14.835
Spain,1980,ESP,5.699,2216.835,9.441
Spain,1981,ESP,5.451,1646.933,7.0
Spain,1982,ESP,5.483,1962.398,8.403
Spain,1983,ESP,5.318,2009.779,8.454
Spain,1984,ESP,5.144,2319.983,9.666
Spain,1985,ESP,5.18,2300.898,9.707
Spain,1986,ESP,4.882,1943.315,8.054
Spain,1987,ESP,4.878,2003.069,8.032
Spain,1988,ESP,5.069,2567.468,9.898
Spain,1989,ESP,5.762,1424.726,5.238
Spain,1990,ESP,5.869,1850.935,6.819
Spain,1991,ESP,6.104,1977.927,7.06
Spain,1992,ESP,6.283,1386.613,4.743
Spain,1993,ESP,6.03,1762.109,6.274
Spain,1994,ESP,6.307,2026.872,6.927
Spain,1995,ESP,6.618,1701.533,5.624
Spain,1996,ESP,6.277,2857.789,9.156
Spain,1997,ESP,6.553,2554.797,7.897
Spain,1998,ESP,6.737,2536.84,7.534
Spain,1999,ESP,7.278,1876.009,5.341
Spain,2000,ESP,7.539,2437.485,6.598
Spain,2001,ESP,7.541,3325.656,8.709
Spain,2002,ESP,7.928,2312.318,6.016
Spain,2003,ESP,7.894,3642.437,9.207
Spain,2004,ESP,8.145,3213.824,8.02
Spain,2005,ESP,8.359,2578.969,6.442
Spain,2006,ESP,8.029,3143.563,7.933
Spain,2007,ESP,8.051,3538.539,8.869
Spain,2008,ESP,7.252,3797.784,9.972
Spain,2009,ESP,6.351,4533.11,12.913
Spain,2010,ESP,6.033,5888.193,16.49
Spain,2011,ESP,6.027,5362.245,15.329
Spain,2012,ESP,5.901,5519.315,15.917
Spain,2013,ESP,5.38,6410.15,19.29
Spain,2014,ESP,5.429,6382.356,19.445
Spain,2015,ESP,5.789,5655.077,16.977
Spain,2016,ESP,5.554,6059.299,18.117
Spain,2017,ESP,5.835,5181.652,15.319
Spain,2018,ESP,5.702,6127.056,17.923
Spain,2019,ESP,5.285,5632.346,17.063
Spain,2020,ESP,4.441,6451.247,21.929
Spain,2021,ESP,4.793,7047.321,22.272
Spain,2022,ESP,4.897,6860.192,20.877
Spain,2023,ESP,4.497,8000.788,24.822
Spain,2024,ESP,4.599,8628.893,25.863
Sri Lanka,1965,LKA,0.243,92.873,9.76
Sri Lanka,1966,LKA,0.238,99.101,10.349
Sri Lanka,1967,LKA,0.257,99.403,10.379
Sri Lanka,1968,LKA,0.276,112.19,11.552
Sri Lanka,1969,LKA,0.359,126.937,12.893
Sri Lanka,1970,LKA,0.292,167.361,10.475
Sri Lanka,1971,LKA,0.254,182.686,11.475
Sri Lanka,1972,LKA,0.276,183.7,11.224
Sri Lanka,1973,LKA,0.281,147.96,8.893
Sri Lanka,1974,LKA,0.219,208.265,14.912
Sri Lanka,1975,LKA,0.212,220.722,15.429
Sri Lanka,1976,LKA,0.202,223.382,16.179
Sri Lanka,1977,LKA,0.206,240.007,16.479
Sri Lanka,1978,LKA,0.238,265.216,17.699
Sri Lanka,1979,LKA,0.259,278.509,18.008
Sri Lanka,1980,LKA,0.226,276.899,18.073
Sri Lanka,1981,LKA,0.263,289.121,18.28
Sri Lanka,1982,LKA,0.29,292.123,17.347
Sri Lanka,1983,LKA,0.314,219.713,13.283
Sri Lanka,1984,LKA,0.248,376.358,21.653
Sri Lanka,1985,LKA,0.25,428.1,26.337
Sri Lanka,1986,LKA,0.23,467.064,27.65
Sri Lanka,1987,LKA,0.251,379.932,22.052
Sri Lanka,1988,LKA,0.213,448.611,26.665
Sri Lanka,1989,LKA,0.21,478.88,29.593
Sri Lanka,1990,LKA,0.233,534.204,29.79
Sri Lanka,1991,LKA,0.249,525.465,29.579
Sri Lanka,1992,LKA,0.301,481.22,25.59
Sri Lanka,1993,LKA,0.289,619.317,30.813
Sri Lanka,1994,LKA,0.309,657.488,30.635
Sri Lanka,1995,LKA,0.325,713.91,31.403
Sri Lanka,1996,LKA,0.383,504.498,21.369
Sri Lanka,1997,LKA,0.406,524.75,21.955
Sri Lanka,1998,LKA,0.41,584.796,23.41
Sri Lanka,1999,LKA,0.442,613.039,23.242
Sri Lanka,2000,LKA,0.518,461.887,16.823
Sri Lanka,2001,LKA,0.518,440.042,16.752
Sri Lanka,2002,LKA,0.545,374.254,13.979
Sri Lanka,2003,LKA,0.539,454.037,16.628
Sri Lanka,2004,LKA,0.593,401.44,15.216
Sri Lanka,2005,LKA,0.577,461.297,15.244
Sri Lanka,2006,LKA,0.565,611.307,18.984
Sri Lanka,2007,LKA,0.578,514.724,15.797
Sri Lanka,2008,LKA,0.565,531.504,17.442
Sri Lanka,2009,LKA,0.606,496.8,16.162
Sri Lanka,2010,LKA,0.608,716.417,21.793
Sri Lanka,2011,LKA,0.689,582.327,16.358
Sri Lanka,2012,LKA,0.727,424.394,11.61
Sri Lanka,2013,LKA,0.662,863.392,23.64
Sri Lanka,2014,LKA,0.792,580.295,14.695
Sri Lanka,2015,LKA,0.883,750.589,18.069
Sri Lanka,2016,LKA,1.02,544.566,11.92
Sri Lanka,2017,LKA,1.004,532.714,11.102
Sri Lanka,2018,LKA,0.905,801.33,16.029
Sri Lanka,2019,LKA,0.942,641.587,12.824
Sri Lanka,2020,LKA,0.905,686.401,14.89
Sri Lanka,2021,LKA,0.917,994.347,21.005
Sri Lanka,2022,LKA,0.805,986.263,23.449
Sri Lanka,2023,LKA,0.834,901.379,20.969
Sri Lanka,2024,LKA,0.901,1104.876,23.25
Sweden,1965,SWE,8.091,16675.623,33.526
Sweden,1966,SWE,9.29,16188.193,30.753
Sweden,1967,SWE,8.763,17403.83,32.567
Sweden,1968,SWE,9.809,17111.225,30.112
Sweden,1969,SWE,10.841,14582.612,25.774
Sweden,1970,SWE,11.475,14379.782,24.141
Sweden,1971,SWE,10.436,17902.68,29.832
Sweden,1972,SWE,10.428,18466.447,29.969
Sweden,1973,SWE,10.727,20591.688,31.677
Sweden,1974,SWE,9.781,19628.992,32.748
Sweden,1975,SWE,9.858,19664.24,31.076
Sweden,1976,SWE,10.732,18658.482,27.796
Sweden,1977,SWE,10.391,18144.41,27.494
Sweden,1978,SWE,9.603,19489.068,25.438
Sweden,1979,SWE,10.233,20587.92,25.528
Sweden,1980,SWE,8.629,19947.77,26.362
Sweden,1981,SWE,8.34,20294.391,27.101
Sweden,1982,SWE,7.478,18749.43,26.339
Sweden,1983,SWE,6.996,21736.48,30.82
Sweden,1984,SWE,6.874,23321.186,31.29
Sweden,1985,SWE,7.469,24291.107,30.037
Sweden,1986,SWE,7.409,20964.059,25.006
Sweden,1987,SWE,7.109,24498.871,30.041
Sweden,1988,SWE,6.807,23767.537,29.966
Sweden,1989,SWE,6.537,24274.627,31.528
Sweden,1990,SWE,6.709,24244.986,33.094
Sweden,1991,SWE,6.692,21067.799,28.996
Sweden,1992,SWE,6.635,24566.73,33.494
Sweden,1993,SWE,6.597,24579.428,34.016
Sweden,1994,SWE,6.833,19513.822,26.997
Sweden,1995,SWE,6.74,22297.711,30.274
Sweden,1996,SWE,7.166,17051.822,23.689
Sweden,1997,SWE,6.597,22729.518,30.62
Sweden,1998,SWE,6.64,24536.768,31.589
Sweden,1999,SWE,6.315,23546.432,31.011
Sweden,2000,SWE,6.187,26190.799,36.656
Sweden,2001,SWE,6.27,26046.82,34.203
Sweden,2002,SWE,6.345,22060.855,31.103
Sweden,2003,SWE,6.387,18151.115,27.305
Sweden,2004,SWE,6.274,21178.365,29.336
Sweden,2005,SWE,5.957,24610.812,33.911
Sweden,2006,SWE,5.908,21560.998,31.833
Sweden,2007,SWE,5.78,23355.402,34.16
Sweden,2008,SWE,5.506,24316.623,36.048
Sweden,2009,SWE,5.07,23476.791,38.656
Sweden,2010,SWE,5.654,24123.18,37.37
Sweden,2011,SWE,5.198,24374.992,38.676
Sweden,2012,SWE,4.896,27882.438,42.346
Sweden,2013,SWE,4.698,23367.621,38.22
Sweden,2014,SWE,4.474,23917.977,39.703
Sweden,2015,SWE,4.42,28046.465,45.535
Sweden,2016,SWE,4.364,24415.143,40.906
Sweden,2017,SWE,4.211,25395.605,41.625
Sweden,2018,SWE,4.113,24221.393,41.607
Sweden,2019,SWE,3.967,25857.174,43.747
Sweden,2020,SWE,3.537,28658.447,51.056
Sweden,2021,SWE,3.703,29504.889,50.01
Sweden,2022,SWE,3.465,30134.83,52.434
Sweden,2023,SWE,3.479,28815.332,52.459
Sweden,2024,SWE,3.592,28580.643,51.318
Switzerland,1965,CHE,5.181,11429.672,37.573
Switzerland,1966,CHE,5.322,12916.69,39.985
Switzerland,1967,CHE,5.429,13838.609,40.627
Switzerland,1968,CHE,5.931,13512.144,38.187
Switzerland,1969,CHE,6.201,12785.884,35.266
Switzerland,1970,CHE,6.512,13110.516,33.248
Switzerland,1971,CHE,6.742,12984.074,32.326
Switzerland,1972,CHE,6.854,10751.61,27.31
Switzerland,1973,CHE,7.326,11708.722,27.101
Switzerland,1974,CHE,6.532,12199.582,29.753
Switzerland,1975,CHE,6.161,14126.757,33.251
Switzerland,1976,CHE,6.416,11392.821,27.828
Switzerland,1977,CHE,6.532,15429.184,33.928
Switzerland,1978,CHE,6.712,14004.098,31.216
Switzerland,1979,CHE,6.332,13241.811,29.669
Switzerland,1980,CHE,6.405,14786.992,31.113
Switzerland,1981,CHE,6.106,15568.686,33.01
Switzerland,1982,CHE,5.722,15823.282,34.476
Switzerland,1983,CHE,6.233,15365.253,32.286
Switzerland,1984,CHE,6.071,13068.326,28.391
Switzerland,1985,CHE,6.145,13935.206,28.476
Switzerland,1986,CHE,6.492,14271.853,27.912
Switzerland,1987,CHE,6.139,14958.586,29.649
Switzerland,1988,CHE,6.163,15321.755,30.374
Switzerland,1989,CHE,5.925,12690.126,27.088
Switzerland,1990,CHE,6.576,12534.071,25.902
Switzerland,1991,CHE,6.787,13311.812,27.136
Switzerland,1992,CHE,6.693,13435.168,27.266
Switzerland,1993,CHE,6.286,14548.305,29.895
Switzerland,1994,CHE,6.101,15766.931,31.106
Switzerland,1995,CHE,6.166,14133.865,29.6
Switzerland,1996,CHE,6.237,11566.432,25.121
Switzerland,1997,CHE,6.072,13634.157,27.801
Switzerland,1998,CHE,6.276,13384.951,27.211
Switzerland,1999,CHE,6.221,15888.704,31.122
Switzerland,2000,CHE,6.072,14611.344,29.476
Switzerland,2001,CHE,6.239,16181.807,30.748
Switzerland,2002,CHE,5.972,13636.496,28.021
Switzerland,2003,CHE,6.089,13322.819,27.866
Switzerland,2004,CHE,6.125,12810.512,27.041
Switzerland,2005,CHE,6.159,11742.595,26.14
Switzerland,2006,CHE,6.066,11570.019,25.217
Switzerland,2007,CHE,5.746,12946.02,28.119
Switzerland,2008,CHE,5.85,12982.577,27.972
Switzerland,2009,CHE,5.625,12653.458,28.184
Switzerland,2010,CHE,5.755,12566.832,27.969
Switzerland,2011,CHE,5.177,11243.356,27.144
Switzerland,2012,CHE,5.281,13176.95,30.448
Switzerland,2013,CHE,5.337,12981.034,29.926
Switzerland,2014,CHE,4.792,12779.302,31.115
Switzerland,2015,CHE,4.678,12742.798,32.122
Switzerland,2016,CHE,4.684,11576.229,31.376
Switzerland,2017,CHE,4.523,11474.347,31.293
Switzerland,2018,CHE,4.338,11600.28,31.434
Switzerland,2019,CHE,4.293,12451.747,32.559
Switzerland,2020,CHE,3.975,12441.237,35.598
Switzerland,2021,CHE,4.123,12115.104,37.276
Switzerland,2022,CHE,3.748,10301.69,31.096
Switzerland,2023,CHE,3.605,12423.773,35.636
Switzerland,2024,CHE,3.595,14769.381,39.868
Taiwan,1965,TWN,1.36,547.31,10.277
Taiwan,1966,TWN,1.438,546.006,9.869
Taiwan,1967,TWN,1.58,526.323,8.945
Taiwan,1968,TWN,1.698,755.04,11.441
Taiwan,1969,TWN,1.81,583.724,8.618
Taiwan,1970,TWN,1.939,537.153,7.426
Taiwan,1971,TWN,2.082,567.822,6.376
Taiwan,1972,TWN,2.322,653.695,7.023
Taiwan,1973,TWN,2.552,598.608,5.613
Taiwan,1974,TWN,2.444,812.659,8.126
Taiwan,1975,TWN,2.655,892.982,8.248
Taiwan,1976,TWN,3.365,713.46,5.504
Taiwan,1977,TWN,3.592,656.577,4.71
Taiwan,1978,TWN,4.088,793.983,4.925
Taiwan,1979,TWN,4.272,715.283,4.267
Taiwan,1980,TWN,4.618,449.383,2.591
Taiwan,1981,TWN,4.076,722.775,4.539
Taiwan,1982,TWN,3.74,710.696,4.082
Taiwan,1983,TWN,4.024,729.082,3.832
Taiwan,1984,TWN,4.02,631.507,3.231
Taiwan,1985,TWN,3.906,852.202,4.227
Taiwan,1986,TWN,4.35,860.433,3.966
Taiwan,1987,TWN,4.522,764.969,3.292
Taiwan,1988,TWN,5.26,642.449,2.526
Taiwan,1989,TWN,5.633,691.533,2.587
Taiwan,1990,TWN,6.033,892.785,3.164
Taiwan,1991,TWN,6.43,551.669,1.866
Taiwan,1992,TWN,6.788,906.9,2.916
Taiwan,1993,TWN,7.275,573.357,1.757
Taiwan,1994,TWN,7.565,695.917,2.026
Taiwan,1995,TWN,7.897,679.951,1.878
Taiwan,1996,TWN,8.202,674.529,1.804
Taiwan,1997,TWN,8.717,740.827,1.887
Taiwan,1998,TWN,9.095,867.372,2.103
Taiwan,1999,TWN,9.369,738.706,1.723
Taiwan,2000,TWN,10.161,713.917,1.566
Taiwan,2001,TWN,10.31,811.804,1.734
Taiwan,2002,TWN,10.572,560.813,1.158
Taiwan,2003,TWN,10.992,612.152,1.214
Taiwan,2004,TWN,11.403,639.543,1.222
Taiwan,2005,TWN,11.693,743.978,1.409
Taiwan,2006,TWN,12.069,762.426,1.411
Taiwan,2007,TWN,12.174,858.308,1.531
Taiwan,2008,TWN,11.564,813.808,1.513
Taiwan,2009,TWN,10.923,763.867,1.468
Taiwan,2010,TWN,11.657,851.861,1.532
Taiwan,2011,TWN,11.892,886.988,1.604
Taiwan,2012,TWN,11.706,1077.192,1.971
Taiwan,2013,TWN,11.726,1091.144,1.964
Taiwan,2014,TWN,11.799,956.474,1.688
Taiwan,2015,TWN,11.741,994.468,1.76
Taiwan,2016,TWN,11.88,1225.059,2.162
Taiwan,2017,TWN,12.091,1182.769,2.089
Taiwan,2018,TWN,12.01,1196.118,2.094
Taiwan,2019,TWN,11.604,1460.917,2.611
Taiwan,2020,TWN,11.514,1453.762,2.676
Taiwan,2021,TWN,12.048,1701.036,2.932
Taiwan,2022,TWN,11.699,2373.543,4.235
Taiwan,2023,TWN,11.456,2686.618,5.005
Taiwan,2024,TWN,11.301,3371.988,6.268
Thailand,1965,THA,0.239,74.997,7.645
Thailand,1966,THA,0.295,92.113,8.119
Thailand,1967,THA,0.368,115.02,9.171
Thailand,1968,THA,0.502,114.779,7.333
Thailand,1969,THA,0.416,83.078,5.162
Thailand,1970,THA,0.427,138.061,7.414
Thailand,1971,THA,0.52,154.014,7.672
Thailand,1972,THA,0.574,126.536,5.326
Thailand,1973,THA,0.625,134.083,5.465
Thailand,1974,THA,0.604,170.896,6.874
Thailand,1975,THA,0.592,230.622,8.622
Thailand,1976,THA,0.682,241.136,8.737
Thailand,1977,THA,0.744,211.685,7.122
Thailand,1978,THA,0.794,133.849,4.308
Thailand,1979,THA,0.814,202.688,6.276
Thailand,1980,THA,0.871,77.461,2.436
Thailand,1981,THA,0.806,177.369,5.671
Thailand,1982,THA,0.787,224.353,7.145
Thailand,1983,THA,0.863,209.954,6.215
Thailand,1984,THA,0.915,229.7,6.25
Thailand,1985,THA,0.952,203.951,5.407
Thailand,1986,THA,0.957,300.244,7.626
Thailand,1987,THA,1.033,216.666,4.897
Thailand,1988,THA,1.147,196.766,4.017
Thailand,1989,THA,1.331,285.597,5.126
Thailand,1990,THA,1.581,250.091,3.878
Thailand,1991,THA,1.708,226.602,3.236
Thailand,1992,THA,1.867,205.52,2.724
Thailand,1993,THA,2.123,176.398,2.092
Thailand,1994,THA,2.349,212.679,2.278
Thailand,1995,THA,2.6,317.438,3.056
Thailand,1996,THA,2.897,345.275,2.978
Thailand,1997,THA,2.984,338.033,2.807
Thailand,1998,THA,2.596,245.484,2.24
Thailand,1999,THA,2.684,174.473,1.521
Thailand,2000,THA,2.656,285.864,2.432
Thailand,2001,THA,2.706,298.457,2.432
Thailand,2002,THA,2.873,350.644,2.662
Thailand,2003,THA,2.946,362.117,2.58
Thailand,2004,THA,3.168,332.936,2.204
Thailand,2005,THA,3.246,325.626,2.108
Thailand,2006,THA,3.242,426.257,2.724
Thailand,2007,THA,3.339,454.556,2.832
Thailand,2008,THA,3.316,455.979,2.862
Thailand,2009,THA,3.359,484.441,2.98
Thailand,2010,THA,3.514,472.55,2.75
Thailand,2011,THA,3.549,603.914,3.442
Thailand,2012,THA,3.778,703.091,3.781
Thailand,2013,THA,3.776,713.509,3.8
Thailand,2014,THA,3.881,818.419,4.24
Thailand,2015,THA,3.928,819.53,4.202
Thailand,2016,THA,4.009,914.672,4.617
Thailand,2017,THA,3.982,1068.898,5.318
Thailand,2018,THA,4.039,1318.597,6.379
Thailand,2019,THA,3.941,1434.843,6.951
Thailand,2020,THA,3.796,1339.471,6.97
Thailand,2021,THA,3.724,1357.22,7.034
Thailand,2022,THA,3.8,1399.12,7.248
Thailand,2023,THA,3.692,1469.342,7.608
Thailand,2024,THA,3.736,1464.25,7.403
Trinidad and Tobago,1965,TTO,5.591,0.0,0.0
Trinidad and Tobago,1966,TTO,4.297,0.0,0.0
Trinidad and Tobago,1967,TTO,4.845,0.0,0.0
Trinidad and Tobago,1968,TTO,4.166,0.0,0.0
Trinidad and Tobago,1969,TTO,3.978,0.0,0.0
Trinidad and Tobago,1970,TTO,9.068,0.0,0.0
Trinidad and Tobago,1971,TTO,8.076,109.093,0.242
Trinidad and Tobago,1972,TTO,8.114,107.766,0.176
Trinidad and Tobago,1973,TTO,9.135,88.169,0.147
Trinidad and Tobago,1974,TTO,9.649,75.065,0.131
Trinidad and Tobago,1975,TTO,9.125,68.227,0.15
Trinidad and Tobago,1976,TTO,14.921,55.682,0.11
Trinidad and Tobago,1977,TTO,14.968,66.578,0.128
Trinidad and Tobago,1978,TTO,14.004,82.884,0.161
Trinidad and Tobago,1979,TTO,15.083,81.817,0.182
Trinidad and Tobago,1980,TTO,15.083,72.431,0.169
Trinidad and Tobago,1981,TTO,15.189,52.306,0.117
Trinidad and Tobago,1982,TTO,16.033,49.001,0.095
Trinidad and Tobago,1983,TTO,14.023,43.084,0.086
Trinidad and Tobago,1984,TTO,14.922,34.634,0.071
Trinidad and Tobago,1985,TTO,17.452,44.742,0.09
Trinidad and Tobago,1986,TTO,14.423,67.532,0.132
Trinidad and Tobago,1987,TTO,14.365,79.577,0.167
Trinidad and Tobago,1988,TTO,12.87,68.594,0.132
Trinidad and Tobago,1989,TTO,12.969,65.439,0.13
Trinidad and Tobago,1990,TTO,13.559,77.363,0.139
Trinidad and Tobago,1991,TTO,13.441,61.897,0.113
Trinidad and Tobago,1992,TTO,15.018,73.721,0.128
Trinidad and Tobago,1993,TTO,13.593,68.334,0.113
Trinidad and Tobago,1994,TTO,11.908,77.618,0.122
Trinidad and Tobago,1995,TTO,11.369,79.623,0.116
Trinidad and Tobago,1996,TTO,14.181,40.836,0.053
Trinidad and Tobago,1997,TTO,14.473,43.076,0.056
Trinidad and Tobago,1998,TTO,15.182,42.932,0.055
Trinidad and Tobago,1999,TTO,17.175,42.785,0.049
Trinidad and Tobago,2000,TTO,18.45,48.474,0.054
Trinidad and Tobago,2001,TTO,20.172,70.532,0.074
Trinidad and Tobago,2002,TTO,21.533,63.814,0.06
Trinidad and Tobago,2003,TTO,24.18,31.883,0.028
Trinidad and Tobago,2004,TTO,24.297,58.618,0.046
Trinidad and Tobago,2005,TTO,28.257,56.303,0.041
Trinidad and Tobago,2006,TTO,31.433,65.88,0.041
Trinidad and Tobago,2007,TTO,33.371,49.885,0.031
Trinidad and Tobago,2008,TTO,32.39,52.347,0.033
Trinidad and Tobago,2009,TTO,32.209,50.552,0.032
Trinidad and Tobago,2010,TTO,33.961,8.278,0.005
Trinidad and Tobago,2011,TTO,33.723,8.186,0.005
Trinidad and Tobago,2012,TTO,32.881,11.434,0.007
Trinidad and Tobago,2013,TTO,32.421,11.275,0.007
Trinidad and Tobago,2014,TTO,32.978,11.151,0.007
Trinidad and Tobago,2015,TTO,31.86,11.08,0.007
Trinidad and Tobago,2016,TTO,27.743,10.936,0.008
Trinidad and Tobago,2017,TTO,27.882,10.82,0.008
Trinidad and Tobago,2018,TTO,27.41,10.581,0.008
Trinidad and Tobago,2019,TTO,27.446,10.427,0.008
Trinidad and Tobago,2020,TTO,23.661,10.428,0.009
Trinidad and Tobago,2021,TTO,24.46,10.356,0.009
Trinidad and Tobago,2022,TTO,25.063,10.274,0.009
Trinidad and Tobago,2023,TTO,23.644,10.163,0.009
Trinidad and Tobago,2024,TTO,22.932,11.434,0.011
Turkey,1965,TUR,0.846,196.792,6.992
Turkey,1966,TUR,0.95,207.247,6.581
Turkey,1967,TUR,0.983,210.181,6.62
Turkey,1968,TUR,1.038,268.551,7.452
Turkey,1969,TUR,1.083,282.929,7.369
Turkey,1970,TUR,1.162,244.093,6.12
Turkey,1971,TUR,1.27,206.746,4.791
Turkey,1972,TUR,1.398,245.833,5.224
Turkey,1973,TUR,1.509,199.527,3.826
Turkey,1974,TUR,1.516,247.911,4.768
Turkey,1975,TUR,1.595,416.202,7.345
Turkey,1976,TUR,1.752,567.219,9.082
Turkey,1977,TUR,1.898,572.628,8.548
Turkey,1978,TUR,1.76,603.917,8.689
Turkey,1979,TUR,1.688,652.283,10.173
Turkey,1980,TUR,1.659,703.559,10.777
Turkey,1981,TUR,1.712,763.98,11.839
Turkey,1982,TUR,1.825,831.576,12.066
Turkey,1983,TUR,1.857,650.344,9.331
Turkey,1984,TUR,1.918,753.707,10.516
Turkey,1985,TUR,2.089,660.46,8.719
Turkey,1986,TUR,2.238,639.574,7.911
Turkey,1987,TUR,2.436,982.086,10.896
Turkey,1988,TUR,2.32,1495.638,15.44
Turkey,1989,TUR,2.509,909.982,9.725
Turkey,1990,TUR,2.759,1152.343,11.585
Turkey,1991,TUR,2.826,1111.793,11.138
Turkey,1992,TUR,2.884,1278.919,12.401
Turkey,1993,TUR,2.954,1605.562,14.592
Turkey,1994,TUR,2.842,1421.983,13.571
Turkey,1995,TUR,3.026,1633.576,14.165
Turkey,1996,TUR,3.278,1827.905,14.756
Turkey,1997,TUR,3.429,1778.401,13.917
Turkey,1998,TUR,3.383,1856.718,14.377
Turkey,1999,TUR,3.27,1502.537,12.09
Turkey,2000,TUR,3.56,1323.956,10.096
Turkey,2001,TUR,3.274,1016.725,8.632
Turkey,2002,TUR,3.346,1389.272,10.918
Turkey,2003,TUR,3.536,1429.371,10.734
Turkey,2004,TUR,3.613,1830.71,13.0
Turkey,2005,TUR,3.861,1541.987,10.807
Turkey,2006,TUR,4.075,1703.712,10.874
Turkey,2007,TUR,4.473,1374.154,8.326
Turkey,2008,TUR,4.369,1273.659,7.784
Turkey,2009,TUR,4.396,1387.283,8.472
Turkey,2010,TUR,4.345,1986.259,11.71
Turkey,2011,TUR,4.638,2038.148,11.392
Turkey,2012,TUR,4.769,2257.445,12.031
Turkey,2013,TUR,4.589,2390.893,13.033
Turkey,2014,TUR,4.706,1762.229,9.501
Turkey,2015,TUR,4.845,2696.593,13.673
Turkey,2016,TUR,4.967,2839.983,13.986
Turkey,2017,TUR,5.183,2703.109,12.632
Turkey,2018,TUR,5.021,2976.381,14.13
Turkey,2019,TUR,4.763,3952.016,18.384
Turkey,2020,TUR,4.836,3805.278,18.103
Turkey,2021,TUR,5.276,3515.561,15.696
Turkey,2022,TUR,5.095,4055.604,18.036
Turkey,2023,TUR,5.58,4092.316,18.326
Turkey,2024,TUR,5.865,4701.284,19.786
Turkmenistan,1985,TKM,10.027,2.566,0.006
Turkmenistan,1986,TKM,10.7,2.489,0.005
Turkmenistan,1987,TKM,10.539,2.414,0.005
Turkmenistan,1988,TKM,10.451,2.341,0.005
Turkmenistan,1989,TKM,10.28,2.275,0.005
Turkmenistan,1990,TKM,8.871,2.216,0.005
Turkmenistan,1991,TKM,7.894,2.161,0.006
Turkmenistan,1992,TKM,8.111,2.958,0.008
Turkmenistan,1993,TKM,6.824,3.444,0.011
Turkmenistan,1994,TKM,8.312,2.699,0.008
Turkmenistan,1995,TKM,8.248,2.651,0.011
Turkmenistan,1996,TKM,7.424,3.257,0.009
Turkmenistan,1997,TKM,7.193,3.203,0.011
Turkmenistan,1998,TKM,7.583,3.779,0.012
Turkmenistan,1999,TKM,8.859,3.092,0.011
Turkmenistan,2000,TKM,8.589,1.912,0.007
Turkmenistan,2001,TKM,7.279,1.864,0.006
Turkmenistan,2002,TKM,6.317,1.812,0.007
Turkmenistan,2003,TKM,8.341,1.767,0.005
Turkmenistan,2004,TKM,9.954,1.724,0.005
Turkmenistan,2005,TKM,9.487,1.678,0.005
Turkmenistan,2006,TKM,9.617,1.638,0.005
Turkmenistan,2007,TKM,9.379,1.6,0.005
Turkmenistan,2008,TKM,11.12,1.557,0.005
Turkmenistan,2009,TKM,9.623,1.518,0.004
Turkmenistan,2010,TKM,10.636,1.551,0.003
Turkmenistan,2011,TKM,11.464,1.646,0.004
Turkmenistan,2012,TKM,11.524,1.835,0.003
Turkmenistan,2013,TKM,10.833,2.154,0.005
Turkmenistan,2014,TKM,10.337,2.627,0.006
Turkmenistan,2015,TKM,10.15,3.411,0.007
Turkmenistan,2016,TKM,9.763,4.003,0.007
Turkmenistan,2017,TKM,9.675,3.886,0.008
Turkmenistan,2018,TKM,9.211,3.78,0.007
Turkmenistan,2019,TKM,9.15,3.679,0.007
Turkmenistan,2020,TKM,9.051,3.603,0.006
Turkmenistan,2021,TKM,12.929,3.511,0.006
Turkmenistan,2022,TKM,14.116,3.436,0.005
Turkmenistan,2023,TKM,12.957,3.348,0.006
Turkmenistan,2024,TKM,10.809,3.299,0.007
Ukraine,1985,UKR,14.551,582.235,1.072
Ukraine,1986,UKR,14.434,576.743,1.061
Ukraine,1987,UKR,14.25,517.346,0.936
Ukraine,1988,UKR,14.065,640.804,1.163
Ukraine,1989,UKR,13.172,541.95,1.032
Ukraine,1990,UKR,13.573,561.062,0.916
Ukraine,1991,UKR,12.137,623.484,1.089
Ukraine,1992,UKR,11.267,418.495,0.867
Ukraine,1993,UKR,9.752,585.746,1.386
Ukraine,1994,UKR,8.058,646.384,1.781
Ukraine,1995,UKR,7.552,535.119,1.5
Ukraine,1996,UKR,6.868,468.077,1.396
Ukraine,1997,UKR,6.706,539.072,1.653
Ukraine,1998,UKR,6.528,867.964,2.738
Ukraine,1999,UKR,5.976,796.32,2.529
Ukraine,2000,UKR,5.764,632.273,1.985
Ukraine,2001,UKR,6.188,677.742,2.138
Ukraine,2002,UKR,6.079,543.079,1.709
Ukraine,2003,UKR,6.359,522.737,1.593
Ukraine,2004,UKR,6.474,665.709,2.023
Ukraine,2005,UKR,6.588,700.549,2.086
Ukraine,2006,UKR,7.044,730.734,2.136
Ukraine,2007,UKR,7.157,594.394,1.736
Ukraine,2008,UKR,6.963,668.923,2.014
Ukraine,2009,UKR,5.954,683.672,2.408
Ukraine,2010,UKR,6.336,752.706,2.464
Ukraine,2011,UKR,6.659,627.982,1.981
Ukraine,2012,UKR,6.588,628.161,2.021
Ukraine,2013,UKR,6.45,849.928,2.878
Ukraine,2014,UKR,5.606,574.765,2.199
Ukraine,2015,UKR,4.889,403.209,1.85
Ukraine,2016,UKR,5.132,521.131,2.277
Ukraine,2017,UKR,4.914,612.043,2.87
Ukraine,2018,UKR,5.13,730.093,3.282
Ukraine,2019,UKR,4.942,681.338,3.22
Ukraine,2020,UKR,4.635,960.803,4.707
Ukraine,2021,UKR,4.755,1233.325,5.89
Ukraine,2022,UKR,3.485,1121.01,7.503
Ukraine,2023,UKR,3.692,1354.215,8.777
Ukraine,2024,UKR,3.764,1305.943,8.299
United Arab Emirates,1965,ARE,0.132,0.0,0.0
United Arab Emirates,1966,ARE,0.147,0.0,0.0
United Arab Emirates,1967,ARE,5.097,0.0,0.0
United Arab Emirates,1968,ARE,6.228,0.0,0.0
United Arab Emirates,1969,ARE,85.563,0.0,0.0
United Arab Emirates,1970,ARE,53.166,0.0,0.0
United Arab Emirates,1971,ARE,63.177,0.0,0.0
United Arab Emirates,1972,ARE,60.866,0.0,0.0
United Arab Emirates,1973,ARE,70.13,0.0,0.0
United Arab Emirates,1974,ARE,63.999,0.0,0.0
United Arab Emirates,1975,ARE,57.187,0.0,0.0
United Arab Emirates,1976,ARE,64.328,0.0,0.0
United Arab Emirates,1977,ARE,54.565,0.0,0.0
United Arab Emirates,1978,ARE,55.319,0.0,0.0
United Arab Emirates,1979,ARE,40.095,0.0,0.0
United Arab Emirates,1980,ARE,36.289,0.0,0.0
United Arab Emirates,1981,ARE,33.468,0.0,0.0
United Arab Emirates,1982,ARE,31.566,0.0,0.0
United Arab Emirates,1983,ARE,28.567,0.0,0.0
United Arab Emirates,1984,ARE,35.456,0.0,0.0
United Arab Emirates,1985,ARE,36.162,0.0,0.0
United Arab Emirates,1986,ARE,32.136,0.0,0.0
United Arab Emirates,1987,ARE,30.24,0.0,0.0
United Arab Emirates,1988,ARE,28.704,0.0,0.0
United Arab Emirates,1989,ARE,30.385,0.0,0.0
United Arab Emirates,1990,ARE,27.346,0.0,0.0
United Arab Emirates,1991,ARE,28.354,0.0,0.0
United Arab Emirates,1992,ARE,27.429,0.0,0.0
United Arab Emirates,1993,ARE,29.626,0.0,0.0
United Arab Emirates,1994,ARE,32.364,0.0,0.0
United Arab Emirates,1995,ARE,29.932,0.0,0.0
United Arab Emirates,1996,ARE,29.195,0.0,0.0
United Arab Emirates,1997,ARE,26.016,0.0,0.0
United Arab Emirates,1998,ARE,26.517,0.0,0.0
United Arab Emirates,1999,ARE,23.835,0.0,0.0
United Arab Emirates,2000,ARE,32.138,0.0,0.0
United Arab Emirates,2001,ARE,27.365,0.0,0.0
United Arab Emirates,2002,ARE,21.536,0.0,0.0
United Arab Emirates,2003,ARE,25.547,0.0,0.0
United Arab Emirates,2004,ARE,25.394,0.0,0.0
United Arab Emirates,2005,ARE,24.711,0.0,0.0
United Arab Emirates,2006,ARE,24.5,0.0,0.0
United Arab Emirates,2007,ARE,23.842,0.0,0.0
United Arab Emirates,2008,ARE,24.598,0.0,0.0
United Arab Emirates,2009,ARE,25.21,2.487,0.002
United Arab Emirates,2010,ARE,26.786,6.915,0.005
United Arab Emirates,2011,ARE,27.574,7.447,0.005
United Arab Emirates,2012,ARE,27.787,8.334,0.006
United Arab Emirates,2013,ARE,27.348,28.382,0.02
United Arab Emirates,2014,ARE,26.045,96.2,0.07
United Arab Emirates,2015,ARE,25.943,87.725,0.062
United Arab Emirates,2016,ARE,25.235,87.917,0.063
United Arab Emirates,2017,ARE,21.279,201.72,0.154
United Arab Emirates,2018,ARE,21.837,318.861,0.263
United Arab Emirates,2019,ARE,21.76,964.934,0.744
United Arab Emirates,2020,ARE,22.783,1355.128,1.082
United Arab Emirates,2021,ARE,21.675,1573.308,1.243
United Arab Emirates,2022,ARE,20.221,1861.37,1.411
United Arab Emirates,2023,ARE,19.773,3376.683,2.514
United Arab Emirates,2024,ARE,20.131,3467.941,2.519
United Kingdom,1965,GBR,11.445,235.676,0.554
United Kingdom,1966,GBR,11.304,230.447,0.542
United Kingdom,1967,GBR,10.77,246.835,0.583
United Kingdom,1968,GBR,10.979,187.161,0.429
United Kingdom,1969,GBR,11.331,163.092,0.362
United Kingdom,1970,GBR,11.724,226.359,0.494
United Kingdom,1971,GBR,11.816,167.64,0.375
United Kingdom,1972,GBR,11.556,167.075,0.369
United Kingdom,1973,GBR,11.739,189.737,0.4
United Kingdom,1974,GBR,10.977,201.128,0.447
United Kingdom,1975,GBR,10.73,189.632,0.447
United Kingdom,1976,GBR,10.65,224.195,0.518
United Kingdom,1977,GBR,10.759,195.517,0.443
United Kingdom,1978,GBR,10.765,201.303,0.453
United Kingdom,1979,GBR,11.464,212.612,0.458
United Kingdom,1980,GBR,10.288,195.148,0.462
United Kingdom,1981,GBR,9.956,218.011,0.531
United Kingdom,1982,GBR,9.739,223.83,0.552
United Kingdom,1983,GBR,9.683,223.674,0.55
United Kingdom,1984,GBR,9.373,223.251,0.55
United Kingdom,1985,GBR,9.886,194.089,0.46
United Kingdom,1986,GBR,10.018,233.438,0.54
United Kingdom,1987,GBR,10.049,204.444,0.475
United Kingdom,1988,GBR,10.0,237.979,0.547
United Kingdom,1989,GBR,10.17,232.07,0.534
United Kingdom,1990,GBR,10.493,280.668,0.643
United Kingdom,1991,GBR,10.588,256.69,0.578
United Kingdom,1992,GBR,10.289,309.63,0.704
United Kingdom,1993,GBR,10.017,281.702,0.635
United Kingdom,1994,GBR,9.896,343.348,0.785
United Kingdom,1995,GBR,9.735,329.142,0.752
United Kingdom,1996,GBR,10.065,281.793,0.615
United Kingdom,1997,GBR,9.628,353.438,0.788
United Kingdom,1998,GBR,9.698,425.506,0.943
United Kingdom,1999,GBR,9.546,474.194,1.06
United Kingdom,2000,GBR,9.635,489.156,1.087
United Kingdom,2001,GBR,9.749,472.535,1.043
United Kingdom,2002,GBR,9.41,545.296,1.237
United Kingdom,2003,GBR,9.556,531.512,1.194
United Kingdom,2004,GBR,9.53,691.013,1.549
United Kingdom,2005,GBR,9.412,830.711,1.86
United Kingdom,2006,GBR,9.301,895.823,2.047
United Kingdom,2007,GBR,9.093,986.934,2.337
United Kingdom,2008,GBR,8.785,1156.427,2.81
United Kingdom,2009,GBR,7.905,1155.193,2.989
United Kingdom,2010,GBR,8.125,1192.189,3.043
United Kingdom,2011,GBR,7.396,1561.658,4.268
United Kingdom,2012,GBR,7.622,1801.004,4.869
United Kingdom,2013,GBR,7.418,2457.214,6.655
United Kingdom,2014,GBR,6.765,2942.152,8.506
United Kingdom,2015,GBR,6.461,3658.91,10.562
United Kingdom,2016,GBR,6.062,3610.795,10.659
United Kingdom,2017,GBR,5.838,4189.004,12.44
United Kingdom,2018,GBR,5.689,4667.942,13.98
United Kingdom,2019,GBR,5.435,5081.304,15.684
United Kingdom,2020,GBR,4.844,5556.822,19.068
United Kingdom,2021,GBR,5.059,5098.234,17.482
United Kingdom,2022,GBR,4.563,5568.103,19.072
United Kingdom,2023,GBR,4.482,5552.381,19.976
United Kingdom,2024,GBR,4.526,5903.351,21.293
United States,1965,USA,17.375,3037.861,4.127
United States,1966,USA,18.013,3022.837,3.94
United States,1967,USA,18.463,3363.971,4.29
United States,1968,USA,18.92,3361.12,4.092
United States,1969,USA,19.655,3711.154,4.345
United States,1970,USA,20.884,3632.801,4.157
United States,1971,USA,20.746,3840.237,4.359
United States,1972,USA,21.486,3911.643,4.278
United States,1973,USA,22.221,3884.909,4.118
United States,1974,USA,21.23,4225.846,4.638
United States,1975,USA,20.145,4163.427,4.738
United States,1976,USA,20.896,3958.865,4.311
United States,1977,USA,21.273,3139.539,3.364
United States,1978,USA,21.728,3870.866,4.098
United States,1979,USA,21.57,3843.797,4.065
United States,1980,USA,20.579,3770.315,4.19
United States,1981,USA,19.568,3556.65,4.114
United States,1982,USA,18.381,4088.043,4.983
United States,1983,USA,18.34,4362.81,5.393
United States,1984,USA,18.714,4266.622,5.066
United States,1985,USA,18.6,3771.364,4.533
United States,1986,USA,18.438,3877.473,4.661
United States,1987,USA,19.06,3423.941,4.017
United States,1988,USA,19.718,3087.488,3.495
United States,1989,USA,19.788,3679.75,4.106
United States,1990,USA,20.254,4013.992,4.516
United States,1991,USA,19.793,3962.816,4.519
United States,1992,USA,19.949,3590.961,4.083
United States,1993,USA,20.102,3885.076,4.377
United States,1994,USA,20.197,3645.031,4.076
United States,1995,USA,20.23,4114.201,4.551
United States,1996,USA,20.679,4433.159,4.791
United States,1997,USA,20.745,4509.891,4.884
United States,1998,USA,20.775,4131.355,4.489
United States,1999,USA,20.806,4065.928,4.383
United States,2000,USA,21.398,3623.22,3.856
United States,2001,USA,20.767,2987.609,3.287
United States,2002,USA,20.718,3514.352,3.851
United States,2003,USA,20.718,3638.041,4.012
United States,2004,USA,20.874,3611.492,3.944
United States,2005,USA,20.719,3677.244,4.055
United States,2006,USA,20.237,4008.919,4.502
United States,2007,USA,20.28,3773.604,4.222
United States,2008,USA,19.409,4168.733,4.833
United States,2009,USA,17.811,4547.645,5.601
United States,2010,USA,18.225,4687.653,5.642
United States,2011,USA,17.634,5424.356,6.653
United States,2012,USA,16.812,5231.158,6.652
United States,2013,USA,17.099,5510.078,6.888
United States,2014,USA,17.119,5617.922,7.015
United States,2015,USA,16.461,5673.692,7.219
United States,2016,USA,15.935,6214.849,7.993
United States,2017,USA,15.639,6767.344,8.755
United States,2018,USA,16.001,6865.852,8.64
United States,2019,USA,15.5,7014.947,8.967
United States,2020,USA,13.817,7299.329,10.123
United States,2021,USA,14.758,7672.989,10.116
United States,2022,USA,14.802,8389.356,10.875
United States,2023,USA,14.319,8499.214,11.212
United States,2024,USA,14.197,9192.194,12.05
Upper-middle-income countries,1965,,1.36,334.682,4.127
Upper-middle-income countries,1966,,1.425,360.619,4.277
Upper-middle-income countries,1967,,1.382,347.362,4.117
Upper-middle-income countries,1968,,1.438,390.61,4.556
Upper-middle-income countries,1969,,1.539,411.697,4.601
Upper-middle-income countries,1970,,1.72,447.104,4.71
Upper-middle-income countries,1971,,1.822,453.908,4.558
Upper-middle-income countries,1972,,1.879,467.015,4.515
Upper-middle-income countries,1973,,1.956,481.216,4.476
Upper-middle-income countries,1974,,1.978,522.909,4.713
Upper-middle-income countries,1975,,2.083,525.772,4.535
Upper-middle-income countries,1976,,2.158,563.483,4.716
Upper-middle-income countries,1977,,2.251,603.904,4.849
Upper-middle-income countries,1978,,2.38,648.044,5.003
Upper-middle-income countries,1979,,2.409,690.224,5.216
Upper-middle-income countries,1980,,2.386,739.514,5.543
Upper-middle-income countries,1981,,2.324,763.182,5.716
Upper-middle-income countries,1982,,2.402,773.149,5.694
Upper-middle-income countries,1983,,2.43,805.916,5.851
Upper-middle-income countries,1984,,2.504,872.648,6.145
Upper-middle-income countries,1985,,2.625,636.31,7.11
Upper-middle-income countries,1986,,2.671,650.518,7.133
Upper-middle-income countries,1987,,2.726,676.24,7.189
Upper-middle-income countries,1988,,2.809,718.904,7.42
Upper-middle-income countries,1989,,2.779,719.11,7.383
Upper-middle-income countries,1990,,2.759,737.185,7.348
Upper-middle-income countries,1991,,2.765,744.029,7.387
Upper-middle-income countries,1992,,2.762,762.443,7.548
Upper-middle-income countries,1993,,2.798,828.527,8.151
Upper-middle-income countries,1994,,2.827,857.18,8.277
Upper-middle-income countries,1995,,2.937,910.252,8.667
Upper-middle-income countries,1996,,2.996,924.079,8.559
Upper-middle-income countries,1997,,3.014,933.983,8.583
Upper-middle-income countries,1998,,2.927,954.63,8.865
Upper-middle-income countries,1999,,2.998,942.404,8.662
Upper-middle-income countries,2000,,3.033,978.633,8.744
Upper-middle-income countries,2001,,3.069,985.293,8.611
Upper-middle-income countries,2002,,3.215,1018.837,8.537
Upper-middle-income countries,2003,,3.578,1023.688,7.899
Upper-middle-income countries,2004,,3.777,1140.903,7.969
Upper-middle-income countries,2005,,4.055,1209.47,7.849
Upper-middle-income countries,2006,,4.318,1282.473,7.836
Upper-middle-income countries,2007,,4.515,1351.447,7.804
Upper-middle-income countries,2008,,4.73,1523.354,8.584
Upper-middle-income countries,2009,,4.818,1524.419,8.492
Upper-middle-income countries,2010,,5.151,1685.353,8.938
Upper-middle-income countries,2011,,5.52,1710.436,8.602
Upper-middle-income countries,2012,,5.631,1889.578,9.236
Upper-middle-income countries,2013,,5.671,1964.565,9.458
Upper-middle-income countries,2014,,5.672,2126.72,10.131
Upper-middle-income countries,2015,,5.571,2223.881,10.653
Upper-middle-income countries,2016,,5.486,2363.684,11.29
Upper-middle-income countries,2017,,5.57,2513.576,11.72
Upper-middle-income countries,2018,,5.673,2715.421,12.338
Upper-middle-income countries,2019,,5.814,2946.056,13.013
Upper-middle-income countries,2020,,5.735,3089.431,13.662
Upper-middle-income countries,2021,,5.953,3320.291,14.002
Upper-middle-income countries,2022,,6.131,3617.865,14.935
Upper-middle-income countries,2023,,6.321,3844.159,15.269
Upper-middle-income countries,2024,,6.377,4324.113,16.68
Uzbekistan,1985,UZB,5.554,844.031,3.244
Uzbekistan,1986,UZB,5.177,697.369,2.81
Uzbekistan,1987,UZB,5.16,993.499,3.956
Uzbekistan,1988,UZB,5.195,1022.555,4.159
Uzbekistan,1989,UZB,5.212,765.06,3.084
Uzbekistan,1990,UZB,5.039,902.355,3.562
Uzbekistan,1991,UZB,4.881,799.163,3.278
Uzbekistan,1992,UZB,5.166,812.062,3.602
Uzbekistan,1993,UZB,5.258,929.549,4.049
Uzbekistan,1994,UZB,4.887,884.9,3.981
Uzbekistan,1995,UZB,4.573,750.03,3.398
Uzbekistan,1996,UZB,4.633,776.165,3.479
Uzbekistan,1997,UZB,4.589,675.418,3.104
Uzbekistan,1998,UZB,5.012,662.709,3.093
Uzbekistan,1999,UZB,5.049,645.984,2.725
Uzbekistan,2000,UZB,4.982,658.834,2.75
Uzbekistan,2001,UZB,5.031,662.469,2.793
Uzbekistan,2002,UZB,5.22,667.242,2.778
Uzbekistan,2003,UZB,5.068,758.25,3.532
Uzbekistan,2004,UZB,4.96,676.057,3.172
Uzbekistan,2005,UZB,4.614,701.249,3.298
Uzbekistan,2006,UZB,4.678,585.825,2.986
Uzbekistan,2007,UZB,4.573,634.257,3.086
Uzbekistan,2008,UZB,4.669,420.891,2.215
Uzbekistan,2009,UZB,3.91,609.053,3.253
Uzbekistan,2010,UZB,3.793,751.566,4.069
Uzbekistan,2011,UZB,4.051,514.239,2.7
Uzbekistan,2012,UZB,4.062,559.732,3.02
Uzbekistan,2013,UZB,3.781,539.489,2.945
Uzbekistan,2014,UZB,3.557,520.727,2.785
Uzbekistan,2015,UZB,3.362,495.677,2.827
Uzbekistan,2016,UZB,3.511,551.306,3.319
Uzbekistan,2017,UZB,3.422,623.511,3.698
Uzbekistan,2018,UZB,3.161,453.67,2.73
Uzbekistan,2019,UZB,3.275,486.9,2.96
Uzbekistan,2020,UZB,3.22,368.026,2.293
Uzbekistan,2021,UZB,3.597,363.979,2.167
Uzbekistan,2022,UZB,3.409,404.271,2.387
Uzbekistan,2023,UZB,3.446,521.76,3.104
Uzbekistan,2024,UZB,3.829,874.0,4.582
Venezuela,1965,VEN,6.262,392.128,1.988
Venezuela,1966,VEN,5.683,386.539,2.007
Venezuela,1967,VEN,6.348,438.716,2.233
Venezuela,1968,VEN,6.13,713.56,3.479
Venezuela,1969,VEN,6.244,802.617,3.995
Venezuela,1970,VEN,6.541,1001.072,5.095
Venezuela,1971,VEN,5.323,1275.207,6.589
Venezuela,1972,VEN,5.167,1382.095,6.963
Venezuela,1973,VEN,5.33,1387.38,6.29
Venezuela,1974,VEN,5.848,1667.919,7.534
Venezuela,1975,VEN,4.824,1877.16,8.4
Venezuela,1976,VEN,4.21,2159.541,9.103
Venezuela,1977,VEN,4.545,2412.119,9.393
Venezuela,1978,VEN,4.759,2356.838,9.244
Venezuela,1979,VEN,5.155,2666.448,9.764
Venezuela,1980,VEN,5.942,2655.58,8.933
Venezuela,1981,VEN,5.854,2671.658,8.906
Venezuela,1982,VEN,5.784,2724.731,9.155
Venezuela,1983,VEN,5.612,3029.488,10.503
Venezuela,1984,VEN,5.471,3305.961,11.551
Venezuela,1985,VEN,5.79,3602.861,12.589
Venezuela,1986,VEN,6.099,3899.124,13.021
Venezuela,1987,VEN,6.021,4657.523,16.005
Venezuela,1988,VEN,6.139,5034.615,17.051
Venezuela,1989,VEN,5.615,4976.733,17.139
Venezuela,1990,VEN,6.096,5181.345,17.21
Venezuela,1991,VEN,5.625,6093.494,20.633
Venezuela,1992,VEN,5.04,6318.689,20.228
Venezuela,1993,VEN,5.789,6204.953,20.538
Venezuela,1994,VEN,5.48,6557.162,20.434
Venezuela,1995,VEN,5.625,6439.479,19.9
Venezuela,1996,VEN,5.222,6600.222,21.392
Venezuela,1997,VEN,5.609,6877.049,21.523
Venezuela,1998,VEN,5.72,6817.292,21.702
Venezuela,1999,VEN,5.947,6994.48,23.347
Venezuela,2000,VEN,5.826,7122.168,22.962
Venezuela,2001,VEN,5.229,6683.929,20.705
Venezuela,2002,VEN,6.457,6412.523,20.257
Venezuela,2003,VEN,5.962,6370.03,22.8
Venezuela,2004,VEN,5.423,7209.532,23.593
Venezuela,2005,VEN,5.541,7736.456,24.798
Venezuela,2006,VEN,5.724,7995.783,23.661
Venezuela,2007,VEN,5.576,7987.026,22.963
Venezuela,2008,VEN,5.552,8155.572,23.217
Venezuela,2009,VEN,5.351,7922.412,22.612
Venezuela,2010,VEN,6.58,6928.836,21.151
Venezuela,2011,VEN,5.781,7381.627,21.631
Venezuela,2012,VEN,5.95,7128.419,20.228
Venezuela,2013,VEN,6.634,6976.054,20.392
Venezuela,2014,VEN,5.817,6776.306,20.501
Venezuela,2015,VEN,5.44,6201.043,19.806
Venezuela,2016,VEN,4.964,5151.24,18.015
Venezuela,2017,VEN,4.551,5738.237,20.355
Venezuela,2018,VEN,3.732,5452.387,22.65
Venezuela,2019,VEN,3.643,5376.025,24.05
Venezuela,2020,VEN,2.844,5834.438,32.081
Venezuela,2021,VEN,3.361,5919.672,28.157
Venezuela,2022,VEN,3.843,5968.034,26.484
Venezuela,2023,VEN,4.226,6261.651,25.759
Venezuela,2024,VEN,4.085,6255.71,25.84
Vietnam,1965,VNM,0.354,25.436,3.213
Vietnam,1966,VNM,0.504,28.49,2.107
Vietnam,1967,VNM,0.59,30.709,1.686
Vietnam,1968,VNM,0.594,33.556,1.815
Vietnam,1969,VNM,0.667,36.962,1.728
Vietnam,1970,VNM,0.679,40.185,1.841
Vietnam,1971,VNM,0.577,40.179,2.113
Vietnam,1972,VNM,0.53,26.992,1.498
Vietnam,1973,VNM,0.564,26.27,1.412
Vietnam,1974,VNM,0.42,25.69,1.9
Vietnam,1975,VNM,0.468,29.88,2.035
Vietnam,1976,VNM,0.291,32.447,3.92
Vietnam,1977,VNM,0.311,34.045,3.948
Vietnam,1978,VNM,0.306,44.224,5.078
Vietnam,1979,VNM,0.316,54.065,5.893
Vietnam,1980,VNM,0.32,78.745,7.671
Vietnam,1981,VNM,0.329,77.898,7.751
Vietnam,1982,VNM,0.333,78.772,7.511
Vietnam,1983,VNM,0.342,60.301,5.626
Vietnam,1984,VNM,0.303,76.971,7.299
Vietnam,1985,VNM,0.357,69.467,6.684
Vietnam,1986,VNM,0.341,64.764,5.87
Vietnam,1987,VNM,0.378,62.425,5.126
Vietnam,1988,VNM,0.367,79.165,6.643
Vietnam,1989,VNM,0.271,166.197,15.016
Vietnam,1990,VNM,0.325,227.677,19.581
Vietnam,1991,VNM,0.32,262.323,22.676
Vietnam,1992,VNM,0.314,294.135,23.761
Vietnam,1993,VNM,0.328,317.95,22.917
Vietnam,1994,VNM,0.386,362.363,23.82
Vietnam,1995,VNM,0.418,407.973,23.467
Vietnam,1996,VNM,0.485,455.948,23.225
Vietnam,1997,VNM,0.613,436.238,19.526
Vietnam,1998,VNM,0.636,409.291,17.158
Vietnam,1999,VNM,0.636,501.539,20.617
Vietnam,2000,VNM,0.699,523.88,19.107
Vietnam,2001,VNM,0.782,645.175,21.061
Vietnam,2002,VNM,0.883,632.933,19.066
Vietnam,2003,VNM,0.971,650.208,18.345
Vietnam,2004,VNM,1.107,601.044,14.008
Vietnam,2005,VNM,1.182,550.081,12.158
Vietnam,2006,VNM,1.213,643.881,15.766
Vietnam,2007,VNM,1.213,716.457,16.349
Vietnam,2008,VNM,1.342,806.987,15.182
Vietnam,2009,VNM,1.44,912.607,17.054
Vietnam,2010,VNM,1.596,852.728,13.931
Vietnam,2011,VNM,1.725,1206.188,18.079
Vietnam,2012,VNM,1.612,1538.182,22.488
Vietnam,2013,VNM,1.672,1636.788,22.935
Vietnam,2014,VNM,1.964,1729.471,22.221
Vietnam,2015,VNM,2.299,1536.528,17.797
Vietnam,2016,VNM,2.351,1718.672,18.653
Vietnam,2017,VNM,2.392,2273.606,23.117
Vietnam,2018,VNM,2.655,2176.498,19.655
Vietnam,2019,VNM,3.492,1836.581,14.914
Vietnam,2020,VNM,3.697,2140.883,17.276
Vietnam,2021,VNM,3.176,2702.946,22.16
Vietnam,2022,VNM,3.237,3234.698,25.312
Vietnam,2023,VNM,3.462,2892.523,21.388
Vietnam,2024,VNM,3.673,3107.219,21.534
World,1965,,3.392,788.618,6.088
World,1966,,3.485,823.706,6.155
World,1967,,3.523,825.001,6.068
World,1968,,3.64,852.183,6.036
World,1969,,3.802,883.648,5.979
World,1970,,4.033,908.531,5.893
World,1971,,4.113,930.997,5.927
World,1972,,4.22,956.234,5.886
World,1973,,4.356,952.363,5.65
World,1974,,4.253,1025.201,6.168
World,1975,,4.173,1018.772,6.201
World,1976,,4.31,999.865,5.881
World,1977,,4.352,1017.017,5.876
World,1978,,4.433,1081.729,6.121
World,1979,,4.466,1117.582,6.231
World,1980,,4.364,1123.822,6.436
World,1981,,4.169,1128.46,6.612
World,1982,,4.06,1134.477,6.805
World,1983,,4.024,1166.355,7.006
World,1984,,4.069,1189.675,6.963
World,1985,,4.137,1193.784,6.929
World,1986,,4.122,1194.832,6.909
World,1987,,4.18,1192.069,6.775
World,1988,,4.263,1208.385,6.741
World,1989,,4.241,1190.145,6.63
World,1990,,4.267,1216.306,6.796
World,1991,,4.282,1225.437,6.917
World,1992,,4.09,1210.905,6.903
World,1993,,4.069,1262.402,7.251
World,1994,,4.048,1256.154,7.232
World,1995,,4.084,1304.487,7.458
World,1996,,4.148,1303.553,7.347
World,1997,,4.115,1313.94,7.438
World,1998,,4.045,1310.927,7.482
World,1999,,4.079,1309.29,7.451
World,2000,,4.134,1320.943,7.426
World,2001,,4.108,1273.369,7.183
World,2002,,4.144,1284.186,7.186
World,2003,,4.307,1273.614,6.975
World,2004,,4.399,1354.974,7.153
World,2005,,4.494,1389.302,7.192
World,2006,,4.586,1438.667,7.339
World,2007,,4.662,1474.353,7.383
World,2008,,4.683,1566.274,7.855
World,2009,,4.546,1580.894,8.161
World,2010,,4.745,1678.271,8.37
World,2011,,4.849,1732.376,8.549
World,2012,,4.854,1819.292,8.963
World,2013,,4.838,1910.23,9.367
World,2014,,4.805,1981.946,9.732
World,2015,,4.739,2027.167,10.0
World,2016,,4.682,2114.392,10.431
World,2017,,4.705,2210.507,10.793
World,2018,,4.752,2329.168,11.202
World,2019,,4.748,2424.215,11.651
World,2020,,4.458,2540.979,12.781
World,2021,,4.635,2664.807,12.861
World,2022,,4.678,2824.636,13.504
World,2023,,4.708,2943.058,13.943
World,2024,,4.729,3182.934,14.822
