Entity,Code,Year,GDP per capita,World region according to OWID,renewables_energy_per_capita,renewables_share_energy
Algeria,DZA,1990,11728.546,Africa,14.778,0.119
Algeria,DZA,1991,11314.864,Africa,31.318,0.261
Algeria,DZA,1992,11241.415,Africa,20.759,0.173
Algeria,DZA,1993,10743.706,Africa,35.948,0.329
Algeria,DZA,1994,10414.035,Africa,16.535,0.153
Algeria,DZA,1995,10588.443,Africa,18.831,0.171
Algeria,DZA,1996,10808.879,Africa,12.916,0.121
Algeria,DZA,1997,10725.968,Africa,7.043,0.07
Algeria,DZA,1998,11094.888,Africa,19.872,0.194
Algeria,DZA,1999,11292.037,Africa,18.504,0.181
Algeria,DZA,2000,11558.221,Africa,4.854,0.05
Algeria,DZA,2001,11742.595,Africa,6.084,0.061
Algeria,DZA,2002,12213.126,Africa,4.918,0.049
Algeria,DZA,2003,12835.182,Africa,22.441,0.214
Algeria,DZA,2004,13226.765,Africa,20.847,0.194
Algeria,DZA,2005,13738.496,Africa,45.085,0.408
Algeria,DZA,2006,13920.694,Africa,17.304,0.153
Algeria,DZA,2007,14114.675,Africa,17.58,0.15
Algeria,DZA,2008,14206.776,Africa,21.446,0.176
Algeria,DZA,2009,14104.428,Africa,25.292,0.2
Algeria,DZA,2010,14496.421,Africa,13.104,0.108
Algeria,DZA,2011,14641.964,Africa,27.808,0.221
Algeria,DZA,2012,14697.54,Africa,28.461,0.211
Algeria,DZA,2013,14778.191,Africa,8.495,0.061
Algeria,DZA,2014,15073.763,Africa,16.485,0.11
Algeria,DZA,2015,15239.518,Africa,14.044,0.091
Algeria,DZA,2016,15511.686,Africa,20.669,0.137
Algeria,DZA,2017,15427.664,Africa,34.721,0.232
Algeria,DZA,2018,15343.426,Africa,42.722,0.271
Algeria,DZA,2019,15199.199,Africa,44.423,0.277
Algeria,DZA,2020,14194.155,Africa,41.616,0.283
Algeria,DZA,2021,14496.865,Africa,37.627,0.238
Algeria,DZA,2022,14782.2,Africa,36.792,0.228
Algeria,DZA,2023,15159.324,Africa,38.516,0.227
Algeria,DZA,2024,15501.92,Africa,39.236,0.242
Argentina,ARG,1990,17007.285,South America,1514.809,9.729
Argentina,ARG,1991,18295.61,South America,1338.858,8.57
Argentina,ARG,1992,19476.283,South America,1592.073,9.64
Argentina,ARG,1993,20791.346,South America,1941.955,11.552
Argentina,ARG,1994,21711.844,South America,2198.729,12.563
Argentina,ARG,1995,20819.5,South America,2109.872,11.83
Argentina,ARG,1996,21695.596,South America,1778.042,9.646
Argentina,ARG,1997,23172.158,South America,2174.478,11.781
Argentina,ARG,1998,23783.102,South America,2042.183,10.78
Argentina,ARG,1999,22714.512,South America,1640.209,8.606
Argentina,ARG,2000,22281.38,South America,2167.966,11.557
Argentina,ARG,2001,21066.459,South America,2719.51,15.036
Argentina,ARG,2002,18571.701,South America,2626.436,15.335
Argentina,ARG,2003,20005.139,South America,2474.063,13.613
Argentina,ARG,2004,21591.45,South America,2201.711,11.465
Argentina,ARG,2005,23262.408,South America,2423.348,12.032
Argentina,ARG,2006,24877.25,South America,2652.587,12.678
Argentina,ARG,2007,26850.664,South America,2162.664,10.024
Argentina,ARG,2008,27658.484,South America,2132.41,9.872
Argentina,ARG,2009,25747.197,South America,2317.319,11.193
Argentina,ARG,2010,28056.258,South America,2353.397,11.092
Argentina,ARG,2011,29425.76,South America,2249.753,10.412
Argentina,ARG,2012,28825.967,South America,2160.214,9.701
Argentina,ARG,2013,29227.66,South America,2387.985,10.134
Argentina,ARG,2014,28200.814,South America,2385.344,10.396
Argentina,ARG,2015,28669.207,South America,2373.331,10.275
Argentina,ARG,2016,27802.105,South America,2184.091,9.586
Argentina,ARG,2017,28334.904,South America,2338.09,10.445
Argentina,ARG,2018,27367.115,South America,2376.033,10.824
Argentina,ARG,2019,26629.553,South America,2334.881,11.417
Argentina,ARG,2020,23877.094,South America,2246.39,11.833
Argentina,ARG,2021,26300.273,South America,2276.367,10.947
Argentina,ARG,2022,27825.027,South America,2630.946,12.01
Argentina,ARG,2023,27230.396,South America,3083.319,14.1
Argentina,ARG,2024,26771.965,South America,3158.544,14.803
Australia,AUS,1990,36267.742,Oceania,2532.481,4.137
Australia,AUS,1991,35670.668,Oceania,2636.145,4.394
Australia,AUS,1992,35426.285,Oceania,2644.512,4.389
Australia,AUS,1993,36533.15,Oceania,2689.136,4.407
Australia,AUS,1994,37622.652,Oceania,2631.734,4.196
Australia,AUS,1995,38653.336,Oceania,2546.364,4.002
Australia,AUS,1996,39663.16,Oceania,2589.703,4.0
Australia,AUS,1997,40773.566,Oceania,2568.729,3.914
Australia,AUS,1998,42257.17,Oceania,2535.081,3.813
Australia,AUS,1999,43899.074,Oceania,2591.266,3.786
Australia,AUS,2000,45099.074,Oceania,2562.243,3.765
Australia,AUS,2001,45428.2,Oceania,2477.333,3.655
Australia,AUS,2002,46688.395,Oceania,2535.098,3.711
Australia,AUS,2003,47581.23,Oceania,2600.875,3.797
Australia,AUS,2004,49061.277,Oceania,2676.806,3.829
Australia,AUS,2005,49997.066,Oceania,2839.375,4.095
Australia,AUS,2006,50693.727,Oceania,2867.825,4.024
Australia,AUS,2007,51663.242,Oceania,2716.251,3.786
Australia,AUS,2008,52473.383,Oceania,2503.279,3.499
Australia,AUS,2009,52407.91,Oceania,2574.128,3.722
Australia,AUS,2010,52739.27,Oceania,2778.986,4.088
Australia,AUS,2011,53257.047,Oceania,3726.721,5.392
Australia,AUS,2012,54403.883,Oceania,3618.664,5.4
Australia,AUS,2013,54895.004,Oceania,4117.444,6.173
Australia,AUS,2014,55489.07,Oceania,3747.245,5.663
Australia,AUS,2015,55879.996,Oceania,3969.371,5.955
Australia,AUS,2016,56529.953,Oceania,4463.105,6.785
Australia,AUS,2017,56881.855,Oceania,4113.181,6.373
Australia,AUS,2018,57647.844,Oceania,5056.059,7.848
Australia,AUS,2019,58048.617,Oceania,5515.36,8.407
Australia,AUS,2020,57260.465,Oceania,6299.231,10.292
Australia,AUS,2021,58327.414,Oceania,7465.874,12.283
Australia,AUS,2022,60029.133,Oceania,8331.791,13.247
Australia,AUS,2023,60684.96,Oceania,8894.678,14.323
Australia,AUS,2024,60303.98,Oceania,9142.299,14.733
Austria,AUT,1990,43258.176,Europe,11861.939,27.764
Austria,AUT,1991,44302.42,Europe,11753.494,26.528
Austria,AUT,1992,44734.855,Europe,12872.423,29.828
Austria,AUT,1993,44601.207,Europe,13432.34,30.718
Austria,AUT,1994,45497.137,Europe,12971.936,30.028
Austria,AUT,1995,46639.53,Europe,13681.694,30.14
Austria,AUT,1996,47608.633,Europe,12564.938,27.074
Austria,AUT,1997,48575.16,Europe,13262.765,28.264
Austria,AUT,1998,50216.7,Europe,13676.905,28.532
Austria,AUT,1999,52004.53,Europe,14785.12,30.668
Austria,AUT,2000,53534.344,Europe,15123.116,31.268
Austria,AUT,2001,54032.152,Europe,14604.941,29.411
Austria,AUT,2002,54565.08,Europe,14296.995,28.923
Austria,AUT,2003,54919.79,Europe,11928.683,24.121
Austria,AUT,2004,55980.23,Europe,13288.841,26.119
Austria,AUT,2005,56890.28,Europe,13573.702,26.317
Austria,AUT,2006,58460.24,Europe,13681.859,26.99
Austria,AUT,2007,60470.91,Europe,14489.952,29.094
Austria,AUT,2008,61157.99,Europe,14830.887,29.577
Austria,AUT,2009,58810.44,Europe,15689.63,32.548
Austria,AUT,2010,59730.55,Europe,14914.627,30.113
Austria,AUT,2011,61272.258,Europe,13529.7,29.158
Austria,AUT,2012,61376.723,Europe,16628.379,34.498
Austria,AUT,2013,60863.055,Europe,16160.421,34.024
Austria,AUT,2014,60845.66,Europe,15856.681,35.017
Austria,AUT,2015,60951.688,Europe,14879.399,33.052
Austria,AUT,2016,61572.71,Europe,15643.162,34.026
Austria,AUT,2017,62535.9,Europe,15468.543,33.213
Austria,AUT,2018,63778.027,Europe,15027.287,33.139
Austria,AUT,2019,64609.375,Europe,16154.252,34.189
Austria,AUT,2020,60276.414,Europe,16198.43,36.88
Austria,AUT,2021,62968.94,Europe,15397.121,34.638
Austria,AUT,2022,65694.555,Europe,14521.192,35.134
Austria,AUT,2023,64536.297,Europe,16872.156,40.022
Austria,AUT,2024,63788.08,Europe,19131.916,43.347
Azerbaijan,AZE,1990,10776.067,Asia,636.911,1.77
Azerbaijan,AZE,1991,10559.212,Asia,668.134,1.954
Azerbaijan,AZE,1992,8050.2163,Asia,655.381,2.267
Azerbaijan,AZE,1993,6097.4863,Asia,898.025,3.632
Azerbaijan,AZE,1994,4830.699,Asia,668.078,2.981
Azerbaijan,AZE,1995,4211.721,Asia,559.925,2.695
Azerbaijan,AZE,1996,4223.523,Asia,545.199,3.248
Azerbaijan,AZE,1997,4425.5884,Asia,599.222,3.779
Azerbaijan,AZE,1998,4822.16,Asia,675.252,4.291
Azerbaijan,AZE,1999,5133.748,Asia,516.431,3.318
Azerbaijan,AZE,2000,5656.9297,Asia,521.251,3.233
Azerbaijan,AZE,2001,6168.9854,Asia,435.533,2.83
Azerbaijan,AZE,2002,6701.0815,Asia,664.683,4.419
Azerbaijan,AZE,2003,7329.4062,Asia,801.169,4.963
Azerbaijan,AZE,2004,7937.8594,Asia,879.415,4.866
Azerbaijan,AZE,2005,10054.101,Asia,940.974,4.864
Azerbaijan,AZE,2006,13371.658,Asia,772.853,4.114
Azerbaijan,AZE,2007,16587.365,Asia,712.167,4.173
Azerbaijan,AZE,2008,17963.021,Asia,658.551,3.906
Azerbaijan,AZE,2009,19242.39,Asia,670.36,4.673
Azerbaijan,AZE,2010,19925.39,Asia,981.326,7.021
Azerbaijan,AZE,2011,19358.078,Asia,748.92,4.771
Azerbaijan,AZE,2012,19523.373,Asia,500.556,3.133
Azerbaijan,AZE,2013,20398.646,Asia,423.162,2.612
Azerbaijan,AZE,2014,20709.201,Asia,372.981,2.288
Azerbaijan,AZE,2015,20678.754,Asia,456.576,2.596
Azerbaijan,AZE,2016,19822.41,Asia,541.271,3.145
Azerbaijan,AZE,2017,19659.004,Asia,479.544,2.868
Azerbaijan,AZE,2018,19781.852,Asia,493.52,2.817
Azerbaijan,AZE,2019,20101.492,Asia,449.994,2.451
Azerbaijan,AZE,2020,19126.098,Asia,324.848,1.79
Azerbaijan,AZE,2021,20111.375,Asia,372.179,1.93
Azerbaijan,AZE,2022,21051.244,Asia,446.39,2.188
Azerbaijan,AZE,2023,21310.738,Asia,482.774,2.294
Azerbaijan,AZE,2024,22072.148,Asia,864.325,4.303
Bangladesh,BGD,1990,2069.7822,Asia,21.997,3.332
Bangladesh,BGD,1991,2101.3835,Asia,20.457,3.274
Bangladesh,BGD,1992,2174.3823,Asia,19.069,2.851
Bangladesh,BGD,1993,2234.81,Asia,14.297,1.979
Bangladesh,BGD,1994,2279.0942,Asia,19.551,2.599
Bangladesh,BGD,1995,2351.7039,Asia,8.428,0.965
Bangladesh,BGD,1996,2413.543,Asia,16.44,1.832
Bangladesh,BGD,1997,2475.5957,Asia,15.702,1.696
Bangladesh,BGD,1998,2555.0613,Asia,18.537,1.916
Bangladesh,BGD,1999,2624.0654,Asia,17.515,1.824
Bangladesh,BGD,2000,2712.935,Asia,16.438,1.625
Bangladesh,BGD,2001,2803.5547,Asia,20.81,1.831
Bangladesh,BGD,2002,2866.4346,Asia,16.332,1.454
Bangladesh,BGD,2003,2958.915,Asia,15.829,1.353
Bangladesh,BGD,2004,3071.838,Asia,15.126,1.233
Bangladesh,BGD,2005,3231.6138,Asia,14.753,1.123
Bangladesh,BGD,2006,3407.4272,Asia,14.768,1.051
Bangladesh,BGD,2007,3608.9155,Asia,14.827,1.037
Bangladesh,BGD,2008,3787.9382,Asia,18.246,1.224
Bangladesh,BGD,2009,3942.1362,Asia,8.342,0.513
Bangladesh,BGD,2010,4125.464,Asia,13.754,0.834
Bangladesh,BGD,2011,4352.4263,Asia,17.591,0.995
Bangladesh,BGD,2012,4592.0483,Asia,16.087,0.846
Bangladesh,BGD,2013,4822.726,Asia,15.911,0.813
Bangladesh,BGD,2014,5068.6396,Asia,13.83,0.686
Bangladesh,BGD,2015,5352.7114,Asia,19.155,0.793
Bangladesh,BGD,2016,5682.5356,Asia,17.793,0.74
Bangladesh,BGD,2017,6005.707,Asia,21.278,0.857
Bangladesh,BGD,2018,6392.5933,Asia,18.625,0.708
Bangladesh,BGD,2019,6838.326,Asia,18.707,0.64
Bangladesh,BGD,2020,7015.1978,Asia,17.952,0.653
Bangladesh,BGD,2021,7441.0693,Asia,19.689,0.671
Bangladesh,BGD,2022,7888.164,Asia,20.935,0.693
Bangladesh,BGD,2023,8242.398,Asia,23.331,0.79
Bangladesh,BGD,2024,8486.785,Asia,33.367,1.095
Belarus,BLR,1990,12351.636,Europe,5.454,0.012
Belarus,BLR,1991,12197.788,Europe,4.905,0.011
Belarus,BLR,1992,11002.602,Europe,4.622,0.012
Belarus,BLR,1993,10143.984,Europe,5.153,0.016
Belarus,BLR,1994,8967.73,Europe,5.159,0.019
Belarus,BLR,1995,8061.196,Europe,5.448,0.022
Belarus,BLR,1996,8314.856,Europe,4.373,0.017
Belarus,BLR,1997,9301.327,Europe,5.763,0.022
Belarus,BLR,1998,10128.156,Europe,7.716,0.031
Belarus,BLR,1999,10519.749,Europe,5.257,0.021
Belarus,BLR,2000,11182.455,Europe,7.507,0.029
Belarus,BLR,2001,11771.087,Europe,8.339,0.033
Belarus,BLR,2002,12443.933,Europe,8.047,0.031
Belarus,BLR,2003,13413.927,Europe,7.783,0.03
Belarus,BLR,2004,15052.118,Europe,9.468,0.032
Belarus,BLR,2005,16579.873,Europe,10.288,0.035
Belarus,BLR,2006,18349.871,Europe,10.669,0.034
Belarus,BLR,2007,20019.611,Europe,14.587,0.047
Belarus,BLR,2008,22137.947,Europe,30.525,0.097
Belarus,BLR,2009,22236.838,Europe,57.285,0.193
Belarus,BLR,2010,24012.613,Europe,81.432,0.252
Belarus,BLR,2011,25404.756,Europe,77.555,0.244
Belarus,BLR,2012,25879.133,Europe,88.457,0.257
Belarus,BLR,2013,26147.625,Europe,94.87,0.305
Belarus,BLR,2014,26564.436,Europe,91.899,0.295
Belarus,BLR,2015,25513.213,Europe,97.224,0.346
Belarus,BLR,2016,24846.83,Europe,116.31,0.405
Belarus,BLR,2017,25503.98,Europe,212.389,0.726
Belarus,BLR,2018,26363.463,Europe,193.067,0.596
Belarus,BLR,2019,26798.82,Europe,236.446,0.723
Belarus,BLR,2020,26731.496,Europe,288.922,0.943
Belarus,BLR,2021,27611.18,Europe,373.496,1.106
Belarus,BLR,2022,26537.508,Europe,379.215,1.147
Belarus,BLR,2023,27782.438,Europe,341.217,1.027
Belarus,BLR,2024,29040.973,Europe,334.648,0.969
Belgium,BEL,1990,41640.06,Europe,164.601,0.265
Belgium,BEL,1991,42246.074,Europe,159.287,0.249
Belgium,BEL,1992,42719.047,Europe,179.833,0.283
Belgium,BEL,1993,42143.195,Europe,148.083,0.238
Belgium,BEL,1994,43369.277,Europe,173.165,0.265
Belgium,BEL,1995,44310.63,Europe,194.038,0.294
Belgium,BEL,1996,44808.523,Europe,164.159,0.234
Belgium,BEL,1997,46396.004,Europe,169.801,0.241
Belgium,BEL,1998,47205.31,Europe,218.852,0.305
Belgium,BEL,1999,48765.766,Europe,247.718,0.348
Belgium,BEL,2000,50455.734,Europe,302.117,0.418
Belgium,BEL,2001,50835.4,Europe,309.718,0.434
Belgium,BEL,2002,51471.85,Europe,328.617,0.465
Belgium,BEL,2003,51788.844,Europe,346.072,0.473
Belgium,BEL,2004,53406.69,Europe,430.583,0.589
Belgium,BEL,2005,54346.895,Europe,606.539,0.844
Belgium,BEL,2006,55367.62,Europe,843.439,1.178
Belgium,BEL,2007,56983.46,Europe,986.438,1.378
Belgium,BEL,2008,56787.74,Europe,1239.667,1.718
Belgium,BEL,2009,55258.707,Europe,1644.009,2.494
Belgium,BEL,2010,56240.203,Europe,2175.545,3.125
Belgium,BEL,2011,56585.3,Europe,2562.143,3.983
Belgium,BEL,2012,56356.824,Europe,3065.728,4.996
Belgium,BEL,2013,56263.176,Europe,3302.094,5.28
Belgium,BEL,2014,57002.91,Europe,3429.2,5.938
Belgium,BEL,2015,57509.023,Europe,3800.975,6.551
Belgium,BEL,2016,57901.496,Europe,3898.403,6.264
Belgium,BEL,2017,58529.332,Europe,4266.12,6.819
Belgium,BEL,2018,59357.69,Europe,4514.539,7.262
Belgium,BEL,2019,60479.977,Europe,4959.01,7.77
Belgium,BEL,2020,57333.543,Europe,5970.694,10.457
Belgium,BEL,2021,60669.215,Europe,5827.848,9.202
Belgium,BEL,2022,62561.78,Europe,6178.421,10.436
Belgium,BEL,2023,63095.402,Europe,6688.11,12.149
Belgium,BEL,2024,63347.785,Europe,6236.943,11.454
Brazil,BRA,1990,12633.288,South America,4425.613,43.267
Brazil,BRA,1991,12546.561,South America,4564.309,43.701
Brazil,BRA,1992,12271.979,South America,4598.295,44.017
Brazil,BRA,1993,12669.429,South America,4759.602,44.217
Brazil,BRA,1994,13202.931,South America,4863.222,43.932
Brazil,BRA,1995,13550.439,South America,5006.808,43.373
Brazil,BRA,1996,13641.63,South America,5171.377,42.834
Brazil,BRA,1997,13896.625,South America,5307.014,42.148
Brazil,BRA,1998,13737.703,South America,5432.984,42.033
Brazil,BRA,1999,13602.414,South America,5396.396,41.786
Brazil,BRA,2000,14005.348,South America,5431.651,40.939
Brazil,BRA,2001,14016.132,South America,4757.029,37.181
Brazil,BRA,2002,14265.905,South America,4999.102,38.819
Brazil,BRA,2003,14259.366,South America,5220.481,40.449
Brazil,BRA,2004,14911.261,South America,5417.239,40.444
Brazil,BRA,2005,15221.014,South America,5605.208,41.27
Brazil,BRA,2006,15657.4795,South America,5687.245,41.147
Brazil,BRA,2007,16440.584,South America,6157.509,42.285
Brazil,BRA,2008,17113.367,South America,6241.243,41.389
Brazil,BRA,2009,16939.441,South America,6568.738,44.157
Brazil,BRA,2010,18062.158,South America,6838.134,42.505
Brazil,BRA,2011,18627.81,South America,7032.775,42.378
Brazil,BRA,2012,18832.219,South America,6821.538,40.259
Brazil,BRA,2013,19241.506,South America,6638.316,38.407
Brazil,BRA,2014,19183.172,South America,6586.642,37.566
Brazil,BRA,2015,18357.068,South America,6659.638,38.708
Brazil,BRA,2016,17620.928,South America,6906.225,41.536
Brazil,BRA,2017,17724.48,South America,6871.597,41.294
Brazil,BRA,2018,17917.75,South America,7305.303,44.126
Brazil,BRA,2019,18018.621,South America,7596.836,45.178
Brazil,BRA,2020,17327.516,South America,7552.618,47.116
Brazil,BRA,2021,18075.705,South America,7309.751,43.673
Brazil,BRA,2022,18554.047,South America,8263.67,47.66
Brazil,BRA,2023,19079.812,South America,8713.017,48.95
Brazil,BRA,2024,19652.365,South America,8954.191,49.616
Bulgaria,BGR,1990,14229.702,Europe,513.216,1.401
Bulgaria,BGR,1991,13157.626,Europe,724.488,2.41
Bulgaria,BGR,1992,12332.477,Europe,617.602,2.148
Bulgaria,BGR,1993,12247.233,Europe,586.295,1.891
Bulgaria,BGR,1994,12512.308,Europe,427.71,1.426
Bulgaria,BGR,1995,12932.278,Europe,722.565,2.226
Bulgaria,BGR,1996,13675.803,Europe,967.535,2.968
Bulgaria,BGR,1997,11817.135,Europe,920.844,2.96
Bulgaria,BGR,1998,12347.019,Europe,1047.189,3.469
Bulgaria,BGR,1999,11373.94,Europe,940.678,3.516
Bulgaria,BGR,2000,11954.587,Europe,913.482,3.386
Bulgaria,BGR,2001,12661.241,Europe,575.241,2.044
Bulgaria,BGR,2002,13698.857,Europe,737.382,2.681
Bulgaria,BGR,2003,14530.935,Europe,1045.661,3.646
Bulgaria,BGR,2004,15594.222,Europe,1098.013,3.931
Bulgaria,BGR,2005,16820.785,Europe,1502.857,4.937
Bulgaria,BGR,2006,18102.0,Europe,1481.388,4.738
Bulgaria,BGR,2007,19449.059,Europe,1008.426,3.307
Bulgaria,BGR,2008,20786.594,Europe,1029.703,3.391
Bulgaria,BGR,2009,20220.697,Europe,1298.417,4.846
Bulgaria,BGR,2010,20670.826,Europe,2045.108,7.258
Bulgaria,BGR,2011,21238.635,Europe,1395.782,4.618
Bulgaria,BGR,2012,21521.973,Europe,1985.162,6.861
Bulgaria,BGR,2013,21841.285,Europe,2617.215,9.694
Bulgaria,BGR,2014,22318.072,Europe,2793.733,9.634
Bulgaria,BGR,2015,23371.549,Europe,3343.696,10.787
Bulgaria,BGR,2016,24393.56,Europe,2775.302,9.37
Bulgaria,BGR,2017,25397.414,Europe,2468.908,8.073
Bulgaria,BGR,2018,26348.1,Europe,3730.516,12.096
Bulgaria,BGR,2019,27736.375,Europe,3119.381,10.38
Bulgaria,BGR,2020,27138.148,Europe,3103.907,11.122
Bulgaria,BGR,2021,29457.71,Europe,4227.53,13.231
Bulgaria,BGR,2022,30860.877,Europe,4006.276,12.026
Bulgaria,BGR,2023,31469.861,Europe,4096.279,14.288
Bulgaria,BGR,2024,32561.914,Europe,4606.557,16.425
Canada,CAN,1990,40475.113,North America,30000.756,28.252
Canada,CAN,1991,39139.312,North America,30755.941,29.252
Canada,CAN,1992,39023.184,North America,31214.236,29.262
Canada,CAN,1993,39622.48,North America,31572.711,29.209
Canada,CAN,1994,40952.137,North America,31865.475,28.705
Canada,CAN,1995,41617.723,North America,32262.453,28.664
Canada,CAN,1996,41880.55,North America,33886.051,29.629
Canada,CAN,1997,43241.242,North America,33077.242,29.044
Canada,CAN,1998,44553.28,North America,31276.115,28.09
Canada,CAN,1999,46464.547,North America,32295.037,28.364
Canada,CAN,2000,48399.305,North America,33057.09,28.536
Canada,CAN,2001,48774.168,North America,30388.578,27.032
Canada,CAN,2002,49695.008,North America,31425.666,27.335
Canada,CAN,2003,50139.785,North America,29807.42,26.02
Canada,CAN,2004,51210.68,North America,29626.947,25.7
Canada,CAN,2005,52356.56,North America,31068.244,27.043
Canada,CAN,2006,53195.78,North America,29920.072,27.208
Canada,CAN,2007,53761.863,North America,30871.58,26.53
Canada,CAN,2008,53711.68,North America,31101.635,27.374
Canada,CAN,2009,51552.42,North America,30221.305,27.993
Canada,CAN,2010,52558.44,North America,28687.912,26.567
Canada,CAN,2011,53681.13,North America,30384.727,27.419
Canada,CAN,2012,54034.805,North America,30567.82,27.863
Canada,CAN,2013,54712.18,North America,30892.877,27.745
Canada,CAN,2014,55723.484,North America,29860.582,27.026
Canada,CAN,2015,55660.867,North America,30453.926,27.733
Canada,CAN,2016,55606.156,North America,30513.07,28.46
Canada,CAN,2017,56612.33,North America,30754.025,28.65
Canada,CAN,2018,57337.492,North America,29742.834,27.664
Canada,CAN,2019,57583.848,North America,28917.936,27.407
Canada,CAN,2020,54092.88,North America,29033.365,29.457
Canada,CAN,2021,56995.117,North America,28705.746,29.113
Canada,CAN,2022,58321.062,North America,29583.107,29.497
Canada,CAN,2023,57517.44,North America,27060.777,27.858
Canada,CAN,2024,56706.824,North America,26117.027,27.157
Chile,CHL,1990,10952.655,South America,2072.36,18.081
Chile,CHL,1991,11607.53,South America,2906.943,23.018
Chile,CHL,1992,12735.602,South America,3741.366,27.187
Chile,CHL,1993,13377.306,South America,3779.152,26.38
Chile,CHL,1994,13846.349,South America,3685.537,24.851
Chile,CHL,1995,14908.035,South America,3925.081,24.921
Chile,CHL,1996,15744.738,South America,3549.737,21.55
Chile,CHL,1997,16683.906,South America,3888.631,20.921
Chile,CHL,1998,17156.973,South America,3166.242,17.196
Chile,CHL,1999,16896.125,South America,2757.639,14.538
Chile,CHL,2000,17525.271,South America,3695.884,18.856
Chile,CHL,2001,17870.3,South America,4155.116,21.061
Chile,CHL,2002,18240.201,South America,4358.125,21.834
Chile,CHL,2003,18902.871,South America,4175.072,21.012
Chile,CHL,2004,19961.984,South America,3903.542,18.554
Chile,CHL,2005,20918.527,South America,4548.591,21.083
Chile,CHL,2006,21968.537,South America,4841.659,21.915
Chile,CHL,2007,22878.883,South America,4070.163,18.572
Chile,CHL,2008,23509.781,South America,4474.174,20.647
Chile,CHL,2009,23013.582,South America,4520.578,21.976
Chile,CHL,2010,24116.77,South America,3968.026,18.941
Chile,CHL,2011,25366.27,South America,3889.618,17.672
Chile,CHL,2012,26670.498,South America,4093.518,17.976
Chile,CHL,2013,27291.357,South America,4176.792,18.024
Chile,CHL,2014,27505.049,South America,4426.256,19.519
Chile,CHL,2015,27811.375,South America,4764.74,21.0
Chile,CHL,2016,27958.729,South America,4546.351,19.341
Chile,CHL,2017,27892.994,South America,5140.249,21.426
Chile,CHL,2018,28492.662,South America,5737.569,23.426
Chile,CHL,2019,28218.535,South America,5498.917,22.541
Chile,CHL,2020,26248.562,South America,5607.275,24.874
Chile,CHL,2021,29089.85,South America,5670.241,23.421
Chile,CHL,2022,29569.479,South America,6624.364,26.079
Chile,CHL,2023,29563.678,South America,7551.206,30.347
Chile,CHL,2024,30182.787,South America,8320.069,32.254
China,CHN,1990,1666.9277,Asia,305.377,4.45
China,CHN,1991,1798.2761,Asia,296.03,4.168
China,CHN,1992,2030.3864,Asia,307.067,4.157
China,CHN,1993,2286.7598,Asia,353.093,4.483
China,CHN,1994,2556.6406,Asia,386.763,4.668
China,CHN,1995,2808.034,Asia,443.016,5.239
China,CHN,1996,3055.9697,Asia,428.301,4.849
China,CHN,1997,3305.7905,Asia,445.941,5.057
China,CHN,1998,3533.566,Asia,448.695,5.119
China,CHN,1999,3774.1377,Asia,440.648,4.893
China,CHN,2000,4066.0364,Asia,494.205,5.336
China,CHN,2001,4372.157,Asia,607.195,6.251
China,CHN,2002,4744.3984,Asia,622.486,5.922
China,CHN,2003,5192.006,Asia,609.123,5.001
China,CHN,2004,5684.169,Asia,749.292,5.289
China,CHN,2005,6298.323,Asia,837.932,5.239
China,CHN,2006,7057.1,Asia,917.823,5.267
China,CHN,2007,8013.716,Asia,1017.971,5.407
China,CHN,2008,8743.745,Asia,1334.688,6.872
China,CHN,2009,9518.433,Asia,1321.505,6.56
China,CHN,2010,10476.3125,Asia,1539.434,7.195
China,CHN,2011,11405.018,Asia,1536.1,6.697
China,CHN,2012,12217.8545,Asia,1911.994,8.068
China,CHN,2013,13080.829,Asia,2068.756,8.474
China,CHN,2014,13968.581,Asia,2409.527,9.69
China,CHN,2015,14856.78,Asia,2569.688,10.278
China,CHN,2016,15772.765,Asia,2771.958,11.113
China,CHN,2017,16757.973,Asia,3004.447,11.666
China,CHN,2018,17806.791,Asia,3283.339,12.224
China,CHN,2019,18820.514,Asia,3579.899,12.786
China,CHN,2020,19215.154,Asia,3864.766,13.396
China,CHN,2021,20843.297,Asia,4325.467,14.195
China,CHN,2022,21499.383,Asia,4710.262,15.218
China,CHN,2023,22687.076,Asia,5079.972,15.505
China,CHN,2024,23845.62,Asia,5967.699,17.472
Colombia,COL,1990,9998.811,South America,2380.81,31.201
Colombia,COL,1991,9996.098,South America,2352.306,30.631
Colombia,COL,1992,10196.433,South America,1864.69,23.802
Colombia,COL,1993,10533.115,South America,2281.972,27.369
Colombia,COL,1994,10927.938,South America,2574.588,29.116
Colombia,COL,1995,11279.0,South America,2523.416,28.416
Colombia,COL,1996,11303.131,South America,2730.765,30.151
Colombia,COL,1997,11483.505,South America,2395.993,26.432
Colombia,COL,1998,11343.88,South America,2306.488,25.565
Colombia,COL,1999,10679.709,South America,2471.497,30.0
Colombia,COL,2000,10813.494,South America,2229.584,28.239
Colombia,COL,2001,10823.45,South America,2239.79,28.572
Colombia,COL,2002,10925.148,South America,2346.211,30.439
Colombia,COL,2003,11183.291,South America,2446.112,31.64
Colombia,COL,2004,11607.938,South America,2539.462,31.689
Colombia,COL,2005,11999.255,South America,2547.537,32.783
Colombia,COL,2006,12636.625,South America,2743.792,30.936
Colombia,COL,2007,13318.304,South America,2799.936,31.46
Colombia,COL,2008,13591.061,South America,2861.798,31.267
Colombia,COL,2009,13586.752,South America,2578.977,28.771
Colombia,COL,2010,14037.064,South America,2555.523,27.404
Colombia,COL,2011,14852.37,South America,3019.007,31.371
Colombia,COL,2012,15279.479,South America,2945.698,29.023
Colombia,COL,2013,15912.247,South America,2717.605,26.267
Colombia,COL,2014,16480.363,South America,2734.253,25.308
Colombia,COL,2015,16821.38,South America,2703.265,25.545
Colombia,COL,2016,17003.244,South America,2778.37,24.363
Colombia,COL,2017,16986.033,South America,3264.696,28.787
Colombia,COL,2018,17104.13,South America,3200.266,27.908
Colombia,COL,2019,17336.771,South America,3027.786,26.754
Colombia,COL,2020,15861.5,South America,2729.87,27.111
Colombia,COL,2021,17383.09,South America,3224.22,29.666
Colombia,COL,2022,18458.72,South America,3386.844,28.384
Colombia,COL,2023,18382.998,South America,3170.562,27.398
Colombia,COL,2024,18477.215,South America,2995.359,26.093
Croatia,HRV,1990,22264.836,Europe,2257.567,10.903
Croatia,HRV,1991,17900.506,Europe,3187.316,18.574
Croatia,HRV,1992,16194.747,Europe,2530.111,15.173
Croatia,HRV,1993,14815.23,Europe,2684.656,15.264
Croatia,HRV,1994,15511.109,Europe,3232.946,18.019
Croatia,HRV,1995,16672.887,Europe,3423.347,18.212
Croatia,HRV,1996,17935.748,Europe,4793.417,23.558
Croatia,HRV,1997,19135.143,Europe,3610.192,17.617
Croatia,HRV,1998,19578.027,Europe,3768.665,17.157
Croatia,HRV,1999,19495.918,Europe,4647.123,20.22
Croatia,HRV,2000,20269.08,Europe,4144.108,18.794
Croatia,HRV,2001,21719.521,Europe,4611.717,19.785
Croatia,HRV,2002,22966.451,Europe,3723.187,15.94
Croatia,HRV,2003,24238.408,Europe,3453.096,14.114
Croatia,HRV,2004,25242.223,Europe,4799.53,18.938
Croatia,HRV,2005,26300.592,Europe,4400.441,17.569
Croatia,HRV,2006,27627.291,Europe,4119.209,16.644
Croatia,HRV,2007,29028.611,Europe,2929.811,11.745
Croatia,HRV,2008,29604.826,Europe,3583.833,14.47
Croatia,HRV,2009,27617.043,Europe,4579.617,18.759
Croatia,HRV,2010,27309.94,Europe,5633.829,22.716
Croatia,HRV,2011,27374.002,Europe,3215.896,14.713
Croatia,HRV,2012,26888.752,Europe,3273.425,16.074
Croatia,HRV,2013,27020.545,Europe,5695.11,25.559
Croatia,HRV,2014,27076.57,Europe,6095.598,27.249
Croatia,HRV,2015,28037.549,Europe,4648.833,21.651
Croatia,HRV,2016,29326.32,Europe,5146.779,22.794
Croatia,HRV,2017,30779.994,Europe,4443.053,19.346
Croatia,HRV,2018,32093.988,Europe,6229.668,25.936
Croatia,HRV,2019,33419.375,Europe,5523.465,23.27
Croatia,HRV,2020,30917.37,Europe,5710.334,25.033
Croatia,HRV,2021,35139.145,Europe,7078.805,28.683
Croatia,HRV,2022,37930.586,Europe,5897.55,25.053
Croatia,HRV,2023,39316.152,Europe,7844.346,29.586
Croatia,HRV,2024,40751.957,Europe,7278.627,27.778
Cyprus,CYP,1990,26324.797,Europe,0.0,0.0
Cyprus,CYP,1991,25841.805,Europe,0.0,0.0
Cyprus,CYP,1992,27528.715,Europe,0.0,0.0
Cyprus,CYP,1993,27060.002,Europe,0.0,0.0
Cyprus,CYP,1994,28069.936,Europe,0.0,0.0
Cyprus,CYP,1995,29870.773,Europe,0.0,0.0
Cyprus,CYP,1996,29765.502,Europe,0.0,0.0
Cyprus,CYP,1997,30121.574,Europe,0.0,0.0
Cyprus,CYP,1998,31572.766,Europe,0.0,0.0
Cyprus,CYP,1999,32781.875,Europe,0.0,0.0
Cyprus,CYP,2000,34369.88,Europe,0.0,0.0
Cyprus,CYP,2001,35345.34,Europe,0.0,0.0
Cyprus,CYP,2002,36243.496,Europe,0.0,0.0
Cyprus,CYP,2003,36744.973,Europe,0.0,0.0
Cyprus,CYP,2004,38079.086,Europe,2.01,0.007
Cyprus,CYP,2005,39356.164,Europe,2.389,0.007
Cyprus,CYP,2006,40529.47,Europe,3.9,0.012
Cyprus,CYP,2007,41698.445,Europe,18.823,0.058
Cyprus,CYP,2008,42147.43,Europe,193.215,0.588
Cyprus,CYP,2009,40204.23,Europe,243.854,0.773
Cyprus,CYP,2010,40060.457,Europe,330.528,1.095
Cyprus,CYP,2011,39214.004,Europe,587.814,2.0
Cyprus,CYP,2012,37289.62,Europe,750.603,2.771
Cyprus,CYP,2013,34873.137,Europe,877.477,3.68
Cyprus,CYP,2014,34353.93,Europe,791.75,3.369
Cyprus,CYP,2015,35451.582,Europe,947.506,3.967
Cyprus,CYP,2016,37585.184,Europe,971.309,3.794
Cyprus,CYP,2017,39409.348,Europe,972.745,3.751
Cyprus,CYP,2018,41399.934,Europe,1015.533,3.984
Cyprus,CYP,2019,43249.793,Europe,1116.579,4.432
Cyprus,CYP,2020,41297.48,Europe,1382.964,6.388
Cyprus,CYP,2021,45322.543,Europe,1667.171,7.388
Cyprus,CYP,2022,48168.504,Europe,1839.98,7.765
Cyprus,CYP,2023,48958.18,Europe,2200.973,9.266
Cyprus,CYP,2024,50082.72,Europe,2634.941,10.795
Czechia,CZE,1990,27918.137,Europe,313.046,0.591
Czechia,CZE,1991,24734.77,Europe,293.563,0.609
Czechia,CZE,1992,24584.33,Europe,379.573,0.812
Czechia,CZE,1993,24573.992,Europe,421.354,0.91
Czechia,CZE,1994,25279.791,Europe,497.957,1.104
Czechia,CZE,1995,26869.02,Europe,679.875,1.445
Czechia,CZE,1996,28021.67,Europe,644.613,1.323
Czechia,CZE,1997,27884.74,Europe,645.697,1.379
Czechia,CZE,1998,27801.44,Europe,596.237,1.31
Czechia,CZE,1999,28213.455,Europe,711.628,1.629
Czechia,CZE,2000,29427.406,Europe,705.181,1.525
Czechia,CZE,2001,30399.873,Europe,765.526,1.618
Czechia,CZE,2002,30919.549,Europe,892.457,1.884
Czechia,CZE,2003,31949.297,Europe,586.99,1.173
Czechia,CZE,2004,33452.34,Europe,788.203,1.538
Czechia,CZE,2005,35535.746,Europe,853.339,1.695
Czechia,CZE,2006,37786.88,Europe,973.421,1.902
Czechia,CZE,2007,39629.008,Europe,952.386,1.887
Czechia,CZE,2008,40328.344,Europe,1139.389,2.311
Czechia,CZE,2009,38175.14,Europe,1479.038,3.141
Czechia,CZE,2010,39097.387,Europe,1836.23,3.759
Czechia,CZE,2011,39708.164,Europe,2258.142,4.745
Czechia,CZE,2012,39347.05,Europe,2458.282,5.199
Czechia,CZE,2013,39317.555,Europe,2790.276,6.019
Czechia,CZE,2014,40158.016,Europe,2827.414,6.231
Czechia,CZE,2015,42066.574,Europe,2865.044,6.44
Czechia,CZE,2016,43069.465,Europe,2851.625,6.502
Czechia,CZE,2017,45177.523,Europe,2922.103,6.312
Czechia,CZE,2018,46301.082,Europe,2849.195,6.179
Czechia,CZE,2019,47763.617,Europe,3035.644,6.744
Czechia,CZE,2020,45119.938,Europe,3143.186,7.539
Czechia,CZE,2021,47796.035,Europe,3204.014,7.275
Czechia,CZE,2022,48390.66,Europe,3133.652,7.496
Czechia,CZE,2023,47558.41,Europe,3167.616,8.386
Czechia,CZE,2024,47963.9,Europe,3541.2,9.746
Denmark,DNK,1990,46200.477,Europe,472.533,1.204
Denmark,DNK,1991,46752.67,Europe,627.774,1.391
Denmark,DNK,1992,47540.926,Europe,821.416,1.949
Denmark,DNK,1993,47345.414,Europe,1006.847,2.261
Denmark,DNK,1994,49684.137,Europe,968.225,2.034
Denmark,DNK,1995,50927.547,Europe,1027.221,2.209
Denmark,DNK,1996,52106.562,Europe,1151.929,2.093
Denmark,DNK,1997,53534.613,Europe,1603.764,3.228
Denmark,DNK,1998,54581.414,Europe,2126.448,4.456
Denmark,DNK,1999,56015.355,Europe,2371.869,5.143
Denmark,DNK,2000,57907.504,Europe,2983.262,6.759
Denmark,DNK,2001,58248.555,Europe,3116.031,7.065
Denmark,DNK,2002,58327.83,Europe,3594.583,8.197
Denmark,DNK,2003,58425.965,Europe,4267.713,9.054
Denmark,DNK,2004,59893.094,Europe,4998.214,11.24
Denmark,DNK,2005,61137.68,Europe,5123.191,11.955
Denmark,DNK,2006,63262.742,Europe,4788.764,10.242
Denmark,DNK,2007,63604.562,Europe,5295.982,11.953
Denmark,DNK,2008,62968.16,Europe,5140.143,12.095
Denmark,DNK,2009,59516.508,Europe,5103.104,12.844
Denmark,DNK,2010,60190.633,Europe,6323.977,14.973
Denmark,DNK,2011,60729.055,Europe,7283.569,18.525
Denmark,DNK,2012,60497.69,Europe,7716.608,21.232
Denmark,DNK,2013,61085.03,Europe,8152.597,21.856
Denmark,DNK,2014,61552.8,Europe,9013.272,25.305
Denmark,DNK,2015,62405.715,Europe,9334.219,27.025
Denmark,DNK,2016,63823.45,Europe,9036.45,26.005
Denmark,DNK,2017,65352.4,Europe,10584.267,30.501
Denmark,DNK,2018,66238.7,Europe,10008.392,29.38
Denmark,DNK,2019,67131.47,Europe,11090.295,30.183
Denmark,DNK,2020,65744.44,Europe,11238.187,34.672
Denmark,DNK,2021,69715.18,Europe,12497.036,38.81
Denmark,DNK,2022,69475.32,Europe,13167.903,40.792
Denmark,DNK,2023,69379.22,Europe,13156.062,40.938
Denmark,DNK,2024,71431.29,Europe,13416.325,41.722
Ecuador,ECU,1990,9104.816,South America,1322.545,17.296
Ecuador,ECU,1991,9292.618,South America,1317.444,15.927
Ecuador,ECU,1992,9291.371,South America,1263.984,15.684
Ecuador,ECU,1993,9284.315,South America,1446.912,17.698
Ecuador,ECU,1994,9494.175,South America,1603.637,18.394
Ecuador,ECU,1995,9525.177,South America,1236.775,15.267
Ecuador,ECU,1996,9509.275,South America,1491.886,16.502
Ecuador,ECU,1997,9739.267,South America,1508.627,15.246
Ecuador,ECU,1998,9876.751,South America,1475.162,15.101
Ecuador,ECU,1999,9242.967,South America,1598.562,18.299
Ecuador,ECU,2000,9183.052,South America,1666.164,20.573
Ecuador,ECU,2001,9405.117,South America,1512.864,18.737
Ecuador,ECU,2002,9697.556,South America,1569.01,20.06
Ecuador,ECU,2003,9802.814,South America,1463.111,18.572
Ecuador,ECU,2004,10290.663,South America,1476.705,17.818
Ecuador,ECU,2005,10660.205,South America,1359.451,15.75
Ecuador,ECU,2006,10933.49,South America,1385.597,15.435
Ecuador,ECU,2007,10952.822,South America,1725.375,18.628
Ecuador,ECU,2008,11474.525,South America,2089.568,21.549
Ecuador,ECU,2009,11403.527,South America,1679.4,18.011
Ecuador,ECU,2010,11665.698,South America,1543.154,15.137
Ecuador,ECU,2011,12449.078,South America,1940.662,18.275
Ecuador,ECU,2012,12961.026,South America,2087.352,18.909
Ecuador,ECU,2013,13689.152,South America,1856.248,16.519
Ecuador,ECU,2014,14064.799,South America,1914.7,16.451
Ecuador,ECU,2015,13881.57,South America,2143.324,18.756
Ecuador,ECU,2016,13586.516,South America,2529.782,22.601
Ecuador,ECU,2017,14179.153,South America,3112.667,27.196
Ecuador,ECU,2018,14083.507,South America,3124.729,26.236
Ecuador,ECU,2019,13870.489,South America,3632.526,30.382
Ecuador,ECU,2020,12440.326,South America,3531.984,34.624
Ecuador,ECU,2021,13507.444,South America,3661.975,31.038
Ecuador,ECU,2022,14186.639,South America,3492.379,28.426
Ecuador,ECU,2023,14343.019,South America,3549.655,27.974
Ecuador,ECU,2024,13935.539,South America,3177.811,25.358
Egypt,EGY,1990,8006.6216,Africa,473.439,7.097
Egypt,EGY,1991,7876.5527,Africa,458.852,6.979
Egypt,EGY,1992,8034.5625,Africa,442.777,6.965
Egypt,EGY,1993,8079.0547,Africa,445.592,7.168
Egypt,EGY,1994,8221.047,Africa,463.556,7.245
Egypt,EGY,1995,8423.578,Africa,473.536,7.134
Egypt,EGY,1996,8662.331,Africa,475.92,6.947
Egypt,EGY,1997,8950.654,Africa,477.808,6.835
Egypt,EGY,1998,9245.479,Africa,480.727,6.75
Egypt,EGY,1999,9588.859,Africa,522.477,6.992
Egypt,EGY,2000,9981.628,Africa,541.95,6.998
Egypt,EGY,2001,10117.333,Africa,540.016,6.824
Egypt,EGY,2002,10143.506,Africa,510.578,6.405
Egypt,EGY,2003,10250.377,Africa,462.897,5.599
Egypt,EGY,2004,10451.821,Africa,454.751,5.317
Egypt,EGY,2005,10700.609,Africa,436.039,5.073
Egypt,EGY,2006,11211.832,Africa,432.932,4.876
Egypt,EGY,2007,11782.006,Africa,469.616,5.061
Egypt,EGY,2008,12391.585,Africa,492.5,5.101
Egypt,EGY,2009,12728.081,Africa,444.293,4.525
Egypt,EGY,2010,13128.988,Africa,420.096,4.198
Egypt,EGY,2011,13082.427,Africa,418.902,4.063
Egypt,EGY,2012,13076.806,Africa,411.324,3.92
Egypt,EGY,2013,13058.075,Africa,398.078,3.909
Egypt,EGY,2014,13136.365,Africa,384.951,3.913
Egypt,EGY,2015,13425.912,Africa,397.043,4.062
Egypt,EGY,2016,13727.32,Africa,391.249,3.87
Egypt,EGY,2017,14018.36,Africa,373.691,3.627
Egypt,EGY,2018,14488.209,Africa,387.53,3.832
Egypt,EGY,2019,15026.568,Africa,450.841,4.638
Egypt,EGY,2020,15309.236,Africa,536.773,5.968
Egypt,EGY,2021,15579.016,Africa,562.972,5.908
Egypt,EGY,2022,16360.391,Africa,558.681,5.687
Egypt,EGY,2023,16691.387,Africa,553.096,5.804
Egypt,EGY,2024,16798.152,Africa,556.239,5.778
Estonia,EST,1990,19163.229,Europe,0.0,0.0
Estonia,EST,1991,17718.955,Europe,0.0,0.0
Estonia,EST,1992,14225.231,Europe,0.0,0.0
Estonia,EST,1993,13758.295,Europe,0.0,0.0
Estonia,EST,1994,13824.843,Europe,0.0,0.0
Estonia,EST,1995,14710.969,Europe,12.906,0.03
Estonia,EST,1996,15667.591,Europe,10.891,0.024
Estonia,EST,1997,17915.453,Europe,17.587,0.038
Estonia,EST,1998,18873.375,Europe,26.573,0.064
Estonia,EST,1999,18737.898,Europe,36.86,0.096
Estonia,EST,2000,20528.57,Europe,132.973,0.335
Estonia,EST,2001,21874.695,Europe,64.251,0.154
Estonia,EST,2002,23539.906,Europe,75.069,0.18
Estonia,EST,2003,25487.533,Europe,96.837,0.211
Estonia,EST,2004,27384.084,Europe,130.754,0.278
Estonia,EST,2005,30164.006,Europe,227.007,0.477
Estonia,EST,2006,33304.594,Europe,275.798,0.583
Estonia,EST,2007,35989.863,Europe,312.401,0.568
Estonia,EST,2008,34236.95,Europe,441.856,0.871
Estonia,EST,2009,29284.404,Europe,1196.797,2.722
Estonia,EST,2010,30070.299,Europe,2402.973,4.38
Estonia,EST,2011,32456.121,Europe,2659.8,4.847
Estonia,EST,2012,33768.574,Europe,3327.022,6.0
Estonia,EST,2013,34484.223,Europe,2759.502,4.703
Estonia,EST,2014,35723.625,Europe,3165.217,5.622
Estonia,EST,2015,36356.44,Europe,3466.94,6.658
Estonia,EST,2016,37470.043,Europe,3491.503,6.508
Estonia,EST,2017,39533.465,Europe,4100.069,6.9
Estonia,EST,2018,40853.65,Europe,4582.517,7.798
Estonia,EST,2019,42218.96,Europe,4891.178,10.376
Estonia,EST,2020,40920.527,Europe,6746.387,15.352
Estonia,EST,2021,44251.54,Europe,6565.309,14.297
Estonia,EST,2022,43128.633,Europe,6179.36,13.241
Estonia,EST,2023,41288.617,Europe,5855.083,14.305
Estonia,EST,2024,41189.668,Europe,7299.87,17.946
Finland,FIN,1990,38807.117,Europe,9280.447,14.47
Finland,FIN,1991,36326.082,Europe,10427.364,15.994
Finland,FIN,1992,34926.383,Europe,11391.946,17.648
Finland,FIN,1993,34486.754,Europe,11065.631,17.067
Finland,FIN,1994,35699.72,Europe,10409.118,15.338
Finland,FIN,1995,37069.63,Europe,11078.025,17.208
Finland,FIN,1996,38301.51,Europe,10026.09,14.945
Finland,FIN,1997,40630.92,Europe,11423.412,16.853
Finland,FIN,1998,42733.445,Europe,13784.965,19.755
Finland,FIN,1999,44505.71,Europe,11959.002,17.504
Finland,FIN,2000,46968.84,Europe,13125.509,19.163
Finland,FIN,2001,48099.3,Europe,12052.025,17.238
Finland,FIN,2002,48792.49,Europe,11114.449,15.842
Finland,FIN,2003,49655.547,Europe,10694.037,14.248
Finland,FIN,2004,51494.707,Europe,14124.952,18.999
Finland,FIN,2005,52744.047,Europe,12817.831,19.045
Finland,FIN,2006,54653.98,Europe,12334.776,17.117
Finland,FIN,2007,57313.293,Europe,13111.018,18.351
Finland,FIN,2008,57494.586,Europe,14909.633,21.795
Finland,FIN,2009,52599.15,Europe,11758.009,18.615
Finland,FIN,2010,54017.945,Europe,13082.733,19.122
Finland,FIN,2011,55053.39,Europe,13137.611,20.478
Finland,FIN,2012,53957.668,Europe,15120.541,24.392
Finland,FIN,2013,53183.43,Europe,13737.791,22.15
Finland,FIN,2014,52710.734,Europe,14412.535,24.195
Finland,FIN,2015,52782.49,Europe,16260.123,27.515
Finland,FIN,2016,53984.633,Europe,15521.872,25.935
Finland,FIN,2017,55637.227,Europe,16364.369,27.99
Finland,FIN,2018,56226.336,Europe,16683.545,27.99
Finland,FIN,2019,56922.49,Europe,16663.199,28.591
Finland,FIN,2020,55424.86,Europe,18160.797,32.588
Finland,FIN,2021,56790.375,Europe,19901.895,35.036
Finland,FIN,2022,57068.305,Europe,19696.879,34.897
Finland,FIN,2023,56250.88,Europe,20927.711,35.888
Finland,FIN,2024,56123.15,Europe,22644.117,38.894
France,FRA,1990,38655.887,Europe,2730.409,5.936
France,FRA,1991,38937.953,Europe,2908.523,5.941
France,FRA,1992,39331.902,Europe,3445.254,7.019
France,FRA,1993,39020.613,Europe,3231.865,6.624
France,FRA,1994,39801.39,Europe,3909.055,8.129
France,FRA,1995,40570.72,Europe,3645.56,7.396
France,FRA,1996,40990.74,Europe,3317.204,6.506
France,FRA,1997,41876.934,Europe,3225.766,6.447
France,FRA,1998,43162.543,Europe,3126.331,6.12
France,FRA,1999,44400.137,Europe,3613.676,7.02
France,FRA,2000,45922.48,Europe,3319.751,6.409
France,FRA,2001,46454.87,Europe,3666.771,7.072
France,FRA,2002,46610.78,Europe,3002.785,5.879
France,FRA,2003,46730.977,Europe,2911.813,5.675
France,FRA,2004,47720.44,Europe,2921.737,5.684
France,FRA,2005,48257.465,Europe,2591.232,5.122
France,FRA,2006,49223.246,Europe,2842.63,5.702
France,FRA,2007,50157.785,Europe,3096.374,6.356
France,FRA,2008,50068.297,Europe,3552.378,7.319
France,FRA,2009,48404.965,Europe,3375.438,7.409
France,FRA,2010,49130.42,Europe,3682.448,7.882
France,FRA,2011,50085.684,Europe,3112.299,6.93
France,FRA,2012,49935.625,Europe,3888.931,8.714
France,FRA,2013,50066.53,Europe,4416.388,9.857
France,FRA,2014,50326.566,Europe,4215.729,9.885
France,FRA,2015,50682.895,Europe,4107.176,9.568
France,FRA,2016,50984.074,Europe,4344.005,10.362
France,FRA,2017,51895.566,Europe,4085.659,9.803
France,FRA,2018,52560.953,Europe,4836.418,11.513
France,FRA,2019,53448.555,Europe,4814.923,11.754
France,FRA,2020,49311.332,Europe,5103.89,13.972
France,FRA,2021,52517.336,Europe,5006.168,12.914
France,FRA,2022,53673.812,Europe,4715.598,13.726
France,FRA,2023,54296.723,Europe,5653.612,15.867
France,FRA,2024,54799.348,Europe,6138.945,16.465
Germany,DEU,1990,42287.652,Europe,662.884,1.264
Germany,DEU,1991,44125.145,Europe,610.564,1.202
Germany,DEU,1992,44672.69,Europe,710.027,1.438
Germany,DEU,1993,43948.15,Europe,731.283,1.498
Germany,DEU,1994,44933.293,Europe,793.376,1.646
Germany,DEU,1995,45475.688,Europe,863.461,1.788
Germany,DEU,1996,45814.85,Europe,792.516,1.593
Germany,DEU,1997,46596.18,Europe,837.673,1.709
Germany,DEU,1998,47565.453,Europe,912.236,1.868
Germany,DEU,1999,48547.004,Europe,1020.992,2.112
Germany,DEU,2000,49875.875,Europe,1329.505,2.738
Germany,DEU,2001,50606.71,Europe,1381.812,2.798
Germany,DEU,2002,50406.38,Europe,1637.896,3.365
Germany,DEU,2003,50111.574,Europe,1690.942,3.477
Germany,DEU,2004,50704.92,Europe,2098.536,4.316
Germany,DEU,2005,51182.96,Europe,2399.464,4.992
Germany,DEU,2006,53222.04,Europe,2868.235,5.797
Germany,DEU,2007,54832.96,Europe,3511.12,7.37
Germany,DEU,2008,55425.11,Europe,3628.964,7.523
Germany,DEU,2009,52484.855,Europe,3695.886,8.147
Germany,DEU,2010,54738.707,Europe,4005.2,8.465
Germany,DEU,2011,57858.42,Europe,4636.815,10.168
Germany,DEU,2012,58017.586,Europe,5292.822,11.46
Germany,DEU,2013,58089.17,Europe,5500.856,11.603
Germany,DEU,2014,59108.7,Europe,5811.58,12.84
Germany,DEU,2015,59573.707,Europe,6542.757,14.318
Germany,DEU,2016,60407.973,Europe,6492.84,14.101
Germany,DEU,2017,61866.49,Europe,7250.198,15.388
Germany,DEU,2018,62381.348,Europe,7434.165,16.263
Germany,DEU,2019,62849.375,Europe,7920.285,17.811
Germany,DEU,2020,60203.29,Europe,8283.994,20.017
Germany,DEU,2021,62530.766,Europe,7699.383,18.082
Germany,DEU,2022,63676.086,Europe,8268.65,20.329
Germany,DEU,2023,63039.37,Europe,8764.478,23.603
Germany,DEU,2024,62554.555,Europe,8949.748,23.968
Greece,GRC,1990,26916.312,Europe,479.548,1.714
Greece,GRC,1991,27419.604,Europe,835.761,2.961
Greece,GRC,1992,27401.424,Europe,593.133,2.074
Greece,GRC,1993,26804.854,Europe,621.6,2.157
Greece,GRC,1994,27204.396,Europe,699.901,2.4
Greece,GRC,1995,27646.148,Europe,941.166,3.131
Greece,GRC,1996,27905.107,Europe,1152.624,3.76
Greece,GRC,1997,28768.24,Europe,1024.571,3.265
Greece,GRC,1998,29592.525,Europe,985.39,2.971
Greece,GRC,1999,30263.055,Europe,1231.24,3.733
Greece,GRC,2000,31386.64,Europe,1067.56,3.092
Greece,GRC,2001,32675.93,Europe,749.605,2.164
Greece,GRC,2002,34081.027,Europe,904.342,2.621
Greece,GRC,2003,35970.703,Europe,1474.247,4.052
Greece,GRC,2004,37811.492,Europe,1469.656,4.05
Greece,GRC,2005,38146.965,Europe,1573.091,4.335
Greece,GRC,2006,40483.156,Europe,1916.253,5.149
Greece,GRC,2007,41796.234,Europe,1201.556,3.171
Greece,GRC,2008,41709.387,Europe,1448.786,3.908
Greece,GRC,2009,39886.215,Europe,2018.198,5.675
Greece,GRC,2010,37566.75,Europe,2605.631,7.696
Greece,GRC,2011,33906.492,Europe,2017.33,6.058
Greece,GRC,2012,31250.227,Europe,2506.954,7.967
Greece,GRC,2013,30762.443,Europe,3504.99,11.795
Greece,GRC,2014,31213.377,Europe,3017.801,10.745
Greece,GRC,2015,31347.977,Europe,3658.009,12.796
Greece,GRC,2016,31468.62,Europe,3667.434,12.975
Greece,GRC,2017,31995.41,Europe,3407.002,11.449
Greece,GRC,2018,32722.33,Europe,3944.334,13.164
Greece,GRC,2019,33502.75,Europe,3952.095,13.476
Greece,GRC,2020,30487.113,Europe,4302.183,16.785
Greece,GRC,2021,33531.156,Europe,5429.429,19.2
Greece,GRC,2022,35831.344,Europe,5610.2,18.783
Greece,GRC,2023,36700.51,Europe,6120.928,20.754
Greece,GRC,2024,37474.28,Europe,6650.131,21.055
Hong Kong,HKG,1990,31598.756,Asia,0.0,0.0
Hong Kong,HKG,1991,33124.688,Asia,0.0,0.0
Hong Kong,HKG,1992,34895.76,Asia,0.0,0.0
Hong Kong,HKG,1993,36428.527,Asia,0.0,0.0
Hong Kong,HKG,1994,37767.195,Asia,0.0,0.0
Hong Kong,HKG,1995,37905.652,Asia,0.0,0.0
Hong Kong,HKG,1996,37804.07,Asia,0.0,0.0
Hong Kong,HKG,1997,39402.594,Asia,0.0,0.0
Hong Kong,HKG,1998,36776.383,Asia,0.0,0.0
Hong Kong,HKG,1999,37339.926,Asia,0.0,0.0
Hong Kong,HKG,2000,39848.59,Asia,0.0,0.0
Hong Kong,HKG,2001,39777.855,Asia,0.0,0.0
Hong Kong,HKG,2002,40258.17,Asia,0.0,0.0
Hong Kong,HKG,2003,41570.58,Asia,0.0,0.0
Hong Kong,HKG,2004,44836.207,Asia,0.0,0.0
Hong Kong,HKG,2005,47938.9,Asia,0.0,0.0
Hong Kong,HKG,2006,50981.793,Asia,0.268,0.001
Hong Kong,HKG,2007,53813.08,Asia,0.33,0.001
Hong Kong,HKG,2008,54630.375,Asia,0.303,0.001
Hong Kong,HKG,2009,53172.3,Asia,0.408,0.001
Hong Kong,HKG,2010,56355.41,Asia,23.92,0.053
Hong Kong,HKG,2011,58672.83,Asia,62.996,0.137
Hong Kong,HKG,2012,59015.332,Asia,26.636,0.061
Hong Kong,HKG,2013,60601.61,Asia,71.701,0.16
Hong Kong,HKG,2014,61839.812,Asia,65.31,0.151
Hong Kong,HKG,2015,62779.75,Asia,90.66,0.205
Hong Kong,HKG,2016,63749.41,Asia,92.977,0.206
Hong Kong,HKG,2017,65662.836,Asia,100.925,0.209
Hong Kong,HKG,2018,66993.97,Asia,116.852,0.24
Hong Kong,HKG,2019,65388.332,Asia,116.405,0.253
Hong Kong,HKG,2020,61328.527,Asia,159.125,0.462
Hong Kong,HKG,2021,65884.94,Asia,212.949,0.654
Hong Kong,HKG,2022,64036.645,Asia,269.801,0.927
Hong Kong,HKG,2023,64434.56,Asia,353.581,1.048
Hong Kong,HKG,2024,66153.98,Asia,385.705,1.048
Hungary,HUN,1990,21297.0,Europe,52.746,0.17
Hungary,HUN,1991,18765.416,Europe,59.152,0.204
Hungary,HUN,1992,18197.531,Europe,56.177,0.202
Hungary,HUN,1993,18113.336,Europe,56.29,0.21
Hungary,HUN,1994,18672.707,Europe,56.852,0.208
Hungary,HUN,1995,18977.244,Europe,60.815,0.22
Hungary,HUN,1996,19029.113,Europe,70.98,0.251
Hungary,HUN,1997,19635.295,Europe,74.487,0.269
Hungary,HUN,1998,20438.383,Europe,60.288,0.214
Hungary,HUN,1999,21128.889,Europe,69.072,0.245
Hungary,HUN,2000,22117.92,Europe,68.452,0.249
Hungary,HUN,2001,23069.21,Europe,72.327,0.256
Hungary,HUN,2002,24229.295,Europe,65.641,0.238
Hungary,HUN,2003,25255.871,Europe,96.94,0.345
Hungary,HUN,2004,26568.12,Europe,281.331,0.985
Hungary,HUN,2005,27765.79,Europe,574.318,1.882
Hungary,HUN,2006,28903.047,Europe,466.555,1.557
Hungary,HUN,2007,29044.066,Europe,604.805,2.042
Hungary,HUN,2008,29384.008,Europe,904.684,3.095
Hungary,HUN,2009,27445.959,Europe,1071.671,3.947
Hungary,HUN,2010,27801.834,Europe,1108.507,3.999
Hungary,HUN,2011,28415.117,Europe,990.439,3.672
Hungary,HUN,2012,28179.656,Europe,959.683,3.807
Hungary,HUN,2013,28891.021,Europe,985.639,4.115
Hungary,HUN,2014,30264.95,Europe,1158.658,4.82
Hungary,HUN,2015,31485.568,Europe,1166.435,4.593
Hungary,HUN,2016,32378.967,Europe,1183.668,4.567
Hungary,HUN,2017,33828.715,Europe,1220.274,4.454
Hungary,HUN,2018,35798.043,Europe,1337.074,4.84
Hungary,HUN,2019,37662.676,Europe,1576.425,5.632
Hungary,HUN,2020,36119.52,Europe,1876.92,6.807
Hungary,HUN,2021,38887.19,Europe,2246.434,7.724
Hungary,HUN,2022,40610.973,Europe,2454.476,8.957
Hungary,HUN,2023,40333.254,Europe,2844.661,10.886
Hungary,HUN,2024,40686.934,Europe,3394.358,12.706
Iceland,ISL,1990,42336.426,Europe,48744.508,59.083
Iceland,ISL,1991,41754.977,Europe,47989.496,60.295
Iceland,ISL,1992,39842.375,Europe,48544.781,59.704
Iceland,ISL,1993,39957.32,Europe,49993.406,59.777
Iceland,ISL,1994,41042.01,Europe,50112.98,59.774
Iceland,ISL,1995,40867.562,Europe,51932.367,60.333
Iceland,ISL,1996,42475.695,Europe,53169.883,58.579
Iceland,ISL,1997,43873.668,Europe,57574.727,61.043
Iceland,ISL,1998,46449.344,Europe,64345.223,63.559
Iceland,ISL,1999,47679.87,Europe,73281.195,66.566
Iceland,ISL,2000,49338.473,Europe,77405.289,67.054
Iceland,ISL,2001,50556.992,Europe,79598.852,68.986
Iceland,ISL,2002,50379.46,Europe,81943.969,69.06
Iceland,ISL,2003,51173.2,Europe,81789.383,69.009
Iceland,ISL,2004,54592.53,Europe,82006.734,68.283
Iceland,ISL,2005,57512.42,Europe,80992.43,68.112
Iceland,ISL,2006,59364.29,Europe,91206.695,70.76
Iceland,ISL,2007,62940.746,Europe,107530.93,74.337
Iceland,ISL,2008,62831.17,Europe,143010.688,81.016
Iceland,ISL,2009,57406.47,Europe,145809.391,82.491
Iceland,ISL,2010,56211.836,Europe,146924.734,83.047
Iceland,ISL,2011,56813.742,Europe,147567.891,83.32
Iceland,ISL,2012,57173.043,Europe,149841.172,83.699
Iceland,ISL,2013,58671.93,Europe,152295.828,83.281
Iceland,ISL,2014,59133.27,Europe,150204.062,83.012
Iceland,ISL,2015,60725.727,Europe,153153.984,82.168
Iceland,ISL,2016,63612.555,Europe,148569.797,80.357
Iceland,ISL,2017,64303.38,Europe,149886.094,79.303
Iceland,ISL,2018,65521.93,Europe,151207.688,78.7
Iceland,ISL,2019,64826.434,Europe,145113.766,80.843
Iceland,ISL,2020,59543.812,Europe,140052.078,86.126
Iceland,ISL,2021,61610.215,Europe,140773.203,84.494
Iceland,ISL,2022,65380.316,Europe,140857.141,82.075
Iceland,ISL,2023,68118.4,Europe,138548.938,81.843
Iceland,ISL,2024,67310.055,Europe,132214.828,80.498
India,IND,1990,2203.147,Asia,213.461,8.068
India,IND,1991,2178.686,Asia,232.984,8.531
India,IND,1992,2249.698,Asia,216.214,7.687
India,IND,1993,2307.6072,Asia,214.213,7.588
India,IND,1994,2411.4626,Asia,238.568,8.187
India,IND,1995,2542.422,Asia,222.883,7.258
India,IND,1996,2680.2788,Asia,200.725,6.408
India,IND,1997,2734.521,Asia,201.034,6.202
India,IND,1998,2847.9624,Asia,234.98,6.971
India,IND,1999,3041.4827,Asia,229.019,6.735
India,IND,2000,3099.503,Asia,211.886,6.042
India,IND,2001,3188.8103,Asia,196.829,5.693
India,IND,2002,3250.6956,Asia,183.337,5.218
India,IND,2003,3445.926,Asia,183.994,5.144
India,IND,2004,3656.1262,Asia,262.681,6.887
India,IND,2005,3881.966,Asia,252.724,6.359
India,IND,2006,4129.7783,Asia,293.929,7.134
India,IND,2007,4379.696,Asia,320.527,7.276
India,IND,2008,4450.39,Asia,308.547,6.712
India,IND,2009,4731.362,Asia,290.375,5.965
India,IND,2010,5059.2827,Asia,303.142,6.057
India,IND,2011,5249.5493,Asia,362.263,6.967
India,IND,2012,5460.4375,Asia,335.554,6.208
India,IND,2013,5732.2417,Asia,371.517,6.75
India,IND,2014,6079.8438,Asia,396.539,6.829
India,IND,2015,6488.146,Asia,376.293,6.357
India,IND,2016,6940.626,Asia,390.035,6.37
India,IND,2017,7326.607,Asia,426.385,6.793
India,IND,2018,7714.34,Asia,479.617,7.307
India,IND,2019,7930.0913,Asia,539.006,8.108
India,IND,2020,7399.531,Asia,554.367,8.893
India,IND,2021,8050.0186,Asia,581.251,8.657
India,IND,2022,8594.392,Asia,661.233,9.421
India,IND,2023,9301.756,Asia,663.527,8.861
India,IND,2024,9818.043,Asia,710.831,9.146
Indonesia,IDN,1990,4873.0537,Asia,117.48,3.597
Indonesia,IDN,1991,5118.468,Asia,127.782,3.661
Indonesia,IDN,1992,5357.376,Asia,158.837,4.219
Indonesia,IDN,1993,5609.152,Asia,145.417,3.686
Indonesia,IDN,1994,5931.235,Asia,138.292,3.404
Indonesia,IDN,1995,6312.9346,Asia,149.837,3.445
Indonesia,IDN,1996,6695.4097,Asia,156.658,3.415
Indonesia,IDN,1997,6897.0024,Asia,120.171,2.451
Indonesia,IDN,1998,5897.6855,Asia,186.143,3.927
Indonesia,IDN,1999,5855.658,Asia,193.177,3.788
Indonesia,IDN,2000,6056.382,Asia,199.227,3.699
Indonesia,IDN,2001,6190.5195,Asia,233.02,4.096
Indonesia,IDN,2002,6381.9497,Asia,210.385,3.647
Indonesia,IDN,2003,6599.092,Asia,197.675,3.195
Indonesia,IDN,2004,6843.5464,Asia,206.412,3.415
Indonesia,IDN,2005,7140.8545,Asia,214.506,3.494
Indonesia,IDN,2006,7434.488,Asia,199.324,3.234
Indonesia,IDN,2007,7802.464,Asia,220.271,3.374
Indonesia,IDN,2008,8165.0615,Asia,236.059,3.62
Indonesia,IDN,2009,8435.456,Asia,247.224,3.736
Indonesia,IDN,2010,8848.225,Asia,312.203,4.417
Indonesia,IDN,2011,9274.97,Asia,262.097,3.554
Indonesia,IDN,2012,9708.612,Asia,274.541,3.577
Indonesia,IDN,2013,10121.814,Asia,323.653,4.534
Indonesia,IDN,2014,10504.387,Asia,338.127,4.708
Indonesia,IDN,2015,10893.662,Asia,290.469,4.003
Indonesia,IDN,2016,11319.663,Asia,414.29,5.81
Indonesia,IDN,2017,11772.574,Asia,418.546,5.518
Indonesia,IDN,2018,12262.231,Asia,635.144,8.029
Indonesia,IDN,2019,12757.785,Asia,713.722,8.613
Indonesia,IDN,2020,12388.545,Asia,821.447,10.644
Indonesia,IDN,2021,12757.074,Asia,881.074,11.076
Indonesia,IDN,2022,13334.266,Asia,1008.235,10.208
Indonesia,IDN,2023,13889.975,Asia,1061.278,10.695
Indonesia,IDN,2024,14470.4375,Asia,1155.609,10.954
Iran,IRN,1990,9656.001,Asia,351.195,2.531
Iran,IRN,1991,10592.332,Asia,259.64,1.771
Iran,IRN,1992,10727.418,Asia,417.859,2.631
Iran,IRN,1993,10531.995,Asia,476.493,3.255
Iran,IRN,1994,10333.433,Asia,311.368,1.901
Iran,IRN,1995,10465.026,Asia,371.662,2.188
Iran,IRN,1996,11010.01,Asia,389.358,2.13
Iran,IRN,1997,11025.721,Asia,259.316,1.393
Iran,IRN,1998,11101.508,Asia,322.381,1.685
Iran,IRN,1999,11163.695,Asia,219.776,1.081
Iran,IRN,2000,11643.122,Asia,159.656,0.76
Iran,IRN,2001,11739.009,Asia,170.193,0.77
Iran,IRN,2002,12583.045,Asia,323.971,1.356
Iran,IRN,2003,13519.45,Asia,380.992,1.584
Iran,IRN,2004,13807.195,Asia,462.083,1.774
Iran,IRN,2005,13935.774,Asia,543.368,2.014
Iran,IRN,2006,14320.657,Asia,678.876,2.353
Iran,IRN,2007,15237.424,Asia,645.263,2.139
Iran,IRN,2008,15091.251,Asia,266.738,0.867
Iran,IRN,2009,15055.149,Asia,238.634,0.767
Iran,IRN,2010,15729.913,Asia,350.961,1.106
Iran,IRN,2011,15947.766,Asia,361.026,1.109
Iran,IRN,2012,15159.295,Asia,416.067,1.284
Iran,IRN,2013,14734.74,Asia,472.846,1.423
Iran,IRN,2014,15262.852,Asia,460.874,1.349
Iran,IRN,2015,14841.905,Asia,411.055,1.23
Iran,IRN,2016,15920.372,Asia,467.967,1.344
Iran,IRN,2017,16167.968,Asia,519.435,1.462
Iran,IRN,2018,15364.805,Asia,313.134,0.864
Iran,IRN,2019,14841.075,Asia,998.354,2.641
Iran,IRN,2020,15381.585,Asia,702.07,1.802
Iran,IRN,2021,15884.428,Asia,434.541,1.14
Iran,IRN,2022,16377.961,Asia,433.158,1.112
Iran,IRN,2023,17044.816,Asia,665.79,1.68
Iran,IRN,2024,17484.133,Asia,561.098,1.433
Iraq,IRQ,1990,10735.094,Asia,734.728,5.453
Iraq,IRQ,1991,3819.1619,Asia,335.383,3.982
Iraq,IRQ,1992,4916.264,Asia,792.171,6.114
Iraq,IRQ,1993,6105.0415,Asia,891.399,5.43
Iraq,IRQ,1994,6044.871,Asia,861.72,4.862
Iraq,IRQ,1995,5969.6694,Asia,949.635,5.564
Iraq,IRQ,1996,6419.3696,Asia,838.369,5.065
Iraq,IRQ,1997,7545.73,Asia,827.706,4.349
Iraq,IRQ,1998,9871.734,Asia,752.278,5.437
Iraq,IRQ,1999,11237.854,Asia,418.261,4.325
Iraq,IRQ,2000,12702.164,Asia,363.551,2.757
Iraq,IRQ,2001,12529.608,Asia,405.74,2.842
Iraq,IRQ,2002,11144.051,Asia,480.389,3.656
Iraq,IRQ,2003,6849.332,Asia,483.491,4.274
Iraq,IRQ,2004,10210.563,Asia,565.034,4.794
Iraq,IRQ,2005,10078.443,Asia,463.098,4.279
Iraq,IRQ,2006,10568.914,Asia,466.314,4.466
Iraq,IRQ,2007,10853.816,Asia,427.748,4.029
Iraq,IRQ,2008,11511.938,Asia,267.034,2.24
Iraq,IRQ,2009,11470.518,Asia,247.133,2.191
Iraq,IRQ,2010,11816.841,Asia,303.242,2.404
Iraq,IRQ,2011,12267.585,Asia,273.838,2.177
Iraq,IRQ,2012,13357.015,Asia,336.719,2.572
Iraq,IRQ,2013,13712.932,Asia,337.436,2.456
Iraq,IRQ,2014,13536.823,Asia,201.369,1.544
Iraq,IRQ,2015,13516.027,Asia,175.477,1.4
Iraq,IRQ,2016,15016.092,Asia,223.928,1.709
Iraq,IRQ,2017,14417.631,Asia,141.938,0.934
Iraq,IRQ,2018,14456.235,Asia,135.558,0.877
Iraq,IRQ,2019,14910.225,Asia,320.87,1.982
Iraq,IRQ,2020,12827.635,Asia,266.116,1.887
Iraq,IRQ,2021,12731.754,Asia,212.864,1.484
Iraq,IRQ,2022,13433.397,Asia,168.771,1.095
Iraq,IRQ,2023,13202.323,Asia,95.212,0.598
Iraq,IRQ,2024,12725.043,Asia,93.465,0.584
Ireland,IRL,1990,29555.633,Europe,550.968,1.644
Ireland,IRL,1991,29953.244,Europe,586.325,1.694
Ireland,IRL,1992,30744.191,Europe,641.672,1.858
Ireland,IRL,1993,31414.596,Europe,605.873,1.727
Ireland,IRL,1994,33092.062,Europe,726.525,1.995
Ireland,IRL,1995,36094.76,Europe,560.836,1.517
Ireland,IRL,1996,38452.945,Europe,585.087,1.511
Ireland,IRL,1997,42265.164,Europe,619.619,1.563
Ireland,IRL,1998,45493.168,Europe,883.746,2.094
Ireland,IRL,1999,49719.887,Europe,840.399,1.907
Ireland,IRL,2000,53675.004,Europe,874.359,1.92
Ireland,IRL,2001,55630.1,Europe,743.573,1.57
Ireland,IRL,2002,57927.49,Europe,971.125,2.106
Ireland,IRL,2003,58709.156,Europe,785.263,1.775
Ireland,IRL,2004,61558.58,Europe,940.317,2.123
Ireland,IRL,2005,63689.086,Europe,1227.97,2.716
Ireland,IRL,2006,65087.18,Europe,1567.56,3.451
Ireland,IRL,2007,66590.195,Europe,1762.855,3.934
Ireland,IRL,2008,62320.668,Europe,2270.569,5.203
Ireland,IRL,2009,58547.266,Europe,2601.61,6.704
Ireland,IRL,2010,59209.1,Europe,2396.661,6.149
Ireland,IRL,2011,59899.918,Europe,3340.517,9.032
Ireland,IRL,2012,59405.047,Europe,3210.026,8.861
Ireland,IRL,2013,60388.94,Europe,3423.319,9.648
Ireland,IRL,2014,65575.805,Europe,3840.302,10.938
Ireland,IRL,2015,80954.664,Europe,4592.599,12.506
Ireland,IRL,2016,80899.02,Europe,4386.334,11.537
Ireland,IRL,2017,87882.71,Europe,5162.07,13.692
Ireland,IRL,2018,93276.016,Europe,5758.226,15.142
Ireland,IRL,2019,96371.29,Europe,6554.747,17.39
Ireland,IRL,2020,101968.555,Europe,7292.109,20.819
Ireland,IRL,2021,116903.61,Europe,6306.125,17.799
Ireland,IRL,2022,123219.08,Europe,7013.498,19.42
Ireland,IRL,2023,117862.125,Europe,7484.979,21.82
Ireland,IRL,2024,119037.734,Europe,7585.669,22.18
Israel,ISR,1990,25335.271,Asia,1.834,0.006
Israel,ISR,1991,25698.93,Asia,3.487,0.013
Israel,ISR,1992,26752.4,Asia,16.25,0.053
Israel,ISR,1993,27123.107,Asia,14.2,0.043
Israel,ISR,1994,28393.0,Asia,12.247,0.037
Israel,ISR,1995,29470.816,Asia,12.969,0.036
Israel,ISR,1996,30386.197,Asia,12.122,0.033
Israel,ISR,1997,30707.006,Asia,12.299,0.031
Israel,ISR,1998,31246.857,Asia,11.994,0.03
Israel,ISR,1999,31465.613,Asia,15.416,0.038
Israel,ISR,2000,33275.062,Asia,14.091,0.038
Israel,ISR,2001,32590.229,Asia,8.826,0.024
Israel,ISR,2002,31897.584,Asia,32.076,0.088
Israel,ISR,2003,31780.78,Asia,36.453,0.099
Israel,ISR,2004,32675.209,Asia,34.591,0.094
Israel,ISR,2005,33512.89,Asia,42.604,0.117
Israel,ISR,2006,34770.027,Asia,24.342,0.068
Israel,ISR,2007,36317.85,Asia,21.952,0.06
Israel,ISR,2008,36827.926,Asia,25.465,0.069
Israel,ISR,2009,36403.164,Asia,52.665,0.149
Israel,ISR,2010,37722.41,Asia,80.052,0.222
Israel,ISR,2011,39075.375,Asia,127.447,0.353
Israel,ISR,2012,39299.35,Asia,186.392,0.502
Israel,ISR,2013,40148.777,Asia,201.093,0.583
Israel,ISR,2014,40872.582,Asia,325.675,0.987
Israel,ISR,2015,40967.37,Asia,433.215,1.269
Israel,ISR,2016,41963.676,Asia,595.979,1.746
Israel,ISR,2017,42947.06,Asia,597.373,1.75
Israel,ISR,2018,43814.297,Asia,648.441,1.89
Israel,ISR,2019,44580.81,Asia,1009.162,2.903
Israel,ISR,2020,42915.94,Asia,1300.711,4.024
Israel,ISR,2021,46162.082,Asia,1591.904,4.889
Israel,ISR,2022,48098.188,Asia,1816.181,5.387
Israel,ISR,2023,47527.152,Asia,2393.993,7.83
Israel,ISR,2024,47338.844,Asia,2881.895,9.795
Italy,ITA,1990,42656.746,Europe,1719.898,4.568
Italy,ITA,1991,43283.02,Europe,2236.339,6.125
Italy,ITA,1992,43614.484,Europe,2247.091,6.129
Italy,ITA,1993,43216.11,Europe,2220.235,6.154
Italy,ITA,1994,44136.707,Europe,2355.214,6.574
Italy,ITA,1995,45410.14,Europe,2028.259,5.386
Italy,ITA,1996,46008.24,Europe,2271.272,5.983
Italy,ITA,1997,46869.426,Europe,2271.441,5.928
Italy,ITA,1998,47701.4,Europe,2286.841,5.959
Italy,ITA,1999,48493.664,Europe,2523.756,6.543
Italy,ITA,2000,50353.42,Europe,2504.724,6.853
Italy,ITA,2001,51332.29,Europe,2659.904,7.295
Italy,ITA,2002,51369.113,Europe,2354.778,6.453
Italy,ITA,2003,51126.258,Europe,2272.053,6.06
Italy,ITA,2004,51495.004,Europe,2628.864,6.893
Italy,ITA,2005,51585.645,Europe,2334.86,6.161
Italy,ITA,2006,52304.242,Europe,2424.978,6.427
Italy,ITA,2007,52747.19,Europe,2267.294,6.173
Italy,ITA,2008,51806.39,Europe,2808.795,7.803
Italy,ITA,2009,48774.39,Europe,3359.328,10.127
Italy,ITA,2010,49301.695,Europe,3727.355,10.921
Italy,ITA,2011,49473.016,Europe,3968.702,11.912
Italy,ITA,2012,47795.957,Europe,4347.991,13.499
Italy,ITA,2013,46833.363,Europe,5172.381,16.96
Italy,ITA,2014,46825.652,Europe,5501.412,18.517
Italy,ITA,2015,47311.824,Europe,5024.947,16.66
Italy,ITA,2016,47987.84,Europe,4947.602,16.412
Italy,ITA,2017,48849.22,Europe,4768.667,15.675
Italy,ITA,2018,49133.145,Europe,5229.956,17.059
Italy,ITA,2019,49690.63,Europe,5292.727,17.412
Italy,ITA,2020,45505.07,Europe,5347.12,19.399
Italy,ITA,2021,49825.395,Europe,5348.62,18.014
Italy,ITA,2022,52333.33,Europe,4672.377,15.951
Italy,ITA,2023,52870.324,Europe,5285.862,18.854
Italy,ITA,2024,53265.004,Europe,5932.423,20.931
Japan,JPN,1990,35272.418,Asia,2243.243,5.368
Japan,JPN,1991,36372.035,Asia,2410.838,5.6
Japan,JPN,1992,36563.62,Asia,2085.569,4.805
Japan,JPN,1993,36277.92,Asia,2349.848,5.348
Japan,JPN,1994,36568.71,Asia,1765.915,3.887
Japan,JPN,1995,37442.895,Asia,2097.944,4.483
Japan,JPN,1996,38528.793,Asia,2081.163,4.371
Japan,JPN,1997,38814.254,Asia,2310.591,4.773
Japan,JPN,1998,38217.195,Asia,2357.966,4.961
Japan,JPN,1999,38020.094,Asia,2247.476,4.664
Japan,JPN,2000,39005.914,Asia,2253.357,4.603
Japan,JPN,2001,39062.28,Asia,2179.84,4.508
Japan,JPN,2002,38987.91,Asia,2171.179,4.514
Japan,JPN,2003,39501.81,Asia,2449.24,5.098
Japan,JPN,2004,40351.777,Asia,2442.466,5.023
Japan,JPN,2005,41075.824,Asia,2234.198,4.52
Japan,JPN,2006,41613.15,Asia,2467.354,5.011
Japan,JPN,2007,42182.176,Asia,2194.187,4.499
Japan,JPN,2008,41645.57,Asia,2181.407,4.561
Japan,JPN,2009,39279.5,Asia,2075.344,4.756
Japan,JPN,2010,40881.797,Asia,2508.218,5.404
Japan,JPN,2011,40967.344,Asia,2400.329,5.447
Japan,JPN,2012,41596.92,Asia,2354.55,5.379
Japan,JPN,2013,42492.242,Asia,2536.953,5.829
Japan,JPN,2014,42674.7,Asia,2804.523,6.604
Japan,JPN,2015,43386.71,Asia,3225.911,7.685
Japan,JPN,2016,43736.13,Asia,3148.987,7.593
Japan,JPN,2017,44505.277,Asia,3367.779,8.029
Japan,JPN,2018,44848.49,Asia,3606.433,8.65
Japan,JPN,2019,44730.91,Asia,3625.492,8.871
Japan,JPN,2020,42992.48,Asia,3972.055,10.457
Japan,JPN,2021,44355.348,Asia,4302.122,10.814
Japan,JPN,2022,44972.344,Asia,4432.941,11.154
Japan,JPN,2023,45858.66,Asia,4642.009,11.965
Japan,JPN,2024,46106.92,Asia,4886.513,12.697
Kazakhstan,KAZ,1990,16837.691,Asia,1192.785,2.384
Kazakhstan,KAZ,1991,14877.527,Asia,1157.501,2.333
Kazakhstan,KAZ,1992,14045.104,Asia,1100.365,2.254
Kazakhstan,KAZ,1993,12795.875,Asia,1226.761,2.838
Kazakhstan,KAZ,1994,11334.983,Asia,1495.984,3.836
Kazakhstan,KAZ,1995,10600.33,Asia,1383.199,3.875
Kazakhstan,KAZ,1996,10857.436,Asia,1240.488,3.917
Kazakhstan,KAZ,1997,11298.58,Asia,1125.257,3.938
Kazakhstan,KAZ,1998,11364.031,Asia,1090.143,3.95
Kazakhstan,KAZ,1999,11815.773,Asia,1102.062,4.197
Kazakhstan,KAZ,2000,12935.864,Asia,1349.554,5.679
Kazakhstan,KAZ,2001,14612.029,Asia,1433.245,5.382
Kazakhstan,KAZ,2002,15960.874,Asia,1555.56,5.767
Kazakhstan,KAZ,2003,17344.752,Asia,1492.319,5.074
Kazakhstan,KAZ,2004,18886.582,Asia,1377.512,4.463
Kazakhstan,KAZ,2005,20565.53,Asia,1322.523,4.196
Kazakhstan,KAZ,2006,22574.344,Asia,1289.779,3.832
Kazakhstan,KAZ,2007,24351.346,Asia,1336.789,3.613
Kazakhstan,KAZ,2008,24895.664,Asia,1198.24,3.104
Kazakhstan,KAZ,2009,24901.354,Asia,1086.375,3.18
Kazakhstan,KAZ,2010,26374.84,Asia,1240.775,3.426
Kazakhstan,KAZ,2011,27946.16,Asia,1196.736,2.948
Kazakhstan,KAZ,2012,28881.242,Asia,1137.783,2.703
Kazakhstan,KAZ,2013,30177.488,Asia,1126.957,2.709
Kazakhstan,KAZ,2014,30986.438,Asia,1182.172,2.743
Kazakhstan,KAZ,2015,30893.76,Asia,1322.601,3.77
Kazakhstan,KAZ,2016,30758.322,Asia,1640.024,4.246
Kazakhstan,KAZ,2017,31524.441,Asia,1560.867,3.815
Kazakhstan,KAZ,2018,32330.227,Asia,1432.93,3.445
Kazakhstan,KAZ,2019,33298.21,Asia,1430.069,3.447
Kazakhstan,KAZ,2020,32011.549,Asia,1512.503,4.014
Kazakhstan,KAZ,2021,32945.85,Asia,1570.31,3.78
Kazakhstan,KAZ,2022,33506.26,Asia,1629.765,3.995
Kazakhstan,KAZ,2023,34703.234,Asia,1734.645,4.179
Kazakhstan,KAZ,2024,35973.965,Asia,2136.749,5.12
Kuwait,KWT,1990,38932.945,Asia,0.0,0.0
Kuwait,KWT,1991,28633.969,Asia,0.0,0.0
Kuwait,KWT,1992,43266.934,Asia,0.0,0.0
Kuwait,KWT,1993,56684.188,Asia,0.0,0.0
Kuwait,KWT,1994,61753.848,Asia,0.0,0.0
Kuwait,KWT,1995,64093.52,Asia,0.0,0.0
Kuwait,KWT,1996,62665.223,Asia,0.0,0.0
Kuwait,KWT,1997,62151.953,Asia,0.0,0.0
Kuwait,KWT,1998,62450.09,Asia,0.0,0.0
Kuwait,KWT,1999,59533.953,Asia,0.0,0.0
Kuwait,KWT,2000,60585.3,Asia,0.0,0.0
Kuwait,KWT,2001,59099.664,Asia,0.0,0.0
Kuwait,KWT,2002,59348.617,Asia,0.0,0.0
Kuwait,KWT,2003,67984.31,Asia,0.0,0.0
Kuwait,KWT,2004,73298.06,Asia,0.0,0.0
Kuwait,KWT,2005,78193.9,Asia,0.0,0.0
Kuwait,KWT,2006,79521.35,Asia,0.0,0.0
Kuwait,KWT,2007,79474.76,Asia,0.0,0.0
Kuwait,KWT,2008,77036.51,Asia,0.0,0.0
Kuwait,KWT,2009,67896.266,Asia,0.0,0.0
Kuwait,KWT,2010,62956.215,Asia,0.0,0.0
Kuwait,KWT,2011,64844.5,Asia,0.0,0.0
Kuwait,KWT,2012,64908.26,Asia,0.0,0.0
Kuwait,KWT,2013,62458.81,Asia,0.133,0.0
Kuwait,KWT,2014,60065.656,Asia,2.275,0.002
Kuwait,KWT,2015,57763.516,Asia,3.361,0.003
Kuwait,KWT,2016,56936.62,Asia,30.632,0.026
Kuwait,KWT,2017,52285.586,Asia,32.02,0.028
Kuwait,KWT,2018,51623.81,Asia,31.746,0.028
Kuwait,KWT,2019,51380.645,Asia,34.647,0.035
Kuwait,KWT,2020,49372.82,Asia,35.614,0.037
Kuwait,KWT,2021,50651.957,Asia,119.743,0.111
Kuwait,KWT,2022,51379.883,Asia,94.757,0.093
Kuwait,KWT,2023,47777.402,Asia,86.456,0.084
Kuwait,KWT,2024,46137.47,Asia,80.465,0.076
Latvia,LVA,1990,17508.787,Europe,4694.839,14.555
Latvia,LVA,1991,15376.091,Europe,3434.297,11.502
Latvia,LVA,1992,10582.207,Europe,2678.097,12.318
Latvia,LVA,1993,10255.142,Europe,3116.01,16.32
Latvia,LVA,1994,10656.608,Europe,3641.289,19.401
Latvia,LVA,1995,10707.515,Europe,3281.779,18.407
Latvia,LVA,1996,11077.862,Europe,2103.189,12.483
Latvia,LVA,1997,12215.016,Europe,3373.432,19.779
Latvia,LVA,1998,13138.401,Europe,4976.5,26.66
Latvia,LVA,1999,13619.099,Europe,3205.545,19.963
Latvia,LVA,2000,14554.213,Europe,3312.24,20.891
Latvia,LVA,2001,15695.906,Europe,3354.417,19.382
Latvia,LVA,2002,17096.559,Europe,2947.216,16.668
Latvia,LVA,2003,18717.668,Europe,2787.342,15.783
Latvia,LVA,2004,20574.12,Europe,3832.301,19.121
Latvia,LVA,2005,23213.354,Europe,4120.609,19.73
Latvia,LVA,2006,26431.814,Europe,3382.867,16.884
Latvia,LVA,2007,29423.736,Europe,3435.782,16.497
Latvia,LVA,2008,28726.973,Europe,3911.164,18.494
Latvia,LVA,2009,24520.68,Europe,4388.24,21.616
Latvia,LVA,2010,24119.73,Europe,4677.743,19.887
Latvia,LVA,2011,25308.732,Europe,4040.573,18.86
Latvia,LVA,2012,27496.545,Europe,5388.727,24.023
Latvia,LVA,2013,28375.184,Europe,4754.261,21.731
Latvia,LVA,2014,29243.742,Europe,3862.252,18.958
Latvia,LVA,2015,30599.613,Europe,3938.322,18.663
Latvia,LVA,2016,31668.516,Europe,4797.224,21.134
Latvia,LVA,2017,33036.39,Europe,7392.975,29.607
Latvia,LVA,2018,34729.707,Europe,5055.651,22.387
Latvia,LVA,2019,35208.195,Europe,4659.669,19.894
Latvia,LVA,2020,34225.9,Europe,5332.619,24.894
Latvia,LVA,2021,36912.01,Europe,5456.933,24.165
Latvia,LVA,2022,37718.71,Europe,5383.809,26.646
Latvia,LVA,2023,37277.723,Europe,6758.425,31.776
Latvia,LVA,2024,37611.67,Europe,6050.506,29.669
Lithuania,LTU,1990,20586.229,Europe,311.23,0.59
Lithuania,LTU,1991,19384.818,Europe,253.657,0.457
Lithuania,LTU,1992,15280.389,Europe,233.638,0.662
Lithuania,LTU,1993,12861.695,Europe,296.632,1.064
Lithuania,LTU,1994,11686.438,Europe,343.527,1.418
Lithuania,LTU,1995,12164.204,Europe,285.663,1.051
Lithuania,LTU,1996,12873.201,Europe,251.563,0.843
Lithuania,LTU,1997,14045.005,Europe,229.317,0.822
Lithuania,LTU,1998,15202.912,Europe,326.496,1.083
Lithuania,LTU,1999,15143.193,Europe,326.435,1.314
Lithuania,LTU,2000,15771.427,Europe,269.254,1.209
Lithuania,LTU,2001,16933.023,Europe,260.702,1.01
Lithuania,LTU,2002,18216.545,Europe,284.598,1.01
Lithuania,LTU,2003,20302.984,Europe,265.778,0.896
Lithuania,LTU,2004,21867.287,Europe,347.039,1.144
Lithuania,LTU,2005,23944.701,Europe,384.241,1.363
Lithuania,LTU,2006,26129.34,Europe,428.319,1.571
Lithuania,LTU,2007,29370.773,Europe,676.678,2.221
Lithuania,LTU,2008,30445.781,Europe,730.055,2.403
Lithuania,LTU,2009,26217.545,Europe,772.807,2.737
Lithuania,LTU,2010,26887.492,Europe,958.415,4.494
Lithuania,LTU,2011,29240.748,Europe,1151.505,5.089
Lithuania,LTU,2012,30920.33,Europe,1295.289,5.654
Lithuania,LTU,2013,32474.64,Europe,1614.132,7.556
Lithuania,LTU,2014,33975.086,Europe,1639.734,7.885
Lithuania,LTU,2015,35251.297,Europe,1826.482,8.308
Lithuania,LTU,2016,36618.15,Europe,2159.084,9.468
Lithuania,LTU,2017,38774.49,Europe,2648.16,10.892
Lithuania,LTU,2018,41019.79,Europe,2403.92,9.533
Lithuania,LTU,2019,43062.324,Europe,2622.862,10.436
Lithuania,LTU,2020,43091.797,Europe,2841.065,11.356
Lithuania,LTU,2021,45873.527,Europe,3000.332,12.011
Lithuania,LTU,2022,46651.215,Europe,3301.802,14.382
Lithuania,LTU,2023,46159.707,Europe,4455.752,18.719
Lithuania,LTU,2024,47165.367,Europe,5938.892,23.414
Luxembourg,LUX,1990,81450.57,Europe,611.785,0.629
Luxembourg,LUX,1991,87313.72,Europe,716.119,0.694
Luxembourg,LUX,1992,87729.4,Europe,589.904,0.578
Luxembourg,LUX,1993,90195.664,Europe,584.291,0.572
Luxembourg,LUX,1994,92375.36,Europe,710.422,0.733
Luxembourg,LUX,1995,92391.34,Europe,747.997,0.9
Luxembourg,LUX,1996,92416.516,Europe,519.46,0.616
Luxembourg,LUX,1997,96211.734,Europe,696.376,0.855
Luxembourg,LUX,1998,101364.67,Europe,950.913,1.224
Luxembourg,LUX,1999,108180.41,Europe,802.536,0.99
Luxembourg,LUX,2000,114141.586,Europe,1104.59,1.296
Luxembourg,LUX,2001,116258.43,Europe,1069.861,1.186
Luxembourg,LUX,2002,118757.53,Europe,951.82,0.975
Luxembourg,LUX,2003,120396.26,Europe,881.363,0.872
Luxembourg,LUX,2004,123720.26,Europe,1192.98,1.057
Luxembourg,LUX,2005,124866.86,Europe,1250.901,1.108
Luxembourg,LUX,2006,130284.97,Europe,1441.568,1.321
Luxembourg,LUX,2007,138677.97,Europe,2590.495,2.484
Luxembourg,LUX,2008,135812.22,Europe,2627.851,2.585
Luxembourg,LUX,2009,129002.24,Europe,2438.405,2.554
Luxembourg,LUX,2010,131432.06,Europe,2396.122,2.428
Luxembourg,LUX,2011,129885.37,Europe,2343.275,2.491
Luxembourg,LUX,2012,128895.41,Europe,2618.73,2.902
Luxembourg,LUX,2013,129945.45,Europe,2982.924,3.551
Luxembourg,LUX,2014,130247.664,Europe,3372.06,4.242
Luxembourg,LUX,2015,130097.26,Europe,3699.802,4.903
Luxembourg,LUX,2016,133661.66,Europe,3848.733,5.297
Luxembourg,LUX,2017,132169.83,Europe,4844.0,6.526
Luxembourg,LUX,2018,131733.89,Europe,5307.337,6.964
Luxembourg,LUX,2019,132724.75,Europe,5872.477,7.718
Luxembourg,LUX,2020,129865.63,Europe,6797.622,10.605
Luxembourg,LUX,2021,136772.44,Europe,6682.228,9.928
Luxembourg,LUX,2022,132570.83,Europe,6536.369,11.035
Luxembourg,LUX,2023,130048.92,Europe,7094.914,12.572
Luxembourg,LUX,2024,128475.28,Europe,8390.462,14.278
Malaysia,MYS,1990,12013.697,Asia,627.216,4.645
Malaysia,MYS,1991,12795.05,Asia,673.803,4.096
Malaysia,MYS,1992,13567.894,Asia,632.112,3.497
Malaysia,MYS,1993,14533.79,Asia,697.655,3.937
Malaysia,MYS,1994,15474.015,Asia,908.573,4.956
Malaysia,MYS,1995,16568.516,Asia,849.568,4.343
Malaysia,MYS,1996,17771.71,Asia,690.645,3.241
Malaysia,MYS,1997,18604.514,Asia,542.294,2.248
Malaysia,MYS,1998,16817.172,Asia,565.149,2.498
Malaysia,MYS,1999,17428.625,Asia,935.025,3.965
Malaysia,MYS,2000,18532.91,Asia,923.547,3.472
Malaysia,MYS,2001,18186.441,Asia,788.512,2.964
Malaysia,MYS,2002,18708.87,Asia,667.955,2.442
Malaysia,MYS,2003,19329.006,Asia,614.709,2.124
Malaysia,MYS,2004,20168.506,Asia,669.29,2.19
Malaysia,MYS,2005,20767.586,Asia,696.677,2.155
Malaysia,MYS,2006,21444.486,Asia,716.493,2.242
Malaysia,MYS,2007,22305.12,Asia,688.082,2.063
Malaysia,MYS,2008,22898.002,Asia,855.354,2.527
Malaysia,MYS,2009,22106.643,Asia,799.638,2.488
Malaysia,MYS,2010,23307.97,Asia,717.595,2.202
Malaysia,MYS,2011,24115.818,Asia,880.435,2.703
Malaysia,MYS,2012,25006.36,Asia,1007.661,2.877
Malaysia,MYS,2013,25736.354,Asia,1198.704,3.328
Malaysia,MYS,2014,26818.432,Asia,1312.74,3.679
Malaysia,MYS,2015,27699.627,Asia,1370.665,3.849
Malaysia,MYS,2016,28425.371,Asia,1824.066,4.961
Malaysia,MYS,2017,29551.545,Asia,2309.812,6.312
Malaysia,MYS,2018,30459.965,Asia,2319.786,6.332
Malaysia,MYS,2019,31300.508,Asia,2378.372,6.431
Malaysia,MYS,2020,29200.453,Asia,2524.032,7.175
Malaysia,MYS,2021,29822.85,Asia,2779.111,7.646
Malaysia,MYS,2022,32129.223,Asia,3047.833,7.833
Malaysia,MYS,2023,32857.668,Asia,3048.646,8.117
Malaysia,MYS,2024,34116.23,Asia,3205.388,8.282
Mexico,MEX,1990,17169.592,North America,1014.495,6.385
Mexico,MEX,1991,17511.73,North America,960.35,5.984
Mexico,MEX,1992,17796.406,North America,1096.938,6.836
Mexico,MEX,1993,17970.588,North America,1076.589,6.828
Mexico,MEX,1994,18422.82,North America,848.875,5.181
Mexico,MEX,1995,17028.121,North America,1064.702,6.739
Mexico,MEX,1996,17775.873,North America,1150.916,7.227
Mexico,MEX,1997,18737.643,North America,974.92,6.075
Mexico,MEX,1998,19573.066,North America,916.115,5.574
Mexico,MEX,1999,19793.285,North America,1131.349,6.9
Mexico,MEX,2000,20470.494,North America,1142.97,6.665
Mexico,MEX,2001,20078.219,North America,989.73,5.91
Mexico,MEX,2002,19744.793,North America,866.902,5.125
Mexico,MEX,2003,19701.463,North America,745.21,4.41
Mexico,MEX,2004,20127.225,North America,880.067,4.989
Mexico,MEX,2005,20277.256,North America,954.173,5.005
Mexico,MEX,2006,20965.826,North America,987.774,5.178
Mexico,MEX,2007,21102.27,North America,920.493,4.846
Mexico,MEX,2008,20992.56,North America,1176.672,6.043
Mexico,MEX,2009,19385.543,North America,860.881,4.559
Mexico,MEX,2010,20058.385,North America,1111.417,5.953
Mexico,MEX,2011,20457.6,North America,1078.2,5.602
Mexico,MEX,2012,20898.936,North America,995.117,5.194
Mexico,MEX,2013,20805.348,North America,914.872,4.834
Mexico,MEX,2014,21069.766,North America,1193.967,6.426
Mexico,MEX,2015,21408.928,North America,1065.917,5.862
Mexico,MEX,2016,21578.264,North America,1065.208,5.731
Mexico,MEX,2017,21777.523,North America,1087.424,5.77
Mexico,MEX,2018,21997.773,North America,1160.38,6.343
Mexico,MEX,2019,21704.186,North America,1190.531,6.641
Mexico,MEX,2020,19728.482,North America,1410.265,8.668
Mexico,MEX,2021,20782.588,North America,1635.596,9.538
Mexico,MEX,2022,21391.857,North America,1643.979,9.243
Mexico,MEX,2023,21917.248,North America,1396.725,7.928
Mexico,MEX,2024,22039.629,North America,1451.162,8.251
Morocco,MAR,1990,4418.66,Africa,139.028,4.106
Morocco,MAR,1991,4656.126,Africa,137.326,4.074
Morocco,MAR,1992,4483.2495,Africa,106.208,2.861
Morocco,MAR,1993,4379.764,Africa,48.041,1.3
Morocco,MAR,1994,4771.093,Africa,89.741,2.237
Morocco,MAR,1995,4444.2285,Africa,64.29,1.658
Morocco,MAR,1996,4916.48,Africa,202.779,5.092
Morocco,MAR,1997,4766.1104,Africa,212.62,5.214
Morocco,MAR,1998,5033.9233,Africa,178.704,4.334
Morocco,MAR,1999,5043.665,Africa,81.766,1.936
Morocco,MAR,2000,5100.1157,Africa,76.424,1.851
Morocco,MAR,2001,5417.5786,Africa,102.398,2.328
Morocco,MAR,2002,5544.072,Africa,97.21,2.185
Morocco,MAR,2003,5810.053,Africa,151.539,3.443
Morocco,MAR,2004,5996.39,Africa,161.979,3.273
Morocco,MAR,2005,6103.4224,Africa,103.699,1.954
Morocco,MAR,2006,6488.674,Africa,101.3,1.895
Morocco,MAR,2007,6620.5903,Africa,100.715,1.927
Morocco,MAR,2008,6901.9507,Africa,101.353,1.78
Morocco,MAR,2009,7063.727,Africa,242.508,4.431
Morocco,MAR,2010,7210.6367,Africa,331.001,5.532
Morocco,MAR,2011,7503.793,Africa,212.346,3.421
Morocco,MAR,2012,7628.644,Africa,182.285,2.923
Morocco,MAR,2013,7839.032,Africa,302.779,4.796
Morocco,MAR,2014,7951.7983,Africa,264.929,4.187
Morocco,MAR,2015,8198.809,Africa,322.612,5.072
Morocco,MAR,2016,8141.9404,Africa,334.112,5.258
Morocco,MAR,2017,8450.009,Africa,326.896,4.972
Morocco,MAR,2018,8611.75,Africa,450.064,6.699
Morocco,MAR,2019,8768.176,Africa,515.642,7.11
Morocco,MAR,2020,8054.563,Africa,471.05,7.142
Morocco,MAR,2021,8623.266,Africa,516.225,7.126
Morocco,MAR,2022,8690.448,Africa,470.866,6.616
Morocco,MAR,2023,8915.352,Africa,570.368,7.974
Morocco,MAR,2024,9162.747,Africa,626.098,8.673
Netherlands,NLD,1990,43128.312,Europe,165.354,0.273
Netherlands,NLD,1991,43833.484,Europe,189.843,0.31
Netherlands,NLD,1992,44245.527,Europe,202.559,0.33
Netherlands,NLD,1993,44490.758,Europe,223.431,0.363
Netherlands,NLD,1994,45532.805,Europe,250.125,0.414
Netherlands,NLD,1995,46720.29,Europe,276.639,0.442
Netherlands,NLD,1996,48095.965,Europe,355.125,0.546
Netherlands,NLD,1997,49881.875,Europe,391.286,0.616
Netherlands,NLD,1998,51879.38,Europe,446.645,0.703
Netherlands,NLD,1999,54134.363,Europe,479.64,0.77
Netherlands,NLD,2000,56016.87,Europe,561.125,0.895
Netherlands,NLD,2001,56887.434,Europe,618.44,0.958
Netherlands,NLD,2002,56664.414,Europe,738.114,1.15
Netherlands,NLD,2003,56452.867,Europe,722.942,1.124
Netherlands,NLD,2004,57391.363,Europe,961.867,1.452
Netherlands,NLD,2005,58422.01,Europe,1358.866,2.013
Netherlands,NLD,2006,60391.543,Europe,1478.264,2.24
Netherlands,NLD,2007,62601.62,Europe,1566.805,2.341
Netherlands,NLD,2008,63678.402,Europe,1854.887,2.817
Netherlands,NLD,2009,61029.73,Europe,2146.828,3.323
Netherlands,NLD,2010,61518.555,Europe,2118.464,3.039
Netherlands,NLD,2011,62318.14,Europe,2342.906,3.546
Netherlands,NLD,2012,61480.812,Europe,2374.018,3.67
Netherlands,NLD,2013,61281.29,Europe,2258.202,3.61
Netherlands,NLD,2014,62045.855,Europe,2175.46,3.651
Netherlands,NLD,2015,63081.395,Europe,2414.153,4.031
Netherlands,NLD,2016,64267.74,Europe,2506.286,4.139
Netherlands,NLD,2017,65666.0,Europe,2906.195,4.795
Netherlands,NLD,2018,66758.266,Europe,3233.912,5.505
Netherlands,NLD,2019,67847.85,Europe,3894.91,6.709
Netherlands,NLD,2020,64862.19,Europe,5435.693,9.735
Netherlands,NLD,2021,68573.56,Europe,6538.391,11.483
Netherlands,NLD,2022,71324.04,Europe,7629.425,14.417
Netherlands,NLD,2023,70198.93,Europe,8561.005,16.63
Netherlands,NLD,2024,70498.88,Europe,9120.874,18.119
New Zealand,NZL,1990,30695.467,Oceania,21675.588,40.273
New Zealand,NZL,1991,28924.744,Oceania,21072.354,39.293
New Zealand,NZL,1992,28938.098,Oceania,19303.381,36.402
New Zealand,NZL,1993,30438.627,Oceania,21075.979,39.094
New Zealand,NZL,1994,31574.357,Oceania,22474.469,40.072
New Zealand,NZL,1995,32584.654,Oceania,23388.635,40.821
New Zealand,NZL,1996,33231.45,Oceania,21981.324,38.333
New Zealand,NZL,1997,33480.145,Oceania,19635.914,34.585
New Zealand,NZL,1998,33469.254,Oceania,21181.328,37.698
New Zealand,NZL,1999,35084.293,Oceania,19524.355,34.58
New Zealand,NZL,2000,35879.793,Oceania,20712.252,35.364
New Zealand,NZL,2001,36885.645,Oceania,18322.582,31.767
New Zealand,NZL,2002,37959.066,Oceania,20017.92,34.139
New Zealand,NZL,2003,38976.914,Oceania,18646.236,33.366
New Zealand,NZL,2004,39971.77,Oceania,20913.676,36.99
New Zealand,NZL,2005,40848.297,Oceania,18442.223,33.787
New Zealand,NZL,2006,41475.12,Oceania,18512.279,34.047
New Zealand,NZL,2007,42346.09,Oceania,18629.203,34.701
New Zealand,NZL,2008,41561.184,Oceania,18087.959,33.836
New Zealand,NZL,2009,41132.336,Oceania,19730.23,37.362
New Zealand,NZL,2010,41270.93,Oceania,20554.561,38.311
New Zealand,NZL,2011,41814.887,Oceania,20962.76,39.187
New Zealand,NZL,2012,42570.332,Oceania,19700.959,36.696
New Zealand,NZL,2013,43338.438,Oceania,19711.93,36.769
New Zealand,NZL,2014,44255.504,Oceania,20720.326,37.452
New Zealand,NZL,2015,44963.832,Oceania,20851.242,38.143
New Zealand,NZL,2016,45626.684,Oceania,21035.561,38.817
New Zealand,NZL,2017,46193.29,Oceania,20038.508,37.085
New Zealand,NZL,2018,46947.938,Oceania,20107.986,38.098
New Zealand,NZL,2019,47362.32,Oceania,19517.045,36.9
New Zealand,NZL,2020,46266.395,Oceania,18595.084,39.275
New Zealand,NZL,2021,48248.72,Oceania,18690.176,40.316
New Zealand,NZL,2022,49964.176,Oceania,19700.674,43.295
New Zealand,NZL,2023,49508.27,Oceania,19614.064,42.265
New Zealand,NZL,2024,49316.4,Oceania,19150.08,42.554
North Macedonia,MKD,1990,12278.664,Europe,660.898,4.612
North Macedonia,MKD,1991,11564.096,Europe,1145.697,8.041
North Macedonia,MKD,1992,10929.661,Europe,1158.936,7.83
North Macedonia,MKD,1993,10242.651,Europe,722.524,4.804
North Macedonia,MKD,1994,10134.215,Europe,968.829,6.818
North Macedonia,MKD,1995,9991.822,Europe,1113.318,7.805
North Macedonia,MKD,1996,10039.811,Europe,1173.192,7.127
North Macedonia,MKD,1997,10264.373,Europe,1234.102,8.375
North Macedonia,MKD,1998,10554.864,Europe,1476.428,8.919
North Macedonia,MKD,1999,10960.327,Europe,1883.871,11.962
North Macedonia,MKD,2000,11406.856,Europe,1579.776,10.608
North Macedonia,MKD,2001,11010.618,Europe,836.898,5.981
North Macedonia,MKD,2002,11256.536,Europe,999.755,7.348
North Macedonia,MKD,2003,11492.115,Europe,1798.712,11.797
North Macedonia,MKD,2004,12068.28,Europe,1924.804,12.822
North Macedonia,MKD,2005,12706.815,Europe,1919.196,12.409
North Macedonia,MKD,2006,13433.544,Europe,2111.668,13.409
North Macedonia,MKD,2007,14385.061,Europe,1290.205,8.212
North Macedonia,MKD,2008,15260.252,Europe,1077.369,7.049
North Macedonia,MKD,2009,15304.198,Europe,1628.31,10.849
North Macedonia,MKD,2010,15919.69,Europe,3088.4,18.923
North Macedonia,MKD,2011,16367.035,Europe,1822.556,11.084
North Macedonia,MKD,2012,16356.34,Europe,1328.341,8.636
North Macedonia,MKD,2013,16897.016,Europe,2028.882,13.683
North Macedonia,MKD,2014,17557.338,Europe,1646.927,11.857
North Macedonia,MKD,2015,18283.209,Europe,2601.456,17.673
North Macedonia,MKD,2016,18864.291,Europe,2659.653,17.241
North Macedonia,MKD,2017,19145.25,Europe,1686.774,11.201
North Macedonia,MKD,2018,19796.906,Europe,2565.424,16.351
North Macedonia,MKD,2019,20711.266,Europe,1772.26,10.903
North Macedonia,MKD,2020,19954.4,Europe,1966.569,13.396
North Macedonia,MKD,2021,21070.275,Europe,2228.248,14.348
North Macedonia,MKD,2022,21715.434,Europe,2163.208,13.053
North Macedonia,MKD,2023,22317.725,Europe,2956.764,16.833
North Macedonia,MKD,2024,23029.414,Europe,2576.669,16.037
Norway,NOR,1990,57106.883,Europe,79496.461,71.558
Norway,NOR,1991,58588.47,Europe,71940.023,70.179
Norway,NOR,1992,60333.45,Europe,75776.047,71.026
Norway,NOR,1993,61681.805,Europe,76992.594,70.755
Norway,NOR,1994,64432.074,Europe,71714.641,68.297
Norway,NOR,1995,66762.16,Europe,77658.844,69.429
Norway,NOR,1996,69764.38,Europe,66073.586,64.532
Norway,NOR,1997,73053.97,Europe,69401.828,65.003
Norway,NOR,1998,74558.3,Europe,72726.047,65.899
Norway,NOR,1999,75583.836,Europe,75819.195,67.145
Norway,NOR,2000,77587.21,Europe,87920.648,70.793
Norway,NOR,2001,78791.305,Europe,73921.734,66.998
Norway,NOR,2002,79447.09,Europe,78326.094,68.324
Norway,NOR,2003,79728.78,Europe,63324.148,62.65
Norway,NOR,2004,82440.95,Europe,64598.852,63.413
Norway,NOR,2005,84080.0,Europe,79416.359,68.685
Norway,NOR,2006,85458.55,Europe,69117.461,65.662
Norway,NOR,2007,87043.5,Europe,76318.305,67.798
Norway,NOR,2008,86379.664,Europe,77903.562,69.317
Norway,NOR,2009,83642.07,Europe,69006.656,67.628
Norway,NOR,2010,83256.79,Europe,63152.953,64.629
Norway,NOR,2011,83092.44,Europe,64073.328,65.624
Norway,NOR,2012,84237.15,Europe,74095.961,69.202
Norway,NOR,2013,84070.46,Europe,66000.477,66.873
Norway,NOR,2014,84830.26,Europe,68644.297,67.914
Norway,NOR,2015,85550.3,Europe,68681.938,67.676
Norway,NOR,2016,85787.62,Europe,70388.734,69.046
Norway,NOR,2017,87194.11,Europe,70073.414,68.894
Norway,NOR,2018,87338.47,Europe,67854.18,68.132
Norway,NOR,2019,87725.73,Europe,61763.324,66.741
Norway,NOR,2020,86096.055,Europe,70265.406,70.963
Norway,NOR,2021,88984.14,Europe,71890.391,71.305
Norway,NOR,2022,91051.086,Europe,65355.957,69.648
Norway,NOR,2023,90085.44,Europe,67630.133,70.758
Norway,NOR,2024,91105.25,Europe,68576.234,71.812
Oman,OMN,1990,35201.55,Asia,0.0,0.0
Oman,OMN,1991,35574.676,Asia,0.0,0.0
Oman,OMN,1992,36841.402,Asia,0.0,0.0
Oman,OMN,1993,37455.34,Asia,0.0,0.0
Oman,OMN,1994,37782.723,Asia,0.0,0.0
Oman,OMN,1995,38946.773,Asia,0.0,0.0
Oman,OMN,1996,39455.83,Asia,0.0,0.0
Oman,OMN,1997,41191.03,Asia,0.0,0.0
Oman,OMN,1998,40574.676,Asia,0.0,0.0
Oman,OMN,1999,40145.93,Asia,0.0,0.0
Oman,OMN,2000,42086.043,Asia,0.0,0.0
Oman,OMN,2001,43492.285,Asia,0.0,0.0
Oman,OMN,2002,42654.15,Asia,0.0,0.0
Oman,OMN,2003,41247.586,Asia,0.0,0.0
Oman,OMN,2004,41351.77,Asia,0.0,0.0
Oman,OMN,2005,41551.14,Asia,0.0,0.0
Oman,OMN,2006,42540.44,Asia,0.0,0.0
Oman,OMN,2007,43696.97,Asia,0.0,0.0
Oman,OMN,2008,46586.395,Asia,0.0,0.0
Oman,OMN,2009,48304.117,Asia,0.0,0.0
Oman,OMN,2010,48191.613,Asia,0.0,0.0
Oman,OMN,2011,44440.31,Asia,0.0,0.0
Oman,OMN,2012,41964.082,Asia,0.0,0.0
Oman,OMN,2013,40854.484,Asia,0.801,0.001
Oman,OMN,2014,39639.99,Asia,0.763,0.001
Oman,OMN,2015,39813.79,Asia,2.238,0.003
Oman,OMN,2016,39860.99,Asia,2.401,0.003
Oman,OMN,2017,38691.11,Asia,8.573,0.011
Oman,OMN,2018,38673.605,Asia,8.501,0.01
Oman,OMN,2019,38292.387,Asia,13.616,0.017
Oman,OMN,2020,37560.6,Asia,87.334,0.109
Oman,OMN,2021,38719.457,Asia,439.254,0.496
Oman,OMN,2022,39780.21,Asia,1018.87,1.136
Oman,OMN,2023,37793.617,Asia,983.601,1.142
Oman,OMN,2024,36721.082,Asia,942.92,1.115
Pakistan,PAK,1990,3199.7297,Asia,408.585,15.694
Pakistan,PAK,1991,3252.351,Asia,423.006,15.851
Pakistan,PAK,1992,3404.1213,Asia,448.43,16.468
Pakistan,PAK,1993,3369.238,Asia,479.659,16.362
Pakistan,PAK,1994,3395.5044,Asia,457.345,15.512
Pakistan,PAK,1995,3462.4734,Asia,469.491,15.541
Pakistan,PAK,1996,3526.1416,Asia,497.133,15.909
Pakistan,PAK,1997,3462.5815,Asia,359.502,12.213
Pakistan,PAK,1998,3454.1768,Asia,457.037,14.898
Pakistan,PAK,1999,3484.4568,Asia,396.742,12.713
Pakistan,PAK,2000,3531.713,Asia,333.608,10.753
Pakistan,PAK,2001,3559.7278,Asia,334.37,10.829
Pakistan,PAK,2002,3563.6785,Asia,361.109,11.551
Pakistan,PAK,2003,3668.7793,Asia,420.54,12.784
Pakistan,PAK,2004,3859.646,Asia,434.419,12.115
Pakistan,PAK,2005,4042.1545,Asia,470.358,12.98
Pakistan,PAK,2006,4185.8667,Asia,450.153,11.995
Pakistan,PAK,2007,4257.926,Asia,456.67,11.84
Pakistan,PAK,2008,4233.348,Asia,380.683,10.105
Pakistan,PAK,2009,4270.439,Asia,388.284,10.194
Pakistan,PAK,2010,4228.7817,Asia,389.808,10.436
Pakistan,PAK,2011,4246.067,Asia,389.356,10.606
Pakistan,PAK,2012,4292.021,Asia,134.427,3.989
Pakistan,PAK,2013,4407.147,Asia,385.099,10.559
Pakistan,PAK,2014,4520.235,Asia,391.039,10.733
Pakistan,PAK,2015,4645.286,Asia,394.481,10.407
Pakistan,PAK,2016,4886.6123,Asia,417.8,10.286
Pakistan,PAK,2017,5031.5605,Asia,380.361,8.975
Pakistan,PAK,2018,5255.0635,Asia,376.307,8.879
Pakistan,PAK,2019,5295.953,Asia,437.188,10.438
Pakistan,PAK,2020,5135.0146,Asia,464.741,11.468
Pakistan,PAK,2021,5367.2734,Asia,438.92,9.927
Pakistan,PAK,2022,5526.2793,Asia,421.589,10.571
Pakistan,PAK,2023,5418.7695,Asia,444.041,12.266
Pakistan,PAK,2024,5500.3237,Asia,438.377,12.507
Peru,PER,1990,6317.079,South America,1340.262,28.065
Peru,PER,1991,6322.5747,South America,1438.274,31.07
Peru,PER,1992,6161.6357,South America,1191.018,26.897
Peru,PER,1993,6355.262,South America,1414.365,29.879
Peru,PER,1994,6997.706,South America,1498.24,29.688
Peru,PER,1995,7372.0425,South America,1494.174,27.773
Peru,PER,1996,7437.1924,South America,1508.967,27.724
Peru,PER,1997,7773.827,South America,1471.458,28.091
Peru,PER,1998,7603.809,South America,1505.609,28.377
Peru,PER,1999,7585.328,South America,1559.07,29.158
Peru,PER,2000,7669.095,South America,1707.986,31.45
Peru,PER,2001,7611.6665,South America,1823.589,34.392
Peru,PER,2002,7931.5796,South America,1838.974,34.293
Peru,PER,2003,8174.3794,South America,1859.735,35.519
Peru,PER,2004,8495.986,South America,1726.663,31.152
Peru,PER,2005,8949.954,South America,1761.28,30.827
Peru,PER,2006,9547.913,South America,1920.29,33.532
Peru,PER,2007,10286.3545,South America,1900.886,30.645
Peru,PER,2008,11151.53,South America,1839.292,27.606
Peru,PER,2009,11204.377,South America,1921.789,28.469
Peru,PER,2010,12059.018,South America,1945.591,25.513
Peru,PER,2011,12726.6,South America,2060.461,24.656
Peru,PER,2012,13395.399,South America,2125.994,24.827
Peru,PER,2013,14052.138,South America,2168.512,24.991
Peru,PER,2014,14244.566,South America,2179.851,24.772
Peru,PER,2015,14542.793,South America,2269.006,24.89
Peru,PER,2016,14917.449,South America,2249.626,23.56
Peru,PER,2017,15069.522,South America,2633.602,27.624
Peru,PER,2018,15386.26,South America,2773.248,28.247
Peru,PER,2019,15463.543,South America,2775.752,28.051
Peru,PER,2020,13609.6,South America,2677.881,31.113
Peru,PER,2021,15280.551,South America,2779.561,28.608
Peru,PER,2022,15559.821,South America,2602.896,26.155
Peru,PER,2023,15327.582,South America,2553.576,25.562
Peru,PER,2024,15661.75,South America,2872.878,26.656
Philippines,PHL,1990,4504.4624,Asia,561.027,18.763
Philippines,PHL,1991,4378.3955,Asia,501.465,17.445
Philippines,PHL,1992,4293.7183,Asia,457.267,15.153
Philippines,PHL,1993,4283.1597,Asia,469.144,14.536
Philippines,PHL,1994,4374.0674,Asia,522.076,15.869
Philippines,PHL,1995,4477.323,Asia,517.15,14.08
Philippines,PHL,1996,4631.772,Asia,553.351,14.387
Philippines,PHL,1997,4758.7085,Asia,534.09,13.018
Philippines,PHL,1998,4616.673,Asia,553.211,13.896
Philippines,PHL,1999,4650.7593,Asia,705.874,17.887
Philippines,PHL,2000,4740.439,Asia,728.35,18.729
Philippines,PHL,2001,4778.401,Asia,641.948,17.257
Philippines,PHL,2002,4856.4995,Asia,617.273,16.848
Philippines,PHL,2003,5003.3833,Asia,615.339,16.612
Philippines,PHL,2004,5229.4507,Asia,641.449,17.238
Philippines,PHL,2005,5386.8164,Asia,608.5,16.653
Philippines,PHL,2006,5578.5723,Asia,664.144,19.318
Philippines,PHL,2007,5840.068,Asia,608.45,17.341
Philippines,PHL,2008,5987.0376,Asia,654.205,18.352
Philippines,PHL,2009,5965.307,Asia,634.69,17.917
Philippines,PHL,2010,6273.039,Asia,559.854,15.667
Philippines,PHL,2011,6388.313,Asia,602.728,16.874
Philippines,PHL,2012,6697.556,Asia,622.831,17.177
Philippines,PHL,2013,7016.5386,Asia,590.285,15.493
Philippines,PHL,2014,7340.362,Asia,584.263,14.804
Philippines,PHL,2015,7691.763,Asia,612.672,14.375
Philippines,PHL,2016,8131.825,Asia,633.259,13.798
Philippines,PHL,2017,8584.136,Asia,652.938,13.161
Philippines,PHL,2018,9016.286,Asia,650.076,12.831
Philippines,PHL,2019,9452.294,Asia,616.769,11.974
Philippines,PHL,2020,8455.185,Asia,593.568,12.827
Philippines,PHL,2021,8857.79,Asia,629.372,12.948
Philippines,PHL,2022,9457.104,Asia,658.013,13.032
Philippines,PHL,2023,9898.533,Asia,689.676,12.922
Philippines,PHL,2024,10375.94,Asia,726.649,12.818
Poland,POL,1990,12821.464,Europe,107.947,0.339
Poland,POL,1991,11879.754,Europe,110.547,0.356
Poland,POL,1992,12141.235,Europe,118.56,0.4
Poland,POL,1993,12563.1045,Europe,112.912,0.382
Poland,POL,1994,13200.161,Europe,129.7,0.459
Poland,POL,1995,14227.566,Europe,142.157,0.492
Poland,POL,1996,15083.098,Europe,150.668,0.497
Poland,POL,1997,16031.721,Europe,155.963,0.519
Poland,POL,1998,16766.648,Europe,185.577,0.644
Poland,POL,1999,17556.002,Europe,172.388,0.61
Poland,POL,2000,18566.355,Europe,171.324,0.644
Poland,POL,2001,18800.602,Europe,205.212,0.777
Poland,POL,2002,19166.914,Europe,202.601,0.775
Poland,POL,2003,19855.63,Europe,173.817,0.642
Poland,POL,2004,20878.654,Europe,231.635,0.849
Poland,POL,2005,21568.947,Europe,302.944,1.088
Poland,POL,2006,22921.197,Europe,350.693,1.203
Poland,POL,2007,24484.066,Europe,439.771,1.515
Poland,POL,2008,25553.906,Europe,636.96,2.154
Poland,POL,2009,26204.41,Europe,834.035,2.923
Poland,POL,2010,27112.133,Europe,1025.493,3.379
Poland,POL,2011,28521.662,Europe,1203.283,3.959
Poland,POL,2012,28952.916,Europe,1510.411,5.13
Poland,POL,2013,29168.625,Europe,1491.093,5.052
Poland,POL,2014,30334.879,Europe,1682.429,5.922
Poland,POL,2015,31700.37,Europe,1836.438,6.387
Poland,POL,2016,32675.305,Europe,1762.395,5.878
Poland,POL,2017,34354.598,Europe,1865.879,5.924
Poland,POL,2018,36500.41,Europe,1792.17,5.621
Poland,POL,2019,38181.62,Europe,2078.271,6.71
Poland,POL,2020,37852.8,Europe,2279.751,7.663
Poland,POL,2021,41059.586,Europe,2438.521,7.599
Poland,POL,2022,43405.023,Europe,2884.857,9.37
Poland,POL,2023,43672.766,Europe,3414.776,11.752
Poland,POL,2024,45153.043,Europe,3786.503,13.045
Portugal,PRT,1990,27190.572,Europe,2763.334,13.736
Portugal,PRT,1991,28443.795,Europe,2774.825,13.248
Portugal,PRT,1992,28776.047,Europe,1575.055,7.339
Portugal,PRT,1993,28153.615,Europe,2664.782,12.161
Portugal,PRT,1994,28348.865,Europe,3267.96,14.334
Portugal,PRT,1995,29460.814,Europe,2635.45,10.868
Portugal,PRT,1996,30378.756,Europe,4391.677,17.71
Portugal,PRT,1997,31574.402,Europe,3947.163,15.714
Portugal,PRT,1998,32925.664,Europe,3906.392,14.322
Portugal,PRT,1999,34018.965,Europe,2393.829,8.619
Portugal,PRT,2000,35069.83,Europe,3522.575,12.409
Portugal,PRT,2001,35500.227,Europe,4250.475,14.858
Portugal,PRT,2002,35578.52,Europe,2618.802,9.233
Portugal,PRT,2003,35115.38,Europe,4671.599,16.157
Portugal,PRT,2004,35658.13,Europe,3249.702,11.475
Portugal,PRT,2005,35870.31,Europe,2177.983,7.701
Portugal,PRT,2006,36387.535,Europe,4128.458,14.808
Portugal,PRT,2007,37226.47,Europe,4318.51,15.435
Portugal,PRT,2008,37291.504,Europe,3902.855,14.553
Portugal,PRT,2009,36092.812,Europe,4894.613,18.133
Portugal,PRT,2010,36703.113,Europe,7478.252,26.402
Portugal,PRT,2011,36127.297,Europe,6414.313,23.66
Portugal,PRT,2012,34804.633,Europe,5218.018,20.965
Portugal,PRT,2013,34651.773,Europe,7689.539,28.202
Portugal,PRT,2014,35097.41,Europe,8208.471,29.761
Portugal,PRT,2015,35803.36,Europe,6532.621,23.685
Portugal,PRT,2016,36636.297,Europe,8332.562,28.268
Portugal,PRT,2017,37943.113,Europe,5957.793,20.606
Portugal,PRT,2018,39123.613,Europe,7609.874,26.2
Portugal,PRT,2019,40188.285,Europe,7090.821,25.366
Portugal,PRT,2020,36852.23,Europe,7710.728,30.635
Portugal,PRT,2021,38657.668,Europe,8122.087,32.197
Portugal,PRT,2022,41070.86,Europe,7146.849,28.753
Portugal,PRT,2023,41768.254,Europe,8676.168,34.67
Portugal,PRT,2024,42197.203,Europe,10090.192,39.741
Qatar,QAT,1990,71584.375,Asia,0.0,0.0
Qatar,QAT,1991,68122.87,Asia,0.0,0.0
Qatar,QAT,1992,73450.95,Asia,0.0,0.0
Qatar,QAT,1993,70250.695,Asia,0.0,0.0
Qatar,QAT,1994,69119.88,Asia,0.0,0.0
Qatar,QAT,1995,68732.47,Asia,0.0,0.0
Qatar,QAT,1996,69746.15,Asia,0.0,0.0
Qatar,QAT,1997,87140.04,Asia,0.0,0.0
Qatar,QAT,1998,91901.07,Asia,0.0,0.0
Qatar,QAT,1999,90837.375,Asia,0.0,0.0
Qatar,QAT,2000,93186.97,Asia,0.0,0.0
Qatar,QAT,2001,92115.734,Asia,0.0,0.0
Qatar,QAT,2002,94111.59,Asia,0.0,0.0
Qatar,QAT,2003,93224.36,Asia,0.0,0.0
Qatar,QAT,2004,107023.58,Asia,0.0,0.0
Qatar,QAT,2005,107784.414,Asia,0.0,0.0
Qatar,QAT,2006,115383.63,Asia,0.0,0.0
Qatar,QAT,2007,109579.68,Asia,0.0,0.0
Qatar,QAT,2008,109206.3,Asia,0.0,0.0
Qatar,QAT,2009,108435.75,Asia,0.0,0.0
Qatar,QAT,2010,129044.71,Asia,0.0,0.0
Qatar,QAT,2011,145590.77,Asia,18.029,0.008
Qatar,QAT,2012,143830.56,Asia,17.112,0.007
Qatar,QAT,2013,136453.94,Asia,122.3,0.051
Qatar,QAT,2014,128013.945,Asia,150.887,0.065
Qatar,QAT,2015,123070.82,Asia,160.42,0.065
Qatar,QAT,2016,120054.24,Asia,155.687,0.069
Qatar,QAT,2017,115064.836,Asia,156.597,0.075
Qatar,QAT,2018,114909.79,Asia,159.788,0.077
Qatar,QAT,2019,113160.836,Asia,138.719,0.066
Qatar,QAT,2020,103061.9,Asia,157.173,0.086
Qatar,QAT,2021,116832.66,Asia,156.079,0.081
Qatar,QAT,2022,114740.164,Asia,375.654,0.192
Qatar,QAT,2023,116563.99,Asia,1696.53,0.816
Qatar,QAT,2024,110889.79,Asia,1738.326,0.811
Romania,ROU,1990,15525.551,Europe,1382.039,4.324
Romania,ROU,1991,13637.886,Europe,1765.873,6.517
Romania,ROU,1992,12555.141,Europe,1418.719,5.926
Romania,ROU,1993,12764.45,Europe,1552.815,6.656
Romania,ROU,1994,13285.642,Europe,1592.481,7.212
Romania,ROU,1995,14142.388,Europe,2046.518,8.403
Romania,ROU,1996,14737.432,Europe,1941.445,7.979
Romania,ROU,1997,14063.233,Europe,2171.674,9.362
Romania,ROU,1998,13806.323,Europe,2354.78,11.044
Romania,ROU,1999,13775.929,Europe,2292.033,12.167
Romania,ROU,2000,14133.272,Europe,1861.993,9.836
Romania,ROU,2001,15079.731,Europe,1880.653,9.765
Romania,ROU,2002,16234.217,Europe,2019.797,10.037
Romania,ROU,2003,16734.549,Europe,1673.537,8.239
Romania,ROU,2004,18585.242,Europe,2091.423,9.814
Romania,ROU,2005,19573.328,Europe,2561.525,11.901
Romania,ROU,2006,21270.467,Europe,2333.905,10.578
Romania,ROU,2007,23148.574,Europe,2062.838,9.612
Romania,ROU,2008,25728.3,Europe,2221.811,10.317
Romania,ROU,2009,24512.307,Europe,2007.146,10.621
Romania,ROU,2010,23695.225,Europe,2655.182,13.83
Romania,ROU,2011,24882.553,Europe,2195.766,10.997
Romania,ROU,2012,25469.354,Europe,2014.35,10.404
Romania,ROU,2013,25635.37,Europe,2643.436,14.507
Romania,ROU,2014,26790.684,Europe,3283.698,17.513
Romania,ROU,2015,27766.688,Europe,3446.227,18.196
Romania,ROU,2016,28725.11,Europe,3587.689,18.867
Romania,ROU,2017,31259.43,Europe,3261.72,16.748
Romania,ROU,2018,33139.85,Europe,3513.036,17.773
Romania,ROU,2019,34634.26,Europe,3364.234,17.297
Romania,ROU,2020,33572.508,Europe,3410.746,18.117
Romania,ROU,2021,35713.77,Europe,3635.428,18.153
Romania,ROU,2022,37353.047,Europe,3304.656,17.783
Romania,ROU,2023,38171.207,Europe,3874.802,20.908
Romania,ROU,2024,38539.58,Europe,3530.437,19.112
Russia,RUS,1990,29643.596,Europe,3112.261,4.619
Russia,RUS,1991,28066.922,Europe,3125.699,4.718
Russia,RUS,1992,23965.244,Europe,3220.773,5.034
Russia,RUS,1993,21899.518,Europe,3269.465,5.454
Russia,RUS,1994,19153.363,Europe,3298.728,6.035
Russia,RUS,1995,18363.713,Europe,3302.836,6.39
Russia,RUS,1996,17699.87,Europe,2895.739,5.811
Russia,RUS,1997,17977.352,Europe,2958.969,6.271
Russia,RUS,1998,17052.756,Europe,2983.365,6.325
Russia,RUS,1999,18200.32,Europe,3028.976,6.326
Russia,RUS,2000,20104.75,Europe,3108.138,6.354
Russia,RUS,2001,21219.904,Europe,3290.159,6.595
Russia,RUS,2002,22319.678,Europe,3048.324,6.127
Russia,RUS,2003,24057.928,Europe,2917.368,5.738
Russia,RUS,2004,25894.146,Europe,3289.115,6.387
Russia,RUS,2005,27656.658,Europe,3218.834,6.235
Russia,RUS,2006,30022.672,Europe,3226.326,5.962
Russia,RUS,2007,32630.37,Europe,3283.726,6.025
Russia,RUS,2008,34342.227,Europe,3033.945,5.539
Russia,RUS,2009,31654.004,Europe,3188.867,6.13
Russia,RUS,2010,33063.586,Europe,3023.876,5.597
Russia,RUS,2011,34444.645,Europe,2944.808,5.274
Russia,RUS,2012,35740.7,Europe,2930.673,5.226
Russia,RUS,2013,36260.066,Europe,3214.61,5.816
Russia,RUS,2014,35853.246,Europe,3060.822,5.531
Russia,RUS,2015,35037.152,Europe,2945.668,5.423
Russia,RUS,2016,35005.45,Europe,3204.763,5.807
Russia,RUS,2017,35570.39,Europe,3194.574,5.769
Russia,RUS,2018,36536.695,Europe,3271.692,5.709
Russia,RUS,2019,37319.32,Europe,3327.536,5.855
Russia,RUS,2020,36376.336,Europe,3664.498,6.679
Russia,RUS,2021,38638.43,Europe,3742.724,6.586
Russia,RUS,2022,38214.496,Europe,3491.902,5.92
Russia,RUS,2023,39887.34,Europe,3543.938,5.913
Russia,RUS,2024,41704.71,Europe,3731.375,5.999
Saudi Arabia,SAU,1990,65196.574,Asia,0.0,0.0
Saudi Arabia,SAU,1991,67268.555,Asia,0.0,0.0
Saudi Arabia,SAU,1992,67183.91,Asia,0.0,0.0
Saudi Arabia,SAU,1993,64517.664,Asia,0.0,0.0
Saudi Arabia,SAU,1994,62403.695,Asia,0.0,0.0
Saudi Arabia,SAU,1995,60058.316,Asia,0.0,0.0
Saudi Arabia,SAU,1996,59612.812,Asia,0.0,0.0
Saudi Arabia,SAU,1997,58875.547,Asia,0.0,0.0
Saudi Arabia,SAU,1998,58306.62,Asia,0.0,0.0
Saudi Arabia,SAU,1999,55878.17,Asia,0.0,0.0
Saudi Arabia,SAU,2000,55962.266,Asia,0.0,0.0
Saudi Arabia,SAU,2001,53309.113,Asia,0.0,0.0
Saudi Arabia,SAU,2002,50371.977,Asia,0.0,0.0
Saudi Arabia,SAU,2003,52234.65,Asia,0.0,0.0
Saudi Arabia,SAU,2004,54196.55,Asia,0.0,0.0
Saudi Arabia,SAU,2005,54931.793,Asia,0.0,0.0
Saudi Arabia,SAU,2006,54373.74,Asia,0.0,0.0
Saudi Arabia,SAU,2007,53318.418,Asia,0.0,0.0
Saudi Arabia,SAU,2008,54407.707,Asia,0.069,0.0
Saudi Arabia,SAU,2009,51760.766,Asia,0.066,0.0
Saudi Arabia,SAU,2010,54911.547,Asia,0.423,0.0
Saudi Arabia,SAU,2011,58645.445,Asia,0.535,0.001
Saudi Arabia,SAU,2012,59471.7,Asia,2.442,0.002
Saudi Arabia,SAU,2013,57998.465,Asia,3.876,0.004
Saudi Arabia,SAU,2014,58872.266,Asia,4.026,0.004
Saudi Arabia,SAU,2015,58498.54,Asia,3.875,0.004
Saudi Arabia,SAU,2016,57308.45,Asia,3.753,0.004
Saudi Arabia,SAU,2017,57942.547,Asia,5.673,0.005
Saudi Arabia,SAU,2018,61359.465,Asia,13.46,0.013
Saudi Arabia,SAU,2019,62647.73,Asia,17.255,0.018
Saudi Arabia,SAU,2020,57420.734,Asia,73.027,0.078
Saudi Arabia,SAU,2021,62690.496,Asia,78.621,0.083
Saudi Arabia,SAU,2022,67178.59,Asia,153.489,0.157
Saudi Arabia,SAU,2023,64481.844,Asia,345.643,0.359
Saudi Arabia,SAU,2024,62792.773,Asia,705.376,0.728
Singapore,SGP,1990,45567.79,Asia,87.388,0.097
Singapore,SGP,1991,47251.695,Asia,244.118,0.275
Singapore,SGP,1992,48897.81,Asia,237.296,0.256
Singapore,SGP,1993,53139.844,Asia,230.756,0.235
Singapore,SGP,1994,57213.098,Asia,224.01,0.205
Singapore,SGP,1995,59483.637,Asia,216.669,0.197
Singapore,SGP,1996,61381.754,Asia,208.927,0.195
Singapore,SGP,1997,64291.203,Asia,201.659,0.185
Singapore,SGP,1998,60782.195,Asia,196.243,0.183
Singapore,SGP,1999,63746.48,Asia,193.02,0.185
Singapore,SGP,2000,68314.55,Asia,189.734,0.173
Singapore,SGP,2001,65784.4,Asia,359.102,0.295
Singapore,SGP,2002,67744.27,Asia,356.441,0.307
Singapore,SGP,2003,71877.53,Asia,373.8,0.341
Singapore,SGP,2004,78039.02,Asia,358.725,0.292
Singapore,SGP,2005,81841.16,Asia,349.709,0.275
Singapore,SGP,2006,86463.83,Asia,335.941,0.247
Singapore,SGP,2007,90417.805,Asia,335.587,0.238
Singapore,SGP,2008,87329.59,Asia,338.804,0.236
Singapore,SGP,2009,84843.516,Asia,332.353,0.223
Singapore,SGP,2010,95456.19,Asia,362.99,0.233
Singapore,SGP,2011,99296.76,Asia,367.386,0.231
Singapore,SGP,2012,101187.83,Asia,379.291,0.242
Singapore,SGP,2013,104359.03,Asia,415.454,0.265
Singapore,SGP,2014,107066.86,Asia,437.178,0.277
Singapore,SGP,2015,108953.73,Asia,481.738,0.292
Singapore,SGP,2016,111579.74,Asia,488.909,0.284
Singapore,SGP,2017,116471.82,Asia,486.864,0.277
Singapore,SGP,2018,119927.766,Asia,482.577,0.274
Singapore,SGP,2019,120114.13,Asia,504.024,0.293
Singapore,SGP,2020,115893.04,Asia,510.441,0.314
Singapore,SGP,2021,132617.36,Asia,555.244,0.338
Singapore,SGP,2022,133571.97,Asia,826.298,0.521
Singapore,SGP,2023,129555.24,Asia,844.254,0.493
Singapore,SGP,2024,132569.53,Asia,985.022,0.545
Slovakia,SVK,1990,17528.242,Europe,991.672,2.112
Slovakia,SVK,1991,14962.115,Europe,740.057,1.768
Slovakia,SVK,1992,13951.908,Europe,1013.966,2.529
Slovakia,SVK,1993,14163.014,Europe,1808.092,4.615
Slovakia,SVK,1994,14982.747,Europe,2264.028,5.892
Slovakia,SVK,1995,15811.925,Europe,2531.72,6.511
Slovakia,SVK,1996,16744.068,Europe,2189.617,5.597
Slovakia,SVK,1997,17630.04,Europe,2102.3,5.482
Slovakia,SVK,1998,18280.05,Europe,2205.25,5.696
Slovakia,SVK,1999,18174.98,Europe,2310.81,5.926
Slovakia,SVK,2000,18343.236,Europe,2382.796,5.923
Slovakia,SVK,2001,18914.39,Europe,2682.606,6.48
Slovakia,SVK,2002,19757.068,Europe,2777.906,6.658
Slovakia,SVK,2003,20730.25,Europe,1826.136,4.499
Slovakia,SVK,2004,21851.955,Europe,2083.346,5.248
Slovakia,SVK,2005,23266.758,Europe,2361.473,5.658
Slovakia,SVK,2006,25342.31,Europe,2508.889,6.177
Slovakia,SVK,2007,28075.807,Europe,2609.465,6.844
Slovakia,SVK,2008,29556.262,Europe,2441.149,6.238
Slovakia,SVK,2009,27891.896,Europe,2625.209,7.41
Slovakia,SVK,2010,29758.174,Europe,3140.685,8.314
Slovakia,SVK,2011,30481.377,Europe,2727.632,7.51
Slovakia,SVK,2012,30907.04,Europe,2907.868,8.349
Slovakia,SVK,2013,31090.988,Europe,3317.78,9.315
Slovakia,SVK,2014,31901.943,Europe,3370.635,10.176
Slovakia,SVK,2015,33521.594,Europe,3323.049,9.931
Slovakia,SVK,2016,34130.504,Europe,3566.207,10.577
Slovakia,SVK,2017,35057.223,Europe,3511.669,9.896
Slovakia,SVK,2018,36430.793,Europe,3153.971,9.047
Slovakia,SVK,2019,37209.535,Europe,3543.796,10.549
Slovakia,SVK,2020,36216.4,Europe,3630.7,11.039
Slovakia,SVK,2021,38346.094,Europe,3632.72,10.213
Slovakia,SVK,2022,38664.906,Europe,3153.284,9.672
Slovakia,SVK,2023,39518.223,Europe,3488.506,10.553
Slovakia,SVK,2024,40319.055,Europe,3678.245,11.295
Slovenia,SVN,1990,25345.049,Europe,4134.669,12.088
Slovenia,SVN,1991,23074.668,Europe,5013.139,14.667
Slovenia,SVN,1992,21845.963,Europe,4764.023,14.881
Slovenia,SVN,1993,22520.738,Europe,4234.726,12.808
Slovenia,SVN,1994,23747.986,Europe,4748.703,13.491
Slovenia,SVN,1995,24718.023,Europe,4543.706,12.293
Slovenia,SVN,1996,25454.125,Europe,5128.312,13.217
Slovenia,SVN,1997,26806.463,Europe,4326.796,10.88
Slovenia,SVN,1998,27688.094,Europe,4839.894,12.121
Slovenia,SVN,1999,29125.89,Europe,5291.236,13.415
Slovenia,SVN,2000,30055.572,Europe,5470.433,14.026
Slovenia,SVN,2001,30857.111,Europe,5383.361,13.181
Slovenia,SVN,2002,31830.555,Europe,4717.613,11.619
Slovenia,SVN,2003,32827.75,Europe,4235.119,10.627
Slovenia,SVN,2004,34298.13,Europe,5756.413,13.64
Slovenia,SVN,2005,35558.38,Europe,4831.209,11.438
Slovenia,SVN,2006,37539.46,Europe,4973.436,11.735
Slovenia,SVN,2007,39995.207,Europe,4554.15,10.853
Slovenia,SVN,2008,41278.61,Europe,5827.059,12.746
Slovenia,SVN,2009,37802.09,Europe,6553.404,15.641
Slovenia,SVN,2010,38056.18,Europe,6363.255,15.228
Slovenia,SVN,2011,38226.125,Europe,5174.299,12.763
Slovenia,SVN,2012,37033.766,Europe,5794.243,14.747
Slovenia,SVN,2013,36678.875,Europe,6758.373,17.451
Slovenia,SVN,2014,37655.2,Europe,8483.871,21.441
Slovenia,SVN,2015,38527.42,Europe,5591.392,15.619
Slovenia,SVN,2016,39667.457,Europe,6351.829,16.631
Slovenia,SVN,2017,41692.836,Europe,5622.047,14.55
Slovenia,SVN,2018,43361.094,Europe,6786.819,17.278
Slovenia,SVN,2019,44569.586,Europe,6600.878,17.43
Slovenia,SVN,2020,42463.562,Europe,7160.769,19.778
Slovenia,SVN,2021,45914.06,Europe,7004.991,19.61
Slovenia,SVN,2022,47050.066,Europe,5247.844,15.912
Slovenia,SVN,2023,47977.426,Europe,7878.974,23.026
Slovenia,SVN,2024,48648.906,Europe,9084.189,24.736
South Africa,ZAF,1990,10811.151,Africa,68.854,0.273
South Africa,ZAF,1991,10459.356,Africa,131.933,0.539
South Africa,ZAF,1992,10053.61,Africa,49.216,0.204
South Africa,ZAF,1993,9976.965,Africa,9.367,0.04
South Africa,ZAF,1994,10130.806,Africa,67.797,0.279
South Africa,ZAF,1995,10318.839,Africa,32.99,0.132
South Africa,ZAF,1996,10623.86,Africa,85.353,0.338
South Africa,ZAF,1997,10770.278,Africa,137.241,0.538
South Africa,ZAF,1998,10693.688,Africa,111.467,0.45
South Africa,ZAF,1999,10831.659,Africa,56.329,0.223
South Africa,ZAF,2000,11183.825,Africa,97.039,0.386
South Africa,ZAF,2001,11387.492,Africa,128.37,0.513
South Africa,ZAF,2002,11697.565,Africa,159.791,0.661
South Africa,ZAF,2003,11923.121,Africa,85.091,0.328
South Africa,ZAF,2004,12341.21,Africa,91.435,0.327
South Africa,ZAF,2005,12861.563,Africa,100.778,0.384
South Africa,ZAF,2006,13444.233,Africa,183.383,0.692
South Africa,ZAF,2007,14016.244,Africa,194.673,0.723
South Africa,ZAF,2008,14297.688,Africa,106.477,0.373
South Africa,ZAF,2009,13910.702,Africa,109.357,0.39
South Africa,ZAF,2010,14164.996,Africa,86.615,0.31
South Africa,ZAF,2011,14434.261,Africa,188.635,0.692
South Africa,ZAF,2012,14563.763,Africa,94.637,0.358
South Africa,ZAF,2013,14681.097,Africa,103.817,0.397
South Africa,ZAF,2014,14643.339,Africa,210.816,0.81
South Africa,ZAF,2015,14541.675,Africa,321.581,1.29
South Africa,ZAF,2016,14501.281,Africa,382.581,1.482
South Africa,ZAF,2017,14573.598,Africa,551.836,2.16
South Africa,ZAF,2018,14553.562,Africa,549.832,2.29
South Africa,ZAF,2019,14352.67,Africa,552.211,2.24
South Africa,ZAF,2020,13250.566,Africa,595.63,2.582
South Africa,ZAF,2021,13681.955,Africa,740.451,3.247
South Africa,ZAF,2022,13767.497,Africa,785.367,3.648
South Africa,ZAF,2023,13695.376,Africa,810.93,3.757
South Africa,ZAF,2024,13597.654,Africa,755.335,3.557
South Korea,KOR,1990,14377.884,Asia,295.22,1.211
South Korea,KOR,1991,15784.467,Asia,217.966,0.793
South Korea,KOR,1992,16613.49,Asia,192.808,0.627
South Korea,KOR,1993,17595.904,Asia,261.798,0.78
South Korea,KOR,1994,19052.299,Asia,144.585,0.401
South Korea,KOR,1995,20697.896,Asia,186.325,0.476
South Korea,KOR,1996,22139.797,Asia,175.334,0.408
South Korea,KOR,1997,23311.043,Asia,175.691,0.377
South Korea,KOR,1998,22000.338,Asia,261.409,0.617
South Korea,KOR,1999,24382.25,Asia,254.929,0.556
South Korea,KOR,2000,26404.158,Asia,244.737,0.508
South Korea,KOR,2001,27440.656,Asia,143.764,0.293
South Korea,KOR,2002,29395.277,Asia,200.35,0.393
South Korea,KOR,2003,30142.46,Asia,294.409,0.562
South Korea,KOR,2004,31579.527,Asia,267.389,0.499
South Korea,KOR,2005,32886.047,Asia,231.429,0.421
South Korea,KOR,2006,34429.62,Asia,234.288,0.42
South Korea,KOR,2007,36257.34,Asia,272.983,0.477
South Korea,KOR,2008,37064.152,Asia,291.597,0.502
South Korea,KOR,2009,37176.195,Asia,316.985,0.545
South Korea,KOR,2010,39574.05,Asia,393.433,0.63
South Korea,KOR,2011,40719.227,Asia,483.6,0.743
South Korea,KOR,2012,41537.67,Asia,531.801,0.816
South Korea,KOR,2013,42709.977,Asia,644.801,0.999
South Korea,KOR,2014,43806.926,Asia,812.16,1.259
South Korea,KOR,2015,44849.105,Asia,942.29,1.451
South Korea,KOR,2016,46088.242,Asia,1102.805,1.65
South Korea,KOR,2017,47536.79,Asia,1328.245,1.971
South Korea,KOR,2018,48834.445,Asia,1639.774,2.384
South Korea,KOR,2019,49790.867,Asia,1899.875,2.807
South Korea,KOR,2020,49374.094,Asia,2256.865,3.466
South Korea,KOR,2021,51718.25,Asia,2662.11,3.877
South Korea,KOR,2022,53228.605,Asia,3016.082,4.333
South Korea,KOR,2023,54029.344,Asia,3188.189,4.66
South Korea,KOR,2024,55070.938,Asia,3305.514,4.748
Spain,ESP,1990,31773.227,Europe,1850.935,6.819
Spain,ESP,1991,32499.348,Europe,1977.927,7.06
Spain,ESP,1992,32641.082,Europe,1386.613,4.743
Spain,ESP,1993,32137.314,Europe,1762.109,6.274
Spain,ESP,1994,32746.93,Europe,2026.872,6.927
Spain,ESP,1995,33501.73,Europe,1701.533,5.624
Spain,ESP,1996,34232.38,Europe,2857.789,9.156
Spain,ESP,1997,35312.086,Europe,2554.797,7.897
Spain,ESP,1998,36679.094,Europe,2536.84,7.534
Spain,ESP,1999,38141.316,Europe,1876.009,5.341
Spain,ESP,2000,39945.9,Europe,2437.485,6.598
Spain,ESP,2001,41224.293,Europe,3325.656,8.709
Spain,ESP,2002,41766.04,Europe,2312.318,6.016
Spain,ESP,2003,42223.13,Europe,3642.437,9.207
Spain,ESP,2004,42793.39,Europe,3213.824,8.02
Spain,ESP,2005,43570.766,Europe,2578.969,6.442
Spain,ESP,2006,44572.68,Europe,3143.563,7.933
Spain,ESP,2007,45301.285,Europe,3538.539,8.869
Spain,ESP,2008,44926.348,Europe,3797.784,9.972
Spain,ESP,2009,42852.223,Europe,4533.11,12.913
Spain,ESP,2010,42695.527,Europe,5888.193,16.49
Spain,ESP,2011,42271.836,Europe,5362.245,15.329
Spain,ESP,2012,41034.047,Europe,5519.315,15.917
Spain,ESP,2013,40594.914,Europe,6410.15,19.29
Spain,ESP,2014,41339.41,Europe,6382.356,19.445
Spain,ESP,2015,43053.76,Europe,5655.077,16.977
Spain,ESP,2016,44274.668,Europe,6059.299,18.117
Spain,ESP,2017,45446.25,Europe,5181.652,15.319
Spain,ESP,2018,46325.21,Europe,6127.056,17.923
Spain,ESP,2019,46896.418,Europe,5632.346,17.063
Spain,ESP,2020,41553.45,Europe,6451.247,21.929
Spain,ESP,2021,44251.664,Europe,7047.321,22.272
Spain,ESP,2022,46733.48,Europe,6860.192,20.877
Spain,ESP,2023,47322.594,Europe,8000.788,24.822
Spain,ESP,2024,48460.293,Europe,8628.893,25.863
Sri Lanka,LKA,1990,4561.579,Asia,534.204,29.79
Sri Lanka,LKA,1991,4735.8193,Asia,525.465,29.579
Sri Lanka,LKA,1992,4866.2393,Asia,481.22,25.59
Sri Lanka,LKA,1993,5114.4365,Asia,619.317,30.813
Sri Lanka,LKA,1994,5322.7295,Asia,657.488,30.635
Sri Lanka,LKA,1995,5523.312,Asia,713.91,31.403
Sri Lanka,LKA,1996,5624.024,Asia,504.498,21.369
Sri Lanka,LKA,1997,5871.723,Asia,524.75,21.955
Sri Lanka,LKA,1998,6032.622,Asia,584.796,23.41
Sri Lanka,LKA,1999,6176.2354,Asia,613.039,23.242
Sri Lanka,LKA,2000,6428.6133,Asia,461.887,16.823
Sri Lanka,LKA,2001,6230.031,Asia,440.042,16.752
Sri Lanka,LKA,2002,6409.863,Asia,374.254,13.979
Sri Lanka,LKA,2003,6741.0127,Asia,454.037,16.628
Sri Lanka,LKA,2004,7059.911,Asia,401.44,15.216
Sri Lanka,LKA,2005,7452.742,Asia,461.297,15.244
Sri Lanka,LKA,2006,7970.665,Asia,611.307,18.984
Sri Lanka,LKA,2007,8454.207,Asia,514.724,15.797
Sri Lanka,LKA,2008,8897.827,Asia,531.504,17.442
Sri Lanka,LKA,2009,9156.319,Asia,496.8,16.162
Sri Lanka,LKA,2010,9832.187,Asia,716.417,21.793
Sri Lanka,LKA,2011,10618.492,Asia,582.327,16.358
Sri Lanka,LKA,2012,11447.693,Asia,424.394,11.61
Sri Lanka,LKA,2013,12249.723,Asia,863.392,23.64
Sri Lanka,LKA,2014,12909.966,Asia,580.295,14.695
Sri Lanka,LKA,2015,13329.779,Asia,750.589,18.069
Sri Lanka,LKA,2016,13845.614,Asia,544.566,11.92
Sri Lanka,LKA,2017,14572.485,Asia,532.714,11.102
Sri Lanka,LKA,2018,14759.825,Asia,801.33,16.029
Sri Lanka,LKA,2019,14637.444,Asia,641.587,12.824
Sri Lanka,LKA,2020,13886.651,Asia,686.401,14.89
Sri Lanka,LKA,2021,14316.135,Asia,994.347,21.005
Sri Lanka,LKA,2022,13249.065,Asia,986.263,23.449
Sri Lanka,LKA,2023,13024.94,Asia,901.379,20.969
Sri Lanka,LKA,2024,13752.837,Asia,1104.876,23.25
Sweden,SWE,1990,40549.31,Europe,24244.986,33.094
Sweden,SWE,1991,39812.316,Europe,21067.799,28.996
Sweden,SWE,1992,39120.926,Europe,24566.73,33.494
Sweden,SWE,1993,38090.945,Europe,24579.428,34.016
Sweden,SWE,1994,39340.0,Europe,19513.822,26.997
Sweden,SWE,1995,40736.426,Europe,22297.711,30.274
Sweden,SWE,1996,41364.984,Europe,17051.822,23.689
Sweden,SWE,1997,42608.414,Europe,22729.518,30.62
Sweden,SWE,1998,44392.844,Europe,24536.768,31.589
Sweden,SWE,1999,46221.81,Europe,23546.432,31.011
Sweden,SWE,2000,48284.8,Europe,26190.799,36.656
Sweden,SWE,2001,48810.645,Europe,26046.82,34.203
Sweden,SWE,2002,49760.215,Europe,22060.855,31.103
Sweden,SWE,2003,50507.934,Europe,18151.115,27.305
Sweden,SWE,2004,52412.41,Europe,21178.365,29.336
Sweden,SWE,2005,53661.316,Europe,24610.812,33.911
Sweden,SWE,2006,55855.496,Europe,21560.998,31.833
Sweden,SWE,2007,57230.79,Europe,23355.402,34.16
Sweden,SWE,2008,56262.47,Europe,24316.623,36.048
Sweden,SWE,2009,53411.2,Europe,23476.791,38.656
Sweden,SWE,2010,56003.27,Europe,24123.18,37.37
Sweden,SWE,2011,57340.504,Europe,24374.992,38.676
Sweden,SWE,2012,56682.02,Europe,27882.438,42.346
Sweden,SWE,2013,56843.164,Europe,23367.621,38.22
Sweden,SWE,2014,57574.05,Europe,23917.977,39.703
Sweden,SWE,2015,59468.355,Europe,28046.465,45.535
Sweden,SWE,2016,59977.387,Europe,24415.143,40.906
Sweden,SWE,2017,60288.8,Europe,25395.605,41.625
Sweden,SWE,2018,60647.45,Europe,24221.393,41.607
Sweden,SWE,2019,61601.63,Europe,25857.174,43.747
Sweden,SWE,2020,59975.363,Europe,28658.447,51.056
Sweden,SWE,2021,62731.7,Europe,29504.889,50.01
Sweden,SWE,2022,63088.42,Europe,30134.83,52.434
Sweden,SWE,2023,62662.766,Europe,28815.332,52.459
Sweden,SWE,2024,62978.938,Europe,28580.643,51.318
Switzerland,CHE,1990,64010.758,Europe,12534.071,25.902
Switzerland,CHE,1991,62636.773,Europe,13311.812,27.136
Switzerland,CHE,1992,61922.89,Europe,13435.168,27.266
Switzerland,CHE,1993,61284.203,Europe,14548.305,29.895
Switzerland,CHE,1994,61569.598,Europe,15766.931,31.106
Switzerland,CHE,1995,61453.63,Europe,14133.865,29.6
Switzerland,CHE,1996,61471.168,Europe,11566.432,25.121
Switzerland,CHE,1997,62709.99,Europe,13634.157,27.801
Switzerland,CHE,1998,64418.387,Europe,13384.951,27.211
Switzerland,CHE,1999,65177.883,Europe,15888.704,31.122
Switzerland,CHE,2000,67378.39,Europe,14611.344,29.476
Switzerland,CHE,2001,68008.34,Europe,16181.807,30.748
Switzerland,CHE,2002,67446.41,Europe,13636.496,28.021
Switzerland,CHE,2003,66926.17,Europe,13322.819,27.866
Switzerland,CHE,2004,68263.44,Europe,12810.512,27.041
Switzerland,CHE,2005,69692.59,Europe,11742.595,26.14
Switzerland,CHE,2006,72077.86,Europe,11570.019,25.217
Switzerland,CHE,2007,74234.305,Europe,12946.02,28.119
Switzerland,CHE,2008,75355.2,Europe,12982.577,27.972
Switzerland,CHE,2009,72709.81,Europe,12653.458,28.184
Switzerland,CHE,2010,74290.266,Europe,12566.832,27.969
Switzerland,CHE,2011,74800.89,Europe,11243.356,27.144
Switzerland,CHE,2012,74883.62,Europe,13176.95,30.448
Switzerland,CHE,2013,75354.16,Europe,12981.034,29.926
Switzerland,CHE,2014,76189.6,Europe,12779.302,31.115
Switzerland,CHE,2015,76566.08,Europe,12742.798,32.122
Switzerland,CHE,2016,77301.21,Europe,11576.229,31.376
Switzerland,CHE,2017,77626.91,Europe,11474.347,31.293
Switzerland,CHE,2018,79261.36,Europe,11600.28,31.434
Switzerland,CHE,2019,79596.7,Europe,12451.747,32.559
Switzerland,CHE,2020,77324.89,Europe,12441.237,35.598
Switzerland,CHE,2021,81001.414,Europe,12115.104,37.276
Switzerland,CHE,2022,82777.3,Europe,10301.69,31.096
Switzerland,CHE,2023,82295.3,Europe,12423.773,35.636
Switzerland,CHE,2024,82286.18,Europe,14769.381,39.868
Thailand,THA,1990,8701.954,Asia,250.091,3.878
Thailand,THA,1991,9294.031,Asia,226.602,3.236
Thailand,THA,1992,9886.899,Asia,205.52,2.724
Thailand,THA,1993,10538.816,Asia,176.398,2.092
Thailand,THA,1994,11215.037,Asia,212.679,2.278
Thailand,THA,1995,11953.92,Asia,317.438,3.056
Thailand,THA,1996,12456.329,Asia,345.275,2.978
Thailand,THA,1997,11952.85,Asia,338.033,2.807
Thailand,THA,1998,10897.153,Asia,245.484,2.24
Thailand,THA,1999,11253.388,Asia,174.473,1.521
Thailand,THA,2000,11622.525,Asia,285.864,2.432
Thailand,THA,2001,11901.318,Asia,298.457,2.432
Thailand,THA,2002,12512.184,Asia,350.644,2.662
Thailand,THA,2003,13287.305,Asia,362.117,2.58
Thailand,THA,2004,13997.001,Asia,332.936,2.204
Thailand,THA,2005,14458.255,Asia,325.626,2.108
Thailand,THA,2006,15051.061,Asia,426.257,2.724
Thailand,THA,2007,15742.655,Asia,454.556,2.832
Thailand,THA,2008,15891.782,Asia,455.979,2.862
Thailand,THA,2009,15665.903,Asia,484.441,2.98
Thailand,THA,2010,16730.37,Asia,472.55,2.75
Thailand,THA,2011,16766.348,Asia,603.914,3.442
Thailand,THA,2012,17869.637,Asia,703.091,3.781
Thailand,THA,2013,18242.426,Asia,713.509,3.8
Thailand,THA,2014,18324.615,Asia,818.419,4.24
Thailand,THA,2015,18811.998,Asia,819.53,4.202
Thailand,THA,2016,19370.61,Asia,914.672,4.617
Thailand,THA,2017,20094.678,Asia,1068.898,5.318
Thailand,THA,2018,20879.902,Asia,1318.597,6.379
Thailand,THA,2019,21277.84,Asia,1434.843,6.951
Thailand,THA,2020,19957.258,Asia,1339.471,6.97
Thailand,THA,2021,20242.77,Asia,1357.22,7.034
Thailand,THA,2022,20762.795,Asia,1399.12,7.248
Thailand,THA,2023,21191.453,Asia,1469.342,7.608
Thailand,THA,2024,21740.541,Asia,1464.25,7.403
Trinidad and Tobago,TTO,1990,11869.528,North America,77.363,0.139
Trinidad and Tobago,TTO,1991,12142.349,North America,61.897,0.113
Trinidad and Tobago,TTO,1992,13267.978,North America,73.721,0.128
Trinidad and Tobago,TTO,1993,13088.707,North America,68.334,0.113
Trinidad and Tobago,TTO,1994,13472.746,North America,77.618,0.122
Trinidad and Tobago,TTO,1995,13912.313,North America,79.623,0.116
Trinidad and Tobago,TTO,1996,14838.902,North America,40.836,0.053
Trinidad and Tobago,TTO,1997,15895.244,North America,43.076,0.056
Trinidad and Tobago,TTO,1998,17129.092,North America,42.932,0.055
Trinidad and Tobago,TTO,1999,18440.574,North America,42.785,0.049
Trinidad and Tobago,TTO,2000,19637.555,North America,48.474,0.054
Trinidad and Tobago,TTO,2001,20366.754,North America,70.532,0.074
Trinidad and Tobago,TTO,2002,21876.854,North America,63.814,0.06
Trinidad and Tobago,TTO,2003,24910.822,North America,31.883,0.028
Trinidad and Tobago,TTO,2004,26757.908,North America,58.618,0.046
Trinidad and Tobago,TTO,2005,29536.44,North America,56.303,0.041
Trinidad and Tobago,TTO,2006,33348.75,North America,65.88,0.041
Trinidad and Tobago,TTO,2007,34793.645,North America,49.885,0.031
Trinidad and Tobago,TTO,2008,35825.332,North America,52.347,0.033
Trinidad and Tobago,TTO,2009,34212.27,North America,50.552,0.032
Trinidad and Tobago,TTO,2010,35145.125,North America,8.278,0.005
Trinidad and Tobago,TTO,2011,34769.76,North America,8.186,0.005
Trinidad and Tobago,TTO,2012,36903.69,North America,11.434,0.007
Trinidad and Tobago,TTO,2013,37994.07,North America,11.275,0.007
Trinidad and Tobago,TTO,2014,39248.656,North America,11.151,0.007
Trinidad and Tobago,TTO,2015,38963.965,North America,11.08,0.007
Trinidad and Tobago,TTO,2016,35914.99,North America,10.936,0.008
Trinidad and Tobago,TTO,2017,34095.99,North America,10.82,0.008
Trinidad and Tobago,TTO,2018,33710.02,North America,10.581,0.008
Trinidad and Tobago,TTO,2019,33748.707,North America,10.427,0.008
Trinidad and Tobago,TTO,2020,30720.887,North America,10.428,0.009
Trinidad and Tobago,TTO,2021,30482.121,North America,10.356,0.009
Trinidad and Tobago,TTO,2022,30784.111,North America,10.274,0.009
Trinidad and Tobago,TTO,2023,31196.604,North America,10.163,0.009
Trinidad and Tobago,TTO,2024,31960.156,North America,11.434,0.011
Turkey,TUR,1990,12184.199,Asia,1152.343,11.585
Turkey,TUR,1991,12057.936,Asia,1111.793,11.138
Turkey,TUR,1992,12451.045,Asia,1278.919,12.401
Turkey,TUR,1993,13174.467,Asia,1605.562,14.592
Turkey,TUR,1994,12343.004,Asia,1421.983,13.571
Turkey,TUR,1995,13099.258,Asia,1633.576,14.165
Turkey,TUR,1996,13826.92,Asia,1827.905,14.756
Turkey,TUR,1997,14631.296,Asia,1778.401,13.917
Turkey,TUR,1998,14704.339,Asia,1856.718,14.377
Turkey,TUR,1999,14066.189,Asia,1502.537,12.09
Turkey,TUR,2000,14856.915,Asia,1323.956,10.096
Turkey,TUR,2001,13872.129,Asia,1016.725,8.632
Turkey,TUR,2002,14587.895,Asia,1389.272,10.918
Turkey,TUR,2003,15255.718,Asia,1429.371,10.734
Turkey,TUR,2004,16583.883,Asia,1830.71,13.0
Turkey,TUR,2005,17902.596,Asia,1541.987,10.807
Turkey,TUR,2006,18972.01,Asia,1703.712,10.874
Turkey,TUR,2007,19909.084,Asia,1374.154,8.326
Turkey,TUR,2008,19839.584,Asia,1273.659,7.784
Turkey,TUR,2009,18612.193,Asia,1387.283,8.472
Turkey,TUR,2010,19897.447,Asia,1986.259,11.71
Turkey,TUR,2011,21760.43,Asia,2038.148,11.392
Turkey,TUR,2012,22517.715,Asia,2257.445,12.031
Turkey,TUR,2013,24117.312,Asia,2390.893,13.033
Turkey,TUR,2014,24888.852,Asia,1762.229,9.501
Turkey,TUR,2015,25984.803,Asia,2696.593,13.673
Turkey,TUR,2016,26489.645,Asia,2839.983,13.986
Turkey,TUR,2017,28194.688,Asia,2703.109,12.632
Turkey,TUR,2018,28780.303,Asia,2976.381,14.13
Turkey,TUR,2019,28741.053,Asia,3952.016,18.384
Turkey,TUR,2020,28976.719,Asia,3805.278,18.103
Turkey,TUR,2021,32105.547,Asia,3515.561,15.696
Turkey,TUR,2022,33520.812,Asia,4055.604,18.036
Turkey,TUR,2023,35069.17,Asia,4092.316,18.326
Turkey,TUR,2024,36154.492,Asia,4701.284,19.786
Turkmenistan,TKM,1990,7925.498,Asia,2.216,0.005
Turkmenistan,TKM,1991,7373.584,Asia,2.161,0.006
Turkmenistan,TKM,1992,6128.9155,Asia,2.958,0.008
Turkmenistan,TKM,1993,6085.5254,Asia,3.444,0.011
Turkmenistan,TKM,1994,4929.734,Asia,2.699,0.008
Turkmenistan,TKM,1995,4493.4277,Asia,2.651,0.011
Turkmenistan,TKM,1996,4712.8335,Asia,3.257,0.009
Turkmenistan,TKM,1997,4105.369,Asia,3.203,0.011
Turkmenistan,TKM,1998,4323.302,Asia,3.779,0.012
Turkmenistan,TKM,1999,4945.0854,Asia,3.092,0.011
Turkmenistan,TKM,2000,5112.5293,Asia,1.912,0.007
Turkmenistan,TKM,2001,5228.803,Asia,1.864,0.006
Turkmenistan,TKM,2002,5138.871,Asia,1.812,0.007
Turkmenistan,TKM,2003,5203.8545,Asia,1.767,0.005
Turkmenistan,TKM,2004,5360.224,Asia,1.724,0.005
Turkmenistan,TKM,2005,5945.9526,Asia,1.678,0.005
Turkmenistan,TKM,2006,6476.828,Asia,1.638,0.005
Turkmenistan,TKM,2007,7060.1484,Asia,1.6,0.005
Turkmenistan,TKM,2008,7944.996,Asia,1.557,0.005
Turkmenistan,TKM,2009,8264.865,Asia,1.518,0.004
Turkmenistan,TKM,2010,8842.333,Asia,1.551,0.003
Turkmenistan,TKM,2011,9929.689,Asia,1.646,0.004
Turkmenistan,TKM,2012,10794.233,Asia,1.835,0.003
Turkmenistan,TKM,2013,11633.291,Asia,2.154,0.005
Turkmenistan,TKM,2014,12544.398,Asia,2.627,0.006
Turkmenistan,TKM,2015,13057.83,Asia,3.411,0.007
Turkmenistan,TKM,2016,13552.848,Asia,4.003,0.007
Turkmenistan,TKM,2017,14107.667,Asia,3.886,0.008
Turkmenistan,TKM,2018,14648.136,Asia,3.78,0.007
Turkmenistan,TKM,2019,15231.306,Asia,3.679,0.007
Turkmenistan,TKM,2020,15791.178,Asia,3.603,0.006
Turkmenistan,TKM,2021,16434.14,Asia,3.511,0.006
Turkmenistan,TKM,2022,17119.574,Asia,3.436,0.005
Turkmenistan,TKM,2023,17866.404,Asia,3.348,0.006
Turkmenistan,TKM,2024,18662.299,Asia,3.299,0.007
Ukraine,UKR,1990,22815.799,Europe,561.062,0.916
Ukraine,UKR,1991,20784.16,Europe,623.484,1.089
Ukraine,UKR,1992,18671.873,Europe,418.495,0.867
Ukraine,UKR,1993,16012.372,Europe,585.746,1.386
Ukraine,UKR,1994,12410.525,Europe,646.384,1.781
Ukraine,UKR,1995,10983.009,Europe,535.119,1.5
Ukraine,UKR,1996,9969.501,Europe,468.077,1.396
Ukraine,UKR,1997,9754.05,Europe,539.072,1.653
Ukraine,UKR,1998,9646.055,Europe,867.964,2.738
Ukraine,UKR,1999,9704.445,Europe,796.32,2.529
Ukraine,UKR,2000,10364.0625,Europe,632.273,1.985
Ukraine,UKR,2001,11379.386,Europe,677.742,2.138
Ukraine,UKR,2002,12092.789,Europe,543.079,1.709
Ukraine,UKR,2003,13342.88,Europe,522.737,1.593
Ukraine,UKR,2004,15021.066,Europe,665.709,2.023
Ukraine,UKR,2005,15610.573,Europe,700.549,2.086
Ukraine,UKR,2006,16901.508,Europe,730.734,2.136
Ukraine,UKR,2007,18374.014,Europe,594.394,1.736
Ukraine,UKR,2008,18883.986,Europe,668.923,2.014
Ukraine,UKR,2009,16092.796,Europe,683.672,2.408
Ukraine,UKR,2010,16811.795,Europe,752.706,2.464
Ukraine,UKR,2011,17783.957,Europe,627.982,1.981
Ukraine,UKR,2012,17848.74,Europe,628.161,2.021
Ukraine,UKR,2013,17889.092,Europe,849.928,2.878
Ukraine,UKR,2014,16978.812,Europe,574.765,2.199
Ukraine,UKR,2015,15403.71,Europe,403.209,1.85
Ukraine,UKR,2016,15856.8125,Europe,521.131,2.277
Ukraine,UKR,2017,16310.36,Europe,612.043,2.87
Ukraine,UKR,2018,16978.984,Europe,730.093,3.282
Ukraine,UKR,2019,17636.555,Europe,681.338,3.22
Ukraine,UKR,2020,17092.54,Europe,960.803,4.707
Ukraine,UKR,2021,17846.408,Europe,1233.325,5.89
Ukraine,UKR,2022,13787.121,Europe,1121.01,7.503
Ukraine,UKR,2023,15916.958,Europe,1354.215,8.777
Ukraine,UKR,2024,16319.845,Europe,1305.943,8.299
United Arab Emirates,ARE,1990,111377.05,Asia,0.0,0.0
United Arab Emirates,ARE,1991,106266.195,Asia,0.0,0.0
United Arab Emirates,ARE,1992,104206.76,Asia,0.0,0.0
United Arab Emirates,ARE,1993,100422.63,Asia,0.0,0.0
United Arab Emirates,ARE,1994,102456.1,Asia,0.0,0.0
United Arab Emirates,ARE,1995,104527.92,Asia,0.0,0.0
United Arab Emirates,ARE,1996,103653.48,Asia,0.0,0.0
United Arab Emirates,ARE,1997,103392.44,Asia,0.0,0.0
United Arab Emirates,ARE,1998,96088.49,Asia,0.0,0.0
United Arab Emirates,ARE,1999,92047.59,Asia,0.0,0.0
United Arab Emirates,ARE,2000,95390.7,Asia,0.0,0.0
United Arab Emirates,ARE,2001,90750.34,Asia,0.0,0.0
United Arab Emirates,ARE,2002,87479.24,Asia,0.0,0.0
United Arab Emirates,ARE,2003,89828.555,Asia,0.0,0.0
United Arab Emirates,ARE,2004,93166.15,Asia,0.0,0.0
United Arab Emirates,ARE,2005,92750.914,Asia,0.0,0.0
United Arab Emirates,ARE,2006,94872.54,Asia,0.0,0.0
United Arab Emirates,ARE,2007,87180.61,Asia,0.0,0.0
United Arab Emirates,ARE,2008,80285.19,Asia,0.0,0.0
United Arab Emirates,ARE,2009,71488.99,Asia,2.487,0.002
United Arab Emirates,ARE,2010,70913.78,Asia,6.915,0.005
United Arab Emirates,ARE,2011,73190.4,Asia,7.447,0.005
United Arab Emirates,ARE,2012,73644.055,Asia,8.334,0.006
United Arab Emirates,ARE,2013,74237.22,Asia,28.382,0.02
United Arab Emirates,ARE,2014,74145.11,Asia,96.2,0.07
United Arab Emirates,ARE,2015,75238.555,Asia,87.725,0.062
United Arab Emirates,ARE,2016,75671.055,Asia,87.917,0.063
United Arab Emirates,ARE,2017,72529.055,Asia,201.72,0.154
United Arab Emirates,ARE,2018,72671.06,Asia,318.861,0.263
United Arab Emirates,ARE,2019,72822.97,Asia,964.934,0.744
United Arab Emirates,ARE,2020,66808.65,Asia,1355.128,1.082
United Arab Emirates,ARE,2021,68580.15,Asia,1573.308,1.243
United Arab Emirates,ARE,2022,70075.63,Asia,1861.37,1.411
United Arab Emirates,ARE,2023,70239.85,Asia,3376.683,2.514
United Arab Emirates,ARE,2024,69701.805,Asia,3467.941,2.519
United Kingdom,GBR,1990,32993.168,Europe,280.668,0.643
United Kingdom,GBR,1991,32466.195,Europe,256.69,0.578
United Kingdom,GBR,1992,32797.73,Europe,309.63,0.704
United Kingdom,GBR,1993,33861.254,Europe,281.702,0.635
United Kingdom,GBR,1994,35448.18,Europe,343.348,0.785
United Kingdom,GBR,1995,36603.74,Europe,329.142,0.752
United Kingdom,GBR,1996,37465.38,Europe,281.793,0.615
United Kingdom,GBR,1997,39192.61,Europe,353.438,0.788
United Kingdom,GBR,1998,40347.18,Europe,425.506,0.943
United Kingdom,GBR,1999,41396.938,Europe,474.194,1.06
United Kingdom,GBR,2000,43115.562,Europe,489.156,1.087
United Kingdom,GBR,2001,43976.84,Europe,472.535,1.043
United Kingdom,GBR,2002,44539.465,Europe,545.296,1.237
United Kingdom,GBR,2003,45759.402,Europe,531.512,1.194
United Kingdom,GBR,2004,46558.13,Europe,691.013,1.549
United Kingdom,GBR,2005,47529.938,Europe,830.711,1.86
United Kingdom,GBR,2006,48215.047,Europe,895.823,2.047
United Kingdom,GBR,2007,49243.25,Europe,986.934,2.337
United Kingdom,GBR,2008,48833.07,Europe,1156.427,2.81
United Kingdom,GBR,2009,46241.805,Europe,1155.193,2.989
United Kingdom,GBR,2010,46917.89,Europe,1192.189,3.043
United Kingdom,GBR,2011,46949.02,Europe,1561.658,4.268
United Kingdom,GBR,2012,47328.21,Europe,1801.004,4.869
United Kingdom,GBR,2013,47820.28,Europe,2457.214,6.655
United Kingdom,GBR,2014,48964.285,Europe,2942.152,8.506
United Kingdom,GBR,2015,49652.72,Europe,3658.91,10.562
United Kingdom,GBR,2016,50346.86,Europe,3610.795,10.659
United Kingdom,GBR,2017,51586.676,Europe,4189.004,12.44
United Kingdom,GBR,2018,52131.695,Europe,4667.942,13.98
United Kingdom,GBR,2019,52515.684,Europe,5081.304,15.684
United Kingdom,GBR,2020,47158.984,Europe,5556.822,19.068
United Kingdom,GBR,2021,51004.426,Europe,5098.234,17.482
United Kingdom,GBR,2022,53139.152,Europe,5568.103,19.072
United Kingdom,GBR,2023,52592.684,Europe,5552.381,19.976
United Kingdom,GBR,2024,52621.18,Europe,5903.351,21.293
United States,USA,1990,44378.523,North America,4013.992,4.516
United States,USA,1991,43742.027,North America,3962.816,4.519
United States,USA,1992,44659.152,North America,3590.961,4.083
United States,USA,1993,45286.934,North America,3885.076,4.377
United States,USA,1994,46537.355,North America,3645.031,4.076
United States,USA,1995,47220.957,North America,4114.201,4.551
United States,USA,1996,48435.7,North America,4433.159,4.791
United States,USA,1997,49984.27,North America,4509.891,4.884
United States,USA,1998,51619.87,North America,4131.355,4.489
United States,USA,1999,53474.047,North America,4065.928,4.383
United States,USA,2000,55038.62,North America,3623.22,3.856
United States,USA,2001,55017.305,North America,2987.609,3.287
United States,USA,2002,55436.117,North America,3514.352,3.851
United States,USA,2003,56498.207,North America,3638.041,4.012
United States,USA,2004,58131.633,North America,3611.492,3.944
United States,USA,2005,59604.754,North America,3677.244,4.055
United States,USA,2006,60676.566,North America,4008.919,4.502
United States,USA,2007,61306.598,North America,3773.604,4.222
United States,USA,2008,60798.434,North America,4168.733,4.833
United States,USA,2009,58714.973,North America,4547.645,5.601
United States,USA,2010,59789.414,North America,4687.653,5.642
United States,USA,2011,60245.484,North America,5424.356,6.653
United States,USA,2012,61134.53,North America,5231.158,6.652
United States,USA,2013,61958.723,North America,5510.078,6.888
United States,USA,2014,63018.805,North America,5617.922,7.015
United States,USA,2015,64359.473,North America,5673.692,7.219
United States,USA,2016,65017.656,North America,6214.849,7.993
United States,USA,2017,66155.555,North America,6767.344,8.755
United States,USA,2018,67719.766,North America,6865.852,8.64
United States,USA,2019,69112.6,North America,7014.947,8.967
United States,USA,2020,67342.07,North America,7299.329,10.123
United States,USA,2021,71307.4,North America,7672.989,10.116
United States,USA,2022,72679.26,North America,8389.356,10.875
United States,USA,2023,74158.72,North America,8499.214,11.212
United States,USA,2024,75489.266,North America,9192.194,12.05
Uzbekistan,UZB,1990,4214.584,Asia,902.355,3.562
Uzbekistan,UZB,1991,4094.2273,Asia,799.163,3.278
Uzbekistan,UZB,1992,3547.3115,Asia,812.062,3.602
Uzbekistan,UZB,1993,3386.4622,Asia,929.549,4.049
Uzbekistan,UZB,1994,3142.4329,Asia,884.9,3.981
Uzbekistan,UZB,1995,3052.4187,Asia,750.03,3.398
Uzbekistan,UZB,1996,3046.5637,Asia,776.165,3.479
Uzbekistan,UZB,1997,3150.0852,Asia,675.418,3.104
Uzbekistan,UZB,1998,3234.3574,Asia,662.709,3.093
Uzbekistan,UZB,1999,3326.4253,Asia,645.984,2.725
Uzbekistan,UZB,2000,3410.6504,Asia,658.834,2.75
Uzbekistan,UZB,2001,3509.7285,Asia,662.469,2.793
Uzbekistan,UZB,2002,3604.6934,Asia,667.242,2.778
Uzbekistan,UZB,2003,3711.7786,Asia,758.25,3.532
Uzbekistan,UZB,2004,3939.5305,Asia,676.057,3.172
Uzbekistan,UZB,2005,4160.955,Asia,701.249,3.298
Uzbekistan,UZB,2006,4413.7227,Asia,585.825,2.986
Uzbekistan,UZB,2007,4764.564,Asia,634.257,3.086
Uzbekistan,UZB,2008,5115.644,Asia,420.891,2.215
Uzbekistan,UZB,2009,5439.551,Asia,609.053,3.253
Uzbekistan,UZB,2010,5760.805,Asia,751.566,4.069
Uzbekistan,UZB,2011,6100.251,Asia,514.239,2.7
Uzbekistan,UZB,2012,6435.5645,Asia,559.732,3.02
Uzbekistan,UZB,2013,6797.775,Asia,539.489,2.945
Uzbekistan,UZB,2014,7145.11,Asia,520.727,2.785
Uzbekistan,UZB,2015,7529.7637,Asia,495.677,2.827
Uzbekistan,UZB,2016,7839.978,Asia,551.306,3.319
Uzbekistan,UZB,2017,8047.0537,Asia,623.511,3.698
Uzbekistan,UZB,2018,8348.961,Asia,453.67,2.73
Uzbekistan,UZB,2019,8755.126,Asia,486.9,2.96
Uzbekistan,UZB,2020,8727.411,Asia,368.026,2.293
Uzbekistan,UZB,2021,9247.644,Asia,363.979,2.167
Uzbekistan,UZB,2022,9607.562,Asia,404.271,2.387
Uzbekistan,UZB,2023,10007.686,Asia,521.76,3.104
Uzbekistan,UZB,2024,10450.205,Asia,874.0,4.582
Vietnam,VNM,1990,2467.9646,Asia,227.677,19.581
Vietnam,VNM,1991,2560.8438,Asia,262.323,22.676
Vietnam,VNM,1992,2726.4736,Asia,294.135,23.761
Vietnam,VNM,1993,2890.4243,Asia,317.95,22.917
Vietnam,VNM,1994,3089.6094,Asia,362.363,23.82
Vietnam,VNM,1995,3328.2148,Asia,407.973,23.467
Vietnam,VNM,1996,3584.029,Asia,455.948,23.225
Vietnam,VNM,1997,3820.3025,Asia,436.238,19.526
Vietnam,VNM,1998,3982.958,Asia,409.291,17.158
Vietnam,VNM,1999,4119.0537,Asia,501.539,20.617
Vietnam,VNM,2000,4349.2236,Asia,523.88,19.107
Vietnam,VNM,2001,4570.2686,Asia,645.175,21.061
Vietnam,VNM,2002,4809.6216,Asia,632.933,19.066
Vietnam,VNM,2003,5090.29,Asia,650.208,18.345
Vietnam,VNM,2004,5421.097,Asia,601.044,14.008
Vietnam,VNM,2005,5776.3633,Asia,550.081,12.158
Vietnam,VNM,2006,6098.245,Asia,643.881,15.766
Vietnam,VNM,2007,6418.544,Asia,716.457,16.349
Vietnam,VNM,2008,6659.1357,Asia,806.987,15.182
Vietnam,VNM,2009,6914.339,Asia,912.607,17.054
Vietnam,VNM,2010,7274.733,Asia,852.728,13.931
Vietnam,VNM,2011,7652.619,Asia,1206.188,18.079
Vietnam,VNM,2012,7979.868,Asia,1538.182,22.488
Vietnam,VNM,2013,8324.198,Asia,1636.788,22.935
Vietnam,VNM,2014,8751.883,Asia,1729.471,22.221
Vietnam,VNM,2015,9248.024,Asia,1536.528,17.797
Vietnam,VNM,2016,9743.188,Asia,1718.672,18.653
Vietnam,VNM,2017,10290.549,Asia,2273.606,23.117
Vietnam,VNM,2018,10936.894,Asia,2176.498,19.655
Vietnam,VNM,2019,11628.614,Asia,1836.581,14.914
Vietnam,VNM,2020,11851.396,Asia,2140.883,17.276
Vietnam,VNM,2021,12048.902,Asia,2702.946,22.16
Vietnam,VNM,2022,12979.764,Asia,3234.698,25.312
Vietnam,VNM,2023,13545.935,Asia,2892.523,21.388
Vietnam,VNM,2024,14415.216,Asia,3107.219,21.534
