Entity,Year,Code,co2_per_capita,renewables_energy_per_capita,renewables_share_energy,GDP per capita,World region according to OWID
Algeria,1990,DZA,2.991,14.778,0.119,11728.546,Africa
Algeria,1991,DZA,3.0,31.318,0.261,11314.864,Africa
Algeria,1992,DZA,2.977,20.759,0.173,11241.415,Africa
Algeria,1993,DZA,2.981,35.948,0.329,10743.706,Africa
Algeria,1994,DZA,3.15,16.535,0.153,10414.035,Africa
Algeria,1995,DZA,3.369,18.831,0.171,10588.443,Africa
Algeria,1996,DZA,3.429,12.916,0.121,10808.879,Africa
Algeria,1997,DZA,2.959,7.043,0.07,10725.968,Africa
Algeria,1998,DZA,3.518,19.872,0.194,11094.888,Africa
Algeria,1999,DZA,2.973,18.504,0.181,11292.037,Africa
Algeria,2000,DZA,2.736,4.854,0.05,11558.221,Africa
Algeria,2001,DZA,2.745,6.084,0.061,11742.595,Africa
Algeria,2002,DZA,2.824,4.918,0.049,12213.126,Africa
Algeria,2003,DZA,2.924,22.441,0.214,12835.182,Africa
Algeria,2004,DZA,2.784,20.847,0.194,13226.765,Africa
Algeria,2005,DZA,3.309,45.085,0.408,13738.496,Africa
Algeria,2006,DZA,3.087,17.304,0.153,13920.694,Africa
Algeria,2007,DZA,3.146,17.58,0.15,14114.675,Africa
Algeria,2008,DZA,3.119,21.446,0.176,14206.776,Africa
Algeria,2009,DZA,3.278,25.292,0.2,14104.428,Africa
Algeria,2010,DZA,3.257,13.104,0.108,14496.421,Africa
Algeria,2011,DZA,3.38,27.808,0.221,14641.964,Africa
Algeria,2012,DZA,3.602,28.461,0.211,14697.54,Africa
Algeria,2013,DZA,3.684,8.495,0.061,14778.191,Africa
Algeria,2014,DZA,3.888,16.485,0.11,15073.763,Africa
Algeria,2015,DZA,4.006,14.044,0.091,15239.518,Africa
Algeria,2016,DZA,3.875,20.669,0.137,15511.686,Africa
Algeria,2017,DZA,3.964,34.721,0.232,15427.664,Africa
Algeria,2018,DZA,4.104,42.722,0.271,15343.426,Africa
Algeria,2019,DZA,4.214,44.423,0.277,15199.199,Africa
Algeria,2020,DZA,3.886,41.616,0.283,14194.155,Africa
Algeria,2021,DZA,4.067,37.627,0.238,14496.865,Africa
Algeria,2022,DZA,4.239,36.792,0.228,14782.2,Africa
Algeria,2023,DZA,4.394,38.516,0.227,15159.324,Africa
Algeria,2024,DZA,4.234,39.236,0.242,15501.92,Africa
Argentina,1990,ARG,3.425,1514.809,9.729,17007.285,South America
Argentina,1991,ARG,3.543,1338.858,8.57,18295.61,South America
Argentina,1992,ARG,3.606,1592.073,9.64,19476.283,South America
Argentina,1993,ARG,3.456,1941.955,11.552,20791.346,South America
Argentina,1994,ARG,3.424,2198.729,12.563,21711.844,South America
Argentina,1995,ARG,3.576,2109.872,11.83,20819.5,South America
Argentina,1996,ARG,3.701,1778.042,9.646,21695.596,South America
Argentina,1997,ARG,3.8,2174.478,11.781,23172.158,South America
Argentina,1998,ARG,3.835,2042.183,10.78,23783.102,South America
Argentina,1999,ARG,4.032,1640.209,8.606,22714.512,South America
Argentina,2000,ARG,3.852,2167.966,11.557,22281.38,South America
Argentina,2001,ARG,3.588,2719.51,15.036,21066.459,South America
Argentina,2002,ARG,3.285,2626.436,15.335,18571.701,South America
Argentina,2003,ARG,3.498,2474.063,13.613,20005.139,South America
Argentina,2004,ARG,4.051,2201.711,11.465,21591.45,South America
Argentina,2005,ARG,4.124,2423.348,12.032,23262.408,South America
Argentina,2006,ARG,4.4,2652.587,12.678,24877.25,South America
Argentina,2007,ARG,4.342,2162.664,10.024,26850.664,South America
Argentina,2008,ARG,4.641,2132.41,9.872,27658.484,South America
Argentina,2009,ARG,4.366,2317.319,11.193,25747.197,South America
Argentina,2010,ARG,4.508,2353.397,11.092,28056.258,South America
Argentina,2011,ARG,4.55,2249.753,10.412,29425.76,South America
Argentina,2012,ARG,4.547,2160.214,9.701,28825.967,South America
Argentina,2013,ARG,4.451,2387.985,10.134,29227.66,South America
Argentina,2014,ARG,4.382,2385.344,10.396,28200.814,South America
Argentina,2015,ARG,4.412,2373.331,10.275,28669.207,South America
Argentina,2016,ARG,4.328,2184.091,9.586,27802.105,South America
Argentina,2017,ARG,4.224,2338.09,10.445,28334.904,South America
Argentina,2018,ARG,4.087,2376.033,10.824,27367.115,South America
Argentina,2019,ARG,4.012,2334.881,11.417,26629.553,South America
Argentina,2020,ARG,3.643,2246.39,11.833,23877.094,South America
Argentina,2021,ARG,4.197,2276.367,10.947,26300.273,South America
Argentina,2022,ARG,4.047,2630.946,12.01,27825.027,South America
Argentina,2023,ARG,3.918,3083.319,14.1,27230.396,South America
Argentina,2024,ARG,3.743,3158.544,14.803,26771.965,South America
Australia,1990,AUS,16.236,2532.481,4.137,36267.742,Oceania
Australia,1991,AUS,16.103,2636.145,4.394,35670.668,Oceania
Australia,1992,AUS,16.208,2644.512,4.389,35426.285,Oceania
Australia,1993,AUS,16.294,2689.136,4.407,36533.15,Oceania
Australia,1994,AUS,16.405,2631.734,4.196,37622.652,Oceania
Australia,1995,AUS,16.853,2546.364,4.002,38653.336,Oceania
Australia,1996,AUS,17.036,2589.703,4.0,39663.16,Oceania
Australia,1997,AUS,17.306,2568.729,3.914,40773.566,Oceania
Australia,1998,AUS,17.861,2535.081,3.813,42257.17,Oceania
Australia,1999,AUS,18.185,2591.266,3.786,43899.074,Oceania
Australia,2000,AUS,18.288,2562.243,3.765,45099.074,Oceania
Australia,2001,AUS,18.469,2477.333,3.655,45428.2,Oceania
Australia,2002,AUS,18.495,2535.098,3.711,46688.395,Oceania
Australia,2003,AUS,18.708,2600.875,3.797,47581.23,Oceania
Australia,2004,AUS,19.056,2676.806,3.829,49061.277,Oceania
Australia,2005,AUS,18.975,2839.375,4.095,49997.066,Oceania
Australia,2006,AUS,19.007,2867.825,4.024,50693.727,Oceania
Australia,2007,AUS,19.036,2716.251,3.786,51663.242,Oceania
Australia,2008,AUS,18.918,2503.279,3.499,52473.383,Oceania
Australia,2009,AUS,18.683,2574.128,3.722,52407.91,Oceania
Australia,2010,AUS,18.293,2778.986,4.088,52739.27,Oceania
Australia,2011,AUS,17.966,3726.721,5.392,53257.047,Oceania
Australia,2012,AUS,17.722,3618.664,5.4,54403.883,Oceania
Australia,2013,AUS,17.122,4117.444,6.173,54895.004,Oceania
Australia,2014,AUS,16.639,3747.245,5.663,55489.07,Oceania
Australia,2015,AUS,16.727,3969.371,5.955,55879.996,Oceania
Australia,2016,AUS,16.838,4463.105,6.785,56529.953,Oceania
Australia,2017,AUS,16.716,4113.181,6.373,56881.855,Oceania
Australia,2018,AUS,16.512,5056.059,7.848,57647.844,Oceania
Australia,2019,AUS,16.283,5515.36,8.407,58048.617,Oceania
Australia,2020,AUS,15.481,6299.231,10.292,57260.465,Oceania
Australia,2021,AUS,14.966,7465.874,12.283,58327.414,Oceania
Australia,2022,AUS,14.659,8331.791,13.247,60029.133,Oceania
Australia,2023,AUS,14.529,8894.678,14.323,60684.96,Oceania
Australia,2024,AUS,14.477,9142.299,14.733,60303.98,Oceania
Austria,1990,AUT,8.098,11861.939,27.764,43258.176,Europe
Austria,1991,AUT,8.481,11753.494,26.528,44302.42,Europe
Austria,1992,AUT,7.688,12872.423,29.828,44734.855,Europe
Austria,1993,AUT,7.678,13432.34,30.718,44601.207,Europe
Austria,1994,AUT,7.694,12971.936,30.028,45497.137,Europe
Austria,1995,AUT,8.058,13681.694,30.14,46639.53,Europe
Austria,1996,AUT,8.468,12564.938,27.074,47608.633,Europe
Austria,1997,AUT,8.445,13262.765,28.264,48575.16,Europe
Austria,1998,AUT,8.39,13676.905,28.532,50216.7,Europe
Austria,1999,AUT,8.215,14785.12,30.668,52004.53,Europe
Austria,2000,AUT,8.262,15123.116,31.268,53534.344,Europe
Austria,2001,AUT,8.728,14604.941,29.411,54032.152,Europe
Austria,2002,AUT,8.908,14296.995,28.923,54565.08,Europe
Austria,2003,AUT,9.53,11928.683,24.121,54919.79,Europe
Austria,2004,AUT,9.508,13288.841,26.119,55980.23,Europe
Austria,2005,AUT,9.612,13573.702,26.317,56890.28,Europe
Austria,2006,AUT,9.286,13681.859,26.99,58460.24,Europe
Austria,2007,AUT,8.93,14489.952,29.094,60470.91,Europe
Austria,2008,AUT,8.827,14830.887,29.577,61157.99,Europe
Austria,2009,AUT,8.065,15689.63,32.548,58810.44,Europe
Austria,2010,AUT,8.607,14914.627,30.113,59730.55,Europe
Austria,2011,AUT,8.327,13529.7,29.158,61272.258,Europe
Austria,2012,AUT,7.977,16628.379,34.498,61376.723,Europe
Austria,2013,AUT,7.989,16160.421,34.024,60863.055,Europe
Austria,2014,AUT,7.506,15856.681,35.017,60845.66,Europe
Austria,2015,AUT,7.677,14879.399,33.052,60951.688,Europe
Austria,2016,AUT,7.693,15643.162,34.026,61572.71,Europe
Austria,2017,AUT,7.91,15468.543,33.213,62535.9,Europe
Austria,2018,AUT,7.529,15027.287,33.139,63778.027,Europe
Austria,2019,AUT,7.651,16154.252,34.189,64609.375,Europe
Austria,2020,AUT,6.97,16198.43,36.88,60276.414,Europe
Austria,2021,AUT,7.333,15397.121,34.638,62968.94,Europe
Austria,2022,AUT,6.78,14521.192,35.134,65694.555,Europe
Austria,2023,AUT,6.233,16872.156,40.022,64536.297,Europe
Austria,2024,AUT,6.18,19131.916,43.347,63788.08,Europe
Azerbaijan,1990,AZE,7.101,636.911,1.77,10776.067,Asia
Azerbaijan,1991,AZE,6.846,668.134,1.954,10559.212,Asia
Azerbaijan,1992,AZE,7.585,655.381,2.267,8050.2163,Asia
Azerbaijan,1993,AZE,6.451,898.025,3.632,6097.4863,Asia
Azerbaijan,1994,AZE,5.513,668.078,2.981,4830.699,Asia
Azerbaijan,1995,AZE,4.315,559.925,2.695,4211.721,Asia
Azerbaijan,1996,AZE,3.99,545.199,3.248,4223.523,Asia
Azerbaijan,1997,AZE,3.76,599.222,3.779,4425.5884,Asia
Azerbaijan,1998,AZE,3.96,675.252,4.291,4822.16,Asia
Azerbaijan,1999,AZE,3.558,516.431,3.318,5133.748,Asia
Azerbaijan,2000,AZE,3.641,521.251,3.233,5656.9297,Asia
Azerbaijan,2001,AZE,3.444,435.533,2.83,6168.9854,Asia
Azerbaijan,2002,AZE,3.431,664.683,4.419,6701.0815,Asia
Azerbaijan,2003,AZE,3.629,801.169,4.963,7329.4062,Asia
Azerbaijan,2004,AZE,3.799,879.415,4.866,7937.8594,Asia
Azerbaijan,2005,AZE,3.977,940.974,4.864,10054.101,Asia
Azerbaijan,2006,AZE,3.963,772.853,4.114,13371.658,Asia
Azerbaijan,2007,AZE,3.402,712.167,4.173,16587.365,Asia
Azerbaijan,2008,AZE,3.694,658.551,3.906,17963.021,Asia
Azerbaijan,2009,AZE,3.217,670.36,4.673,19242.39,Asia
Azerbaijan,2010,AZE,3.012,981.326,7.021,19925.39,Asia
Azerbaijan,2011,AZE,3.264,748.92,4.771,19358.078,Asia
Azerbaijan,2012,AZE,3.495,500.556,3.133,19523.373,Asia
Azerbaijan,2013,AZE,3.531,423.162,2.612,20398.646,Asia
Azerbaijan,2014,AZE,3.566,372.981,2.288,20709.201,Asia
Azerbaijan,2015,AZE,3.556,456.576,2.596,20678.754,Asia
Azerbaijan,2016,AZE,3.519,541.271,3.145,19822.41,Asia
Azerbaijan,2017,AZE,3.481,479.544,2.868,19659.004,Asia
Azerbaijan,2018,AZE,3.444,493.52,2.817,19781.852,Asia
Azerbaijan,2019,AZE,3.734,449.994,2.451,20101.492,Asia
Azerbaijan,2020,AZE,3.559,324.848,1.79,19126.098,Asia
Azerbaijan,2021,AZE,3.742,372.179,1.93,20111.375,Asia
Azerbaijan,2022,AZE,3.999,446.39,2.188,21051.244,Asia
Azerbaijan,2023,AZE,4.143,482.774,2.294,21310.738,Asia
Azerbaijan,2024,AZE,3.853,864.325,4.303,22072.148,Asia
Bangladesh,1990,BGD,0.126,21.997,3.332,2069.7822,Asia
Bangladesh,1991,BGD,0.13,20.457,3.274,2101.3835,Asia
Bangladesh,1992,BGD,0.133,19.069,2.851,2174.3823,Asia
Bangladesh,1993,BGD,0.136,14.297,1.979,2234.81,Asia
Bangladesh,1994,BGD,0.146,19.551,2.599,2279.0942,Asia
Bangladesh,1995,BGD,0.172,8.428,0.965,2351.7039,Asia
Bangladesh,1996,BGD,0.172,16.44,1.832,2413.543,Asia
Bangladesh,1997,BGD,0.182,15.702,1.696,2475.5957,Asia
Bangladesh,1998,BGD,0.179,18.537,1.916,2555.0613,Asia
Bangladesh,1999,BGD,0.19,17.515,1.824,2624.0654,Asia
Bangladesh,2000,BGD,0.197,16.438,1.625,2712.935,Asia
Bangladesh,2001,BGD,0.227,20.81,1.831,2803.5547,Asia
Bangladesh,2002,BGD,0.23,16.332,1.454,2866.4346,Asia
Bangladesh,2003,BGD,0.238,15.829,1.353,2958.915,Asia
Bangladesh,2004,BGD,0.252,15.126,1.233,3071.838,Asia
Bangladesh,2005,BGD,0.261,14.753,1.123,3231.6138,Asia
Bangladesh,2006,BGD,0.285,14.768,1.051,3407.4272,Asia
Bangladesh,2007,BGD,0.288,14.827,1.037,3608.9155,Asia
Bangladesh,2008,BGD,0.303,18.246,1.224,3787.9382,Asia
Bangladesh,2009,BGD,0.326,8.342,0.513,3942.1362,Asia
Bangladesh,2010,BGD,0.355,13.754,0.834,4125.464,Asia
Bangladesh,2011,BGD,0.362,17.591,0.995,4352.4263,Asia
Bangladesh,2012,BGD,0.385,16.087,0.846,4592.0483,Asia
Bangladesh,2013,BGD,0.414,15.911,0.813,4822.726,Asia
Bangladesh,2014,BGD,0.428,13.83,0.686,5068.6396,Asia
Bangladesh,2015,BGD,0.483,19.155,0.793,5352.7114,Asia
Bangladesh,2016,BGD,0.508,17.793,0.74,5682.5356,Asia
Bangladesh,2017,BGD,0.534,21.278,0.857,6005.707,Asia
Bangladesh,2018,BGD,0.53,18.625,0.708,6392.5933,Asia
Bangladesh,2019,BGD,0.575,18.707,0.64,6838.326,Asia
Bangladesh,2020,BGD,0.576,17.952,0.653,7015.1978,Asia
Bangladesh,2021,BGD,0.588,19.689,0.671,7441.0693,Asia
Bangladesh,2022,BGD,0.603,20.935,0.693,7888.164,Asia
Bangladesh,2023,BGD,0.61,23.331,0.79,8242.398,Asia
Bangladesh,2024,BGD,0.624,33.367,1.095,8486.785,Asia
Belarus,1990,BLR,10.648,5.454,0.012,12351.636,Europe
Belarus,1991,BLR,10.22,4.905,0.011,12197.788,Europe
Belarus,1992,BLR,9.16,4.622,0.012,11002.602,Europe
Belarus,1993,BLR,7.877,5.153,0.016,10143.984,Europe
Belarus,1994,BLR,6.646,5.159,0.019,8967.73,Europe
Belarus,1995,BLR,5.983,5.448,0.022,8061.196,Europe
Belarus,1996,BLR,6.085,4.373,0.017,8314.856,Europe
Belarus,1997,BLR,6.095,5.763,0.022,9301.327,Europe
Belarus,1998,BLR,5.97,7.716,0.031,10128.156,Europe
Belarus,1999,BLR,5.785,5.257,0.021,10519.749,Europe
Belarus,2000,BLR,5.506,7.507,0.029,11182.455,Europe
Belarus,2001,BLR,5.444,8.339,0.033,11771.087,Europe
Belarus,2002,BLR,5.464,8.047,0.031,12443.933,Europe
Belarus,2003,BLR,5.635,7.783,0.03,13413.927,Europe
Belarus,2004,BLR,5.996,9.468,0.032,15052.118,Europe
Belarus,2005,BLR,6.144,10.288,0.035,16579.873,Europe
Belarus,2006,BLR,6.433,10.669,0.034,18349.871,Europe
Belarus,2007,BLR,6.303,14.587,0.047,20019.611,Europe
Belarus,2008,BLR,6.604,30.525,0.097,22137.947,Europe
Belarus,2009,BLR,6.377,57.285,0.193,22236.838,Europe
Belarus,2010,BLR,6.587,81.432,0.252,24012.613,Europe
Belarus,2011,BLR,6.477,77.555,0.244,25404.756,Europe
Belarus,2012,BLR,6.614,88.457,0.257,25879.133,Europe
Belarus,2013,BLR,6.778,94.87,0.305,26147.625,Europe
Belarus,2014,BLR,6.725,91.899,0.295,26564.436,Europe
Belarus,2015,BLR,6.201,97.224,0.346,25513.213,Europe
Belarus,2016,BLR,6.126,116.31,0.405,24846.83,Europe
Belarus,2017,BLR,6.26,212.389,0.726,25503.98,Europe
Belarus,2018,BLR,6.558,193.067,0.596,26363.463,Europe
Belarus,2019,BLR,6.589,236.446,0.723,26798.82,Europe
Belarus,2020,BLR,6.323,288.922,0.943,26731.496,Europe
Belarus,2021,BLR,6.579,373.496,1.106,27611.18,Europe
Belarus,2022,BLR,6.227,379.215,1.147,26537.508,Europe
Belarus,2023,BLR,6.114,341.217,1.027,27782.438,Europe
Belarus,2024,BLR,6.163,334.648,0.969,29040.973,Europe
Belgium,1990,BEL,12.081,164.601,0.265,41640.06,Europe
Belgium,1991,BEL,12.341,159.287,0.249,42246.074,Europe
Belgium,1992,BEL,12.196,179.833,0.283,42719.047,Europe
Belgium,1993,BEL,12.043,148.083,0.238,42143.195,Europe
Belgium,1994,BEL,12.34,173.165,0.265,43369.277,Europe
Belgium,1995,BEL,12.426,194.038,0.294,44310.63,Europe
Belgium,1996,BEL,12.75,164.159,0.234,44808.523,Europe
Belgium,1997,BEL,12.181,169.801,0.241,46396.004,Europe
Belgium,1998,BEL,12.766,218.852,0.305,47205.31,Europe
Belgium,1999,BEL,12.195,247.718,0.348,48765.766,Europe
Belgium,2000,BEL,12.366,302.117,0.418,50455.734,Europe
Belgium,2001,BEL,12.257,309.718,0.434,50835.4,Europe
Belgium,2002,BEL,12.279,328.617,0.465,51471.85,Europe
Belgium,2003,BEL,12.364,346.072,0.473,51788.844,Europe
Belgium,2004,BEL,12.36,430.583,0.589,53406.69,Europe
Belgium,2005,BEL,11.992,606.539,0.844,54346.895,Europe
Belgium,2006,BEL,11.746,843.439,1.178,55367.62,Europe
Belgium,2007,BEL,11.34,986.438,1.378,56983.46,Europe
Belgium,2008,BEL,11.224,1239.667,1.718,56787.74,Europe
Belgium,2009,BEL,9.97,1644.009,2.494,55258.707,Europe
Belgium,2010,BEL,10.475,2175.545,3.125,56240.203,Europe
Belgium,2011,BEL,9.526,2562.143,3.983,56585.3,Europe
Belgium,2012,BEL,9.227,3065.728,4.996,56356.824,Europe
Belgium,2013,BEL,9.213,3302.094,5.28,56263.176,Europe
Belgium,2014,BEL,8.66,3429.2,5.938,57002.91,Europe
Belgium,2015,BEL,8.987,3800.975,6.551,57509.023,Europe
Belgium,2016,BEL,8.808,3898.403,6.264,57901.496,Europe
Belgium,2017,BEL,8.727,4266.12,6.819,58529.332,Europe
Belgium,2018,BEL,8.772,4514.539,7.262,59357.69,Europe
Belgium,2019,BEL,8.685,4959.01,7.77,60479.977,Europe
Belgium,2020,BEL,7.908,5970.694,10.457,57333.543,Europe
Belgium,2021,BEL,8.204,5827.848,9.202,60669.215,Europe
Belgium,2022,BEL,7.638,6178.421,10.436,62561.78,Europe
Belgium,2023,BEL,7.232,6688.11,12.149,63095.402,Europe
Belgium,2024,BEL,7.28,6236.943,11.454,63347.785,Europe
Brazil,1990,BRA,1.466,4425.613,43.267,12633.288,South America
Brazil,1991,BRA,1.512,4564.309,43.701,12546.561,South America
Brazil,1992,BRA,1.514,4598.295,44.017,12271.979,South America
Brazil,1993,BRA,1.558,4759.602,44.217,12669.429,South America
Brazil,1994,BRA,1.595,4863.222,43.932,13202.931,South America
Brazil,1995,BRA,1.661,5006.808,43.373,13550.439,South America
Brazil,1996,BRA,1.762,5171.377,42.834,13641.63,South America
Brazil,1997,BRA,1.842,5307.014,42.148,13896.625,South America
Brazil,1998,BRA,1.876,5432.984,42.033,13737.703,South America
Brazil,1999,BRA,1.907,5396.396,41.786,13602.414,South America
Brazil,2000,BRA,1.955,5431.651,40.939,14005.348,South America
Brazil,2001,BRA,1.963,4757.029,37.181,14016.132,South America
Brazil,2002,BRA,1.948,4999.102,38.819,14265.905,South America
Brazil,2003,BRA,1.908,5220.481,40.449,14259.366,South America
Brazil,2004,BRA,1.979,5417.239,40.444,14911.261,South America
Brazil,2005,BRA,1.973,5605.208,41.27,15221.014,South America
Brazil,2006,BRA,1.976,5687.245,41.147,15657.4795,South America
Brazil,2007,BRA,2.071,6157.509,42.285,16440.584,South America
Brazil,2008,BRA,2.168,6241.243,41.389,17113.367,South America
Brazil,2009,BRA,2.029,6568.738,44.157,16939.441,South America
Brazil,2010,BRA,2.273,6838.134,42.505,18062.158,South America
Brazil,2011,BRA,2.365,7032.775,42.378,18627.81,South America
Brazil,2012,BRA,2.527,6821.538,40.259,18832.219,South America
Brazil,2013,BRA,2.678,6638.316,38.407,19241.506,South America
Brazil,2014,BRA,2.781,6586.642,37.566,19183.172,South America
Brazil,2015,BRA,2.619,6659.638,38.708,18357.068,South America
Brazil,2016,BRA,2.42,6906.225,41.536,17620.928,South America
Brazil,2017,BRA,2.429,6871.597,41.294,17724.48,South America
Brazil,2018,BRA,2.312,7305.303,44.126,17917.75,South America
Brazil,2019,BRA,2.298,7596.836,45.178,18018.621,South America
Brazil,2020,BRA,2.147,7552.618,47.116,17327.516,South America
Brazil,2021,BRA,2.37,7309.751,43.673,18075.705,South America
Brazil,2022,BRA,2.283,8263.67,47.66,18554.047,South America
Brazil,2023,BRA,2.292,8713.017,48.95,19079.812,South America
Brazil,2024,BRA,2.278,8954.191,49.616,19652.365,South America
Bulgaria,1990,BGR,8.687,513.216,1.401,14229.702,Europe
Bulgaria,1991,BGR,7.075,724.488,2.41,13157.626,Europe
Bulgaria,1992,BGR,6.701,617.602,2.148,12332.477,Europe
Bulgaria,1993,BGR,6.896,586.295,1.891,12247.233,Europe
Bulgaria,1994,BGR,6.699,427.71,1.426,12512.308,Europe
Bulgaria,1995,BGR,6.93,722.565,2.226,12932.278,Europe
Bulgaria,1996,BGR,7.051,967.535,2.968,13675.803,Europe
Bulgaria,1997,BGR,6.791,920.844,2.96,11817.135,Europe
Bulgaria,1998,BGR,6.526,1047.189,3.469,12347.019,Europe
Bulgaria,1999,BGR,5.748,940.678,3.516,11373.94,Europe
Bulgaria,2000,BGR,5.687,913.482,3.386,11954.587,Europe
Bulgaria,2001,BGR,6.183,575.241,2.044,12661.241,Europe
Bulgaria,2002,BGR,5.869,737.382,2.681,13698.857,Europe
Bulgaria,2003,BGR,6.47,1045.661,3.646,14530.935,Europe
Bulgaria,2004,BGR,6.392,1098.013,3.931,15594.222,Europe
Bulgaria,2005,BGR,6.576,1502.857,4.937,16820.785,Europe
Bulgaria,2006,BGR,6.785,1481.388,4.738,18102.0,Europe
Bulgaria,2007,BGR,7.338,1008.426,3.307,19449.059,Europe
Bulgaria,2008,BGR,7.169,1029.703,3.391,20786.594,Europe
Bulgaria,2009,BGR,6.11,1298.417,4.846,20220.697,Europe
Bulgaria,2010,BGR,6.429,2045.108,7.258,20670.826,Europe
Bulgaria,2011,BGR,7.198,1395.782,4.618,21238.635,Europe
Bulgaria,2012,BGR,6.598,1985.162,6.861,21521.973,Europe
Bulgaria,2013,BGR,5.862,2617.215,9.694,21841.285,Europe
Bulgaria,2014,BGR,6.253,2793.733,9.634,22318.072,Europe
Bulgaria,2015,BGR,6.705,3343.696,10.787,23371.549,Europe
Bulgaria,2016,BGR,6.362,2775.302,9.37,24393.56,Europe
Bulgaria,2017,BGR,6.706,2468.908,8.073,25397.414,Europe
Bulgaria,2018,BGR,6.193,3730.516,12.096,26348.1,Europe
Bulgaria,2019,BGR,6.049,3119.381,10.38,27736.375,Europe
Bulgaria,2020,BGR,5.274,3103.907,11.122,27138.148,Europe
Bulgaria,2021,BGR,6.16,4227.53,13.231,29457.71,Europe
Bulgaria,2022,BGR,6.876,4006.276,12.026,30860.877,Europe
Bulgaria,2023,BGR,5.077,4096.279,14.288,31469.861,Europe
Bulgaria,2024,BGR,4.679,4606.557,16.425,32561.914,Europe
Canada,1990,CAN,16.482,30000.756,28.252,40475.113,North America
Canada,1991,CAN,15.974,30755.941,29.252,39139.312,North America
Canada,1992,CAN,16.259,31214.236,29.262,39023.184,North America
Canada,1993,CAN,16.096,31572.711,29.209,39622.48,North America
Canada,1994,CAN,16.415,31865.475,28.705,40952.137,North America
Canada,1995,CAN,16.678,32262.453,28.664,41617.723,North America
Canada,1996,CAN,17.058,33886.051,29.629,41880.55,North America
Canada,1997,CAN,17.366,33077.242,29.044,43241.242,North America
Canada,1998,CAN,17.462,31276.115,28.09,44553.28,North America
Canada,1999,CAN,17.774,32295.037,28.364,46464.547,North America
Canada,2000,CAN,18.344,33057.09,28.536,48399.305,North America
Canada,2001,CAN,17.908,30388.578,27.032,48774.168,North America
Canada,2002,CAN,17.893,31425.666,27.335,49695.008,North America
Canada,2003,CAN,18.255,29807.42,26.02,50139.785,North America
Canada,2004,CAN,17.935,29626.947,25.7,51210.68,North America
Canada,2005,CAN,17.583,31068.244,27.043,52356.56,North America
Canada,2006,CAN,17.287,29920.072,27.208,53195.78,North America
Canada,2007,CAN,17.828,30871.58,26.53,53761.863,North America
Canada,2008,CAN,17.167,31101.635,27.374,53711.68,North America
Canada,2009,CAN,15.997,30221.305,27.993,51552.42,North America
Canada,2010,CAN,16.209,28687.912,26.567,52558.44,North America
Canada,2011,CAN,16.288,30384.727,27.419,53681.13,North America
Canada,2012,CAN,16.086,30567.82,27.863,54034.805,North America
Canada,2013,CAN,16.11,30892.877,27.745,54712.18,North America
Canada,2014,CAN,15.854,29860.582,27.026,55723.484,North America
Canada,2015,CAN,15.655,30453.926,27.733,55660.867,North America
Canada,2016,CAN,15.231,30513.07,28.46,55606.156,North America
Canada,2017,CAN,15.395,30754.025,28.65,56612.33,North America
Canada,2018,CAN,15.42,29742.834,27.664,57337.492,North America
Canada,2019,CAN,15.325,28917.936,27.407,57583.848,North America
Canada,2020,CAN,13.733,29033.365,29.457,54092.88,North America
Canada,2021,CAN,13.977,28705.746,29.113,56995.117,North America
Canada,2022,CAN,14.107,29583.107,29.497,58321.062,North America
Canada,2023,CAN,13.88,27060.777,27.858,57517.44,North America
Canada,2024,CAN,13.42,26117.027,27.157,56706.824,North America
Chile,1990,CHL,2.449,2072.36,18.081,10952.655,South America
Chile,1991,CHL,2.261,2906.943,23.018,11607.53,South America
Chile,1992,CHL,2.305,3741.366,27.187,12735.602,South America
Chile,1993,CHL,2.418,3779.152,26.38,13377.306,South America
Chile,1994,CHL,2.653,3685.537,24.851,13846.349,South America
Chile,1995,CHL,2.861,3925.081,24.921,14908.035,South America
Chile,1996,CHL,3.273,3549.737,21.55,15744.738,South America
Chile,1997,CHL,3.746,3888.631,20.921,16683.906,South America
Chile,1998,CHL,3.785,3166.242,17.196,17156.973,South America
Chile,1999,CHL,4.009,2757.639,14.538,16896.125,South America
Chile,2000,CHL,3.773,3695.884,18.856,17525.271,South America
Chile,2001,CHL,3.374,4155.116,21.061,17870.3,South America
Chile,2002,CHL,3.458,4358.125,21.834,18240.201,South America
Chile,2003,CHL,3.438,4175.072,21.012,18902.871,South America
Chile,2004,CHL,3.658,3903.542,18.554,19961.984,South America
Chile,2005,CHL,3.738,4548.591,21.083,20918.527,South America
Chile,2006,CHL,3.88,4841.659,21.915,21968.537,South America
Chile,2007,CHL,4.227,4070.163,18.572,22878.883,South America
Chile,2008,CHL,4.19,4474.174,20.647,23509.781,South America
Chile,2009,CHL,3.878,4520.578,21.976,23013.582,South America
Chile,2010,CHL,4.153,3968.026,18.941,24116.77,South America
Chile,2011,CHL,4.499,3889.618,17.672,25366.27,South America
Chile,2012,CHL,4.545,4093.518,17.976,26670.498,South America
Chile,2013,CHL,4.621,4176.792,18.024,27291.357,South America
Chile,2014,CHL,4.343,4426.256,19.519,27505.049,South America
Chile,2015,CHL,4.531,4764.74,21.0,27811.375,South America
Chile,2016,CHL,4.612,4546.351,19.341,27958.729,South America
Chile,2017,CHL,4.533,5140.249,21.426,27892.994,South America
Chile,2018,CHL,4.469,5737.569,23.426,28492.662,South America
Chile,2019,CHL,4.791,5498.917,22.541,28218.535,South America
Chile,2020,CHL,4.139,5607.275,24.874,26248.562,South America
Chile,2021,CHL,4.298,5670.241,23.421,29089.85,South America
Chile,2022,CHL,4.385,6624.364,26.079,29569.479,South America
Chile,2023,CHL,3.948,7551.206,30.347,29563.678,South America
Chile,2024,CHL,3.983,8320.069,32.254,30182.787,South America
China,1990,CHN,2.153,305.377,4.45,1666.9277,Asia
China,1991,CHN,2.237,296.03,4.168,1798.2761,Asia
China,1992,CHN,2.306,307.067,4.157,2030.3864,Asia
China,1993,CHN,2.434,353.093,4.483,2286.7598,Asia
China,1994,CHN,2.559,386.763,4.668,2556.6406,Asia
China,1995,CHN,2.747,443.016,5.239,2808.034,Asia
China,1996,CHN,2.843,428.301,4.849,3055.9697,Asia
China,1997,CHN,2.83,445.941,5.057,3305.7905,Asia
China,1998,CHN,2.682,448.695,5.119,3533.566,Asia
China,1999,CHN,2.817,440.648,4.893,3774.1377,Asia
China,2000,CHN,2.87,494.205,5.336,4066.0364,Asia
China,2001,CHN,2.912,607.195,6.251,4372.157,Asia
China,2002,CHN,3.185,622.486,5.922,4744.3984,Asia
China,2003,CHN,3.735,609.123,5.001,5192.006,Asia
China,2004,CHN,4.002,749.292,5.289,5684.169,Asia
China,2005,CHN,4.49,837.932,5.239,6298.323,Asia
China,2006,CHN,4.921,917.823,5.267,7057.1,Asia
China,2007,CHN,5.261,1017.971,5.407,8013.716,Asia
China,2008,CHN,5.617,1334.688,6.872,8743.745,Asia
China,2009,CHN,5.871,1321.505,6.56,9518.433,Asia
China,2010,CHN,6.37,1539.434,7.195,10476.3125,Asia
China,2011,CHN,6.999,1536.1,6.697,11405.018,Asia
China,2012,CHN,7.132,1911.994,8.068,12217.8545,Asia
China,2013,CHN,7.21,2068.756,8.474,13080.829,Asia
China,2014,CHN,7.188,2409.527,9.69,13968.581,Asia
China,2015,CHN,7.061,2569.688,10.278,14856.78,Asia
China,2016,CHN,6.943,2771.958,11.113,15772.765,Asia
China,2017,CHN,7.08,3004.447,11.666,16757.973,Asia
China,2018,CHN,7.292,3283.339,12.224,17806.791,Asia
China,2019,CHN,7.526,3579.899,12.786,18820.514,Asia
China,2020,CHN,7.641,3864.766,13.396,19215.154,Asia
China,2021,CHN,7.911,4325.467,14.195,20843.297,Asia
China,2022,CHN,8.218,4710.262,15.218,21499.383,Asia
China,2023,CHN,8.556,5079.972,15.505,22687.076,Asia
China,2024,CHN,8.658,5967.699,17.472,23845.62,Asia
Colombia,1990,COL,1.753,2380.81,31.201,9998.811,South America
Colombia,1991,COL,1.71,2352.306,30.631,9996.098,South America
Colombia,1992,COL,1.817,1864.69,23.802,10196.433,South America
Colombia,1993,COL,1.837,2281.972,27.369,10533.115,South America
Colombia,1994,COL,1.907,2574.588,29.116,10927.938,South America
Colombia,1995,COL,1.658,2523.416,28.416,11279.0,South America
Colombia,1996,COL,1.635,2730.765,30.151,11303.131,South America
Colombia,1997,COL,1.754,2395.993,26.432,11483.505,South America
Colombia,1998,COL,1.735,2306.488,25.565,11343.88,South America
Colombia,1999,COL,1.438,2471.497,30.0,10679.709,South America
Colombia,2000,COL,1.438,2229.584,28.239,10813.494,South America
Colombia,2001,COL,1.422,2239.79,28.572,10823.45,South America
Colombia,2002,COL,1.374,2346.211,30.439,10925.148,South America
Colombia,2003,COL,1.393,2446.112,31.64,11183.291,South America
Colombia,2004,COL,1.308,2539.462,31.689,11607.938,South America
Colombia,2005,COL,1.43,2547.537,32.783,11999.255,South America
Colombia,2006,COL,1.463,2743.792,30.936,12636.625,South America
Colombia,2007,COL,1.403,2799.936,31.46,13318.304,South America
Colombia,2008,COL,1.531,2861.798,31.267,13591.061,South America
Colombia,2009,COL,1.621,2578.977,28.771,13586.752,South America
Colombia,2010,COL,1.685,2555.523,27.404,14037.064,South America
Colombia,2011,COL,1.661,3019.007,31.371,14852.37,South America
Colombia,2012,COL,1.721,2945.698,29.023,15279.479,South America
Colombia,2013,COL,1.873,2717.605,26.267,15912.247,South America
Colombia,2014,COL,1.977,2734.253,25.308,16480.363,South America
Colombia,2015,COL,1.938,2703.265,25.545,16821.38,South America
Colombia,2016,COL,1.931,2778.37,24.363,17003.244,South America
Colombia,2017,COL,1.734,3264.696,28.787,16986.033,South America
Colombia,2018,COL,1.852,3200.266,27.908,17104.13,South America
Colombia,2019,COL,1.983,3027.786,26.754,17336.771,South America
Colombia,2020,COL,1.823,2729.87,27.111,15861.5,South America
Colombia,2021,COL,2.027,3224.22,29.666,17383.09,South America
Colombia,2022,COL,1.729,3386.844,28.384,18458.72,South America
Colombia,2023,COL,1.72,3170.562,27.398,18382.998,South America
Colombia,2024,COL,1.752,2995.359,26.093,18477.215,South America
Croatia,1990,HRV,4.733,2257.567,10.903,22264.836,Europe
Croatia,1991,HRV,3.523,3187.316,18.574,17900.506,Europe
Croatia,1992,HRV,3.425,2530.111,15.173,16194.747,Europe
Croatia,1993,HRV,3.554,2684.656,15.264,14815.23,Europe
Croatia,1994,HRV,3.434,3232.946,18.019,15511.109,Europe
Croatia,1995,HRV,3.64,3423.347,18.212,16672.887,Europe
Croatia,1996,HRV,3.8,4793.417,23.558,17935.748,Europe
Croatia,1997,HRV,4.122,3610.192,17.617,19135.143,Europe
Croatia,1998,HRV,4.283,3768.665,17.157,19578.027,Europe
Croatia,1999,HRV,4.579,4647.123,20.22,19495.918,Europe
Croatia,2000,HRV,4.543,4144.108,18.794,20269.08,Europe
Croatia,2001,HRV,4.83,4611.717,19.785,21719.521,Europe
Croatia,2002,HRV,5.09,3723.187,15.94,22966.451,Europe
Croatia,2003,HRV,5.393,3453.096,14.114,24238.408,Europe
Croatia,2004,HRV,5.302,4799.53,18.938,25242.223,Europe
Croatia,2005,HRV,5.4,4400.441,17.569,26300.592,Europe
Croatia,2006,HRV,5.444,4119.209,16.644,27627.291,Europe
Croatia,2007,HRV,5.747,2929.811,11.745,29028.611,Europe
Croatia,2008,HRV,5.45,3583.833,14.47,29604.826,Europe
Croatia,2009,HRV,5.046,4579.617,18.759,27617.043,Europe
Croatia,2010,HRV,4.877,5633.829,22.716,27309.94,Europe
Croatia,2011,HRV,4.816,3215.896,14.713,27374.002,Europe
Croatia,2012,HRV,4.473,3273.425,16.074,26888.752,Europe
Croatia,2013,HRV,4.337,5695.11,25.559,27020.545,Europe
Croatia,2014,HRV,4.183,6095.598,27.249,27076.57,Europe
Croatia,2015,HRV,4.253,4648.833,21.651,28037.549,Europe
Croatia,2016,HRV,4.371,5146.779,22.794,29326.32,Europe
Croatia,2017,HRV,4.587,4443.053,19.346,30779.994,Europe
Croatia,2018,HRV,4.396,6229.668,25.936,32093.988,Europe
Croatia,2019,HRV,4.47,5523.465,23.27,33419.375,Europe
Croatia,2020,HRV,4.267,5710.334,25.033,30917.37,Europe
Croatia,2021,HRV,4.434,7078.805,28.683,35139.145,Europe
Croatia,2022,HRV,4.501,5897.55,25.053,37930.586,Europe
Croatia,2023,HRV,4.74,7844.346,29.586,39316.152,Europe
Croatia,2024,HRV,4.765,7278.627,27.778,40751.957,Europe
Cyprus,1990,CYP,5.896,0.0,0.0,26324.797,Europe
Cyprus,1991,CYP,6.429,0.0,0.0,25841.805,Europe
Cyprus,1992,CYP,6.798,0.0,0.0,27528.715,Europe
Cyprus,1993,CYP,6.964,0.0,0.0,27060.002,Europe
Cyprus,1994,CYP,7.097,0.0,0.0,28069.936,Europe
Cyprus,1995,CYP,6.799,0.0,0.0,29870.773,Europe
Cyprus,1996,CYP,7.061,0.0,0.0,29765.502,Europe
Cyprus,1997,CYP,7.022,0.0,0.0,30121.574,Europe
Cyprus,1998,CYP,7.213,0.0,0.0,31572.766,Europe
Cyprus,1999,CYP,7.37,0.0,0.0,32781.875,Europe
Cyprus,2000,CYP,7.499,0.0,0.0,34369.88,Europe
Cyprus,2001,CYP,7.239,0.0,0.0,35345.34,Europe
Cyprus,2002,CYP,7.308,0.0,0.0,36243.496,Europe
Cyprus,2003,CYP,7.564,0.0,0.0,36744.973,Europe
Cyprus,2004,CYP,7.65,2.01,0.007,38079.086,Europe
Cyprus,2005,CYP,7.674,2.389,0.007,39356.164,Europe
Cyprus,2006,CYP,7.761,3.9,0.012,40529.47,Europe
Cyprus,2007,CYP,7.9,18.823,0.058,41698.445,Europe
Cyprus,2008,CYP,7.966,193.215,0.588,42147.43,Europe
Cyprus,2009,CYP,7.606,243.854,0.773,40204.23,Europe
Cyprus,2010,CYP,7.157,330.528,1.095,40060.457,Europe
Cyprus,2011,CYP,6.797,587.814,2.0,39214.004,Europe
Cyprus,2012,CYP,6.231,750.603,2.771,37289.62,Europe
Cyprus,2013,CYP,5.556,877.477,3.68,34873.137,Europe
Cyprus,2014,CYP,5.766,791.75,3.369,34353.93,Europe
Cyprus,2015,CYP,5.701,947.506,3.967,35451.582,Europe
Cyprus,2016,CYP,5.941,971.309,3.794,37585.184,Europe
Cyprus,2017,CYP,5.955,972.745,3.751,39409.348,Europe
Cyprus,2018,CYP,5.764,1015.533,3.984,41399.934,Europe
Cyprus,2019,CYP,5.693,1116.579,4.432,43249.793,Europe
Cyprus,2020,CYP,5.301,1382.964,6.388,41297.48,Europe
Cyprus,2021,CYP,5.276,1667.171,7.388,45322.543,Europe
Cyprus,2022,CYP,5.311,1839.98,7.765,48168.504,Europe
Cyprus,2023,CYP,5.344,2200.973,9.266,48958.18,Europe
Cyprus,2024,CYP,5.374,2634.941,10.795,50082.72,Europe
Czechia,1990,CZE,15.944,313.046,0.591,27918.137,Europe
Czechia,1991,CZE,14.449,293.563,0.609,24734.77,Europe
Czechia,1992,CZE,14.129,379.573,0.812,24584.33,Europe
Czechia,1993,CZE,13.578,421.354,0.91,24573.992,Europe
Czechia,1994,CZE,12.853,497.957,1.104,25279.791,Europe
Czechia,1995,CZE,12.764,679.875,1.445,26869.02,Europe
Czechia,1996,CZE,13.114,644.613,1.323,28021.67,Europe
Czechia,1997,CZE,12.737,645.697,1.379,27884.74,Europe
Czechia,1998,CZE,12.247,596.237,1.31,27801.44,Europe
Czechia,1999,CZE,11.381,711.628,1.629,28213.455,Europe
Czechia,2000,CZE,12.429,705.181,1.525,29427.406,Europe
Czechia,2001,CZE,12.428,765.526,1.618,30399.873,Europe
Czechia,2002,CZE,12.109,892.457,1.884,30919.549,Europe
Czechia,2003,CZE,12.449,586.99,1.173,31949.297,Europe
Czechia,2004,CZE,12.504,788.203,1.538,33452.34,Europe
Czechia,2005,CZE,12.229,853.339,1.695,35535.746,Europe
Czechia,2006,CZE,12.279,973.421,1.902,37786.88,Europe
Czechia,2007,CZE,12.417,952.386,1.887,39629.008,Europe
Czechia,2008,CZE,11.845,1139.389,2.311,40328.344,Europe
Czechia,2009,CZE,11.033,1479.038,3.141,38175.14,Europe
Czechia,2010,CZE,11.226,1836.23,3.759,39097.387,Europe
Czechia,2011,CZE,10.974,2258.142,4.745,39708.164,Europe
Czechia,2012,CZE,10.59,2458.282,5.199,39347.05,Europe
Czechia,2013,CZE,10.152,2790.276,6.019,39317.555,Europe
Czechia,2014,CZE,9.911,2827.414,6.231,40158.016,Europe
Czechia,2015,CZE,9.976,2865.044,6.44,42066.574,Europe
Czechia,2016,CZE,10.125,2851.625,6.502,43069.465,Europe
Czechia,2017,CZE,10.22,2922.103,6.312,45177.523,Europe
Czechia,2018,CZE,10.079,2849.195,6.179,46301.082,Europe
Czechia,2019,CZE,9.569,3035.644,6.744,47763.617,Europe
Czechia,2020,CZE,8.688,3143.186,7.539,45119.938,Europe
Czechia,2021,CZE,9.176,3204.014,7.275,47796.035,Europe
Czechia,2022,CZE,8.905,3133.652,7.496,48390.66,Europe
Czechia,2023,CZE,7.7,3167.616,8.386,47558.41,Europe
Czechia,2024,CZE,7.044,3541.2,9.746,47963.9,Europe
Denmark,1990,DNK,10.402,472.533,1.204,46200.477,Europe
Denmark,1991,DNK,12.437,627.774,1.391,46752.67,Europe
Denmark,1992,DNK,11.279,821.416,1.949,47540.926,Europe
Denmark,1993,DNK,11.674,1006.847,2.261,47345.414,Europe
Denmark,1994,DNK,12.422,968.225,2.034,49684.137,Europe
Denmark,1995,DNK,11.781,1027.221,2.209,50927.547,Europe
Denmark,1996,DNK,14.231,1151.929,2.093,52106.562,Europe
Denmark,1997,DNK,12.382,1603.764,3.228,53534.613,Europe
Denmark,1998,DNK,11.545,2126.448,4.456,54581.414,Europe
Denmark,1999,DNK,11.021,2371.869,5.143,56015.355,Europe
Denmark,2000,DNK,10.17,2983.262,6.759,57907.504,Europe
Denmark,2001,DNK,10.431,3116.031,7.065,58248.555,Europe
Denmark,2002,DNK,10.334,3594.583,8.197,58327.83,Europe
Denmark,2003,DNK,11.25,4267.713,9.054,58425.965,Europe
Denmark,2004,DNK,10.195,4998.214,11.24,59893.094,Europe
Denmark,2005,DNK,9.509,5123.191,11.955,61137.68,Europe
Denmark,2006,DNK,10.943,4788.764,10.242,63262.742,Europe
Denmark,2007,DNK,10.017,5295.982,11.953,63604.562,Europe
Denmark,2008,DNK,9.33,5140.143,12.095,62968.16,Europe
Denmark,2009,DNK,8.845,5103.104,12.844,59516.508,Europe
Denmark,2010,DNK,8.866,6323.977,14.973,60190.633,Europe
Denmark,2011,DNK,7.941,7283.569,18.525,60729.055,Europe
Denmark,2012,DNK,7.128,7716.608,21.232,60497.69,Europe
Denmark,2013,DNK,7.437,8152.597,21.856,61085.03,Europe
Denmark,2014,DNK,6.657,9013.272,25.305,61552.8,Europe
Denmark,2015,DNK,6.177,9334.219,27.025,62405.715,Europe
Denmark,2016,DNK,6.445,9036.45,26.005,63823.45,Europe
Denmark,2017,DNK,6.013,10584.267,30.501,65352.4,Europe
Denmark,2018,DNK,5.973,10008.392,29.38,66238.7,Europe
Denmark,2019,DNK,5.323,11090.295,30.183,67131.47,Europe
Denmark,2020,DNK,4.853,11238.187,34.672,65744.44,Europe
Denmark,2021,DNK,5.055,12497.036,38.81,69715.18,Europe
Denmark,2022,DNK,4.929,13167.903,40.792,69475.32,Europe
Denmark,2023,DNK,4.847,13156.062,40.938,69379.22,Europe
Denmark,2024,DNK,4.746,13416.325,41.722,71431.29,Europe
Ecuador,1990,ECU,1.575,1322.545,17.296,9104.816,South America
Ecuador,1991,ECU,1.514,1317.444,15.927,9292.618,South America
Ecuador,1992,ECU,2.013,1263.984,15.684,9291.371,South America
Ecuador,1993,ECU,2.163,1446.912,17.698,9284.315,South America
Ecuador,1994,ECU,1.261,1603.637,18.394,9494.175,South America
Ecuador,1995,ECU,2.03,1236.775,15.267,9525.177,South America
Ecuador,1996,ECU,2.145,1491.886,16.502,9509.275,South America
Ecuador,1997,ECU,1.618,1508.627,15.246,9739.267,South America
Ecuador,1998,ECU,1.887,1475.162,15.101,9876.751,South America
Ecuador,1999,ECU,1.764,1598.562,18.299,9242.967,South America
Ecuador,2000,ECU,1.651,1666.164,20.573,9183.052,South America
Ecuador,2001,ECU,1.815,1512.864,18.737,9405.117,South America
Ecuador,2002,ECU,1.892,1569.01,20.06,9697.556,South America
Ecuador,2003,ECU,2.028,1463.111,18.572,9802.814,South America
Ecuador,2004,ECU,2.154,1476.705,17.818,10290.663,South America
Ecuador,2005,ECU,2.214,1359.451,15.75,10660.205,South America
Ecuador,2006,ECU,2.114,1385.597,15.435,10933.49,South America
Ecuador,2007,ECU,2.4,1725.375,18.628,10952.822,South America
Ecuador,2008,ECU,2.092,2089.568,21.549,11474.525,South America
Ecuador,2009,ECU,2.281,1679.4,18.011,11403.527,South America
Ecuador,2010,ECU,2.419,1543.154,15.137,11665.698,South America
Ecuador,2011,ECU,2.511,1940.662,18.275,12449.078,South America
Ecuador,2012,ECU,2.408,2087.352,18.909,12961.026,South America
Ecuador,2013,ECU,2.511,1856.248,16.519,13689.152,South America
Ecuador,2014,ECU,2.729,1914.7,16.451,14064.799,South America
Ecuador,2015,ECU,2.539,2143.324,18.756,13881.57,South America
Ecuador,2016,ECU,2.386,2529.782,22.601,13586.516,South America
Ecuador,2017,ECU,2.339,3112.667,27.196,14179.153,South America
Ecuador,2018,ECU,2.255,3124.729,26.236,14083.507,South America
Ecuador,2019,ECU,2.312,3632.526,30.382,13870.489,South America
Ecuador,2020,ECU,1.851,3531.984,34.624,12440.326,South America
Ecuador,2021,ECU,2.159,3661.975,31.038,13507.444,South America
Ecuador,2022,ECU,2.36,3492.379,28.426,14186.639,South America
Ecuador,2023,ECU,2.481,3549.655,27.974,14343.019,South America
Ecuador,2024,ECU,2.535,3177.811,25.358,13935.539,South America
Egypt,1990,EGY,1.248,473.439,7.097,8006.6216,Africa
Egypt,1991,EGY,1.24,458.852,6.979,7876.5527,Africa
Egypt,1992,EGY,1.259,442.777,6.965,8034.5625,Africa
Egypt,1993,EGY,1.444,445.592,7.168,8079.0547,Africa
Egypt,1994,EGY,1.361,463.556,7.245,8221.047,Africa
Egypt,1995,EGY,1.492,473.536,7.134,8423.578,Africa
Egypt,1996,EGY,1.448,475.92,6.947,8662.331,Africa
Egypt,1997,EGY,1.621,477.808,6.835,8950.654,Africa
Egypt,1998,EGY,1.777,480.727,6.75,9245.479,Africa
Egypt,1999,EGY,1.776,522.477,6.992,9588.859,Africa
Egypt,2000,EGY,1.954,541.95,6.998,9981.628,Africa
Egypt,2001,EGY,1.693,540.016,6.824,10117.333,Africa
Egypt,2002,EGY,1.684,510.578,6.405,10143.506,Africa
Egypt,2003,EGY,1.926,462.897,5.599,10250.377,Africa
Egypt,2004,EGY,1.911,454.751,5.317,10451.821,Africa
Egypt,2005,EGY,2.058,436.039,5.073,10700.609,Africa
Egypt,2006,EGY,2.157,432.932,4.876,11211.832,Africa
Egypt,2007,EGY,2.245,469.616,5.061,11782.006,Africa
Egypt,2008,EGY,2.281,492.5,5.101,12391.585,Africa
Egypt,2009,EGY,2.346,444.293,4.525,12728.081,Africa
Egypt,2010,EGY,2.273,420.096,4.198,13128.988,Africa
Egypt,2011,EGY,2.434,418.902,4.063,13082.427,Africa
Egypt,2012,EGY,2.281,411.324,3.92,13076.806,Africa
Egypt,2013,EGY,2.298,398.078,3.909,13058.075,Africa
Egypt,2014,EGY,2.33,384.951,3.913,13136.365,Africa
Egypt,2015,EGY,2.276,397.043,4.062,13425.912,Africa
Egypt,2016,EGY,2.412,391.249,3.87,13727.32,Africa
Egypt,2017,EGY,2.443,373.691,3.627,14018.36,Africa
Egypt,2018,EGY,2.289,387.53,3.832,14488.209,Africa
Egypt,2019,EGY,2.176,450.841,4.638,15026.568,Africa
Egypt,2020,EGY,2.253,536.773,5.968,15309.236,Africa
Egypt,2021,EGY,2.405,562.972,5.908,15579.016,Africa
Egypt,2022,EGY,2.219,558.681,5.687,16360.391,Africa
Egypt,2023,EGY,2.185,553.096,5.804,16691.387,Africa
Egypt,2024,EGY,2.217,556.239,5.778,16798.152,Africa
Estonia,1990,EST,23.503,0.0,0.0,19163.229,Europe
Estonia,1991,EST,21.806,0.0,0.0,17718.955,Europe
Estonia,1992,EST,15.85,0.0,0.0,14225.231,Europe
Estonia,1993,EST,12.918,0.0,0.0,13758.295,Europe
Estonia,1994,EST,13.579,0.0,0.0,13824.843,Europe
Estonia,1995,EST,12.427,12.906,0.03,14710.969,Europe
Estonia,1996,EST,13.267,10.891,0.024,15667.591,Europe
Estonia,1997,EST,13.136,17.587,0.038,17915.453,Europe
Estonia,1998,EST,11.999,26.573,0.064,18873.375,Europe
Estonia,1999,EST,11.349,36.86,0.096,18737.898,Europe
Estonia,2000,EST,11.074,132.973,0.335,20528.57,Europe
Estonia,2001,EST,11.432,64.251,0.154,21874.695,Europe
Estonia,2002,EST,11.134,75.069,0.18,23539.906,Europe
Estonia,2003,EST,12.584,96.837,0.211,25487.533,Europe
Estonia,2004,EST,12.712,130.754,0.278,27384.084,Europe
Estonia,2005,EST,12.614,227.007,0.477,30164.006,Europe
Estonia,2006,EST,12.205,275.798,0.583,33304.594,Europe
Estonia,2007,EST,14.866,312.401,0.568,35989.863,Europe
Estonia,2008,EST,13.324,441.856,0.871,34236.95,Europe
Estonia,2009,EST,10.794,1196.797,2.722,29284.404,Europe
Estonia,2010,EST,14.244,2402.973,4.38,30070.299,Europe
Estonia,2011,EST,14.275,2659.8,4.847,32456.121,Europe
Estonia,2012,EST,13.429,3327.022,6.0,33768.574,Europe
Estonia,2013,EST,14.898,2759.502,4.703,34484.223,Europe
Estonia,2014,EST,14.29,3165.217,5.622,35723.625,Europe
Estonia,2015,EST,12.004,3466.94,6.658,36356.44,Europe
Estonia,2016,EST,13.248,3491.503,6.508,37470.043,Europe
Estonia,2017,EST,14.131,4100.069,6.9,39533.465,Europe
Estonia,2018,EST,13.465,4582.517,7.798,40853.65,Europe
Estonia,2019,EST,9.261,4891.178,10.376,42218.96,Europe
Estonia,2020,EST,6.918,6746.387,15.352,40920.527,Europe
Estonia,2021,EST,7.802,6565.309,14.297,44251.54,Europe
Estonia,2022,EST,8.863,6179.36,13.241,43128.633,Europe
Estonia,2023,EST,6.396,5855.083,14.305,41288.617,Europe
Estonia,2024,EST,6.105,7299.87,17.946,41189.668,Europe
Finland,1990,FIN,11.415,9280.447,14.47,38807.117,Europe
Finland,1991,FIN,11.008,10427.364,15.994,36326.082,Europe
Finland,1992,FIN,10.764,11391.946,17.648,34926.383,Europe
Finland,1993,FIN,11.116,11065.631,17.067,34486.754,Europe
Finland,1994,FIN,12.133,10409.118,15.338,35699.72,Europe
Finland,1995,FIN,11.379,11078.025,17.208,37069.63,Europe
Finland,1996,FIN,12.496,10026.09,14.945,38301.51,Europe
Finland,1997,FIN,12.199,11423.412,16.853,40630.92,Europe
Finland,1998,FIN,11.518,13784.965,19.755,42733.445,Europe
Finland,1999,FIN,11.398,11959.002,17.504,44505.71,Europe
Finland,2000,FIN,11.015,13125.509,19.163,46968.84,Europe
Finland,2001,FIN,12.051,12052.025,17.238,48099.3,Europe
Finland,2002,FIN,12.508,11114.449,15.842,48792.49,Europe
Finland,2003,FIN,13.938,10694.037,14.248,49655.547,Europe
Finland,2004,FIN,13.187,14124.952,18.999,51494.707,Europe
Finland,2005,FIN,10.877,12817.831,19.045,52744.047,Europe
Finland,2006,FIN,12.983,12334.776,17.117,54653.98,Europe
Finland,2007,FIN,12.624,13111.018,18.351,57313.293,Europe
Finland,2008,FIN,11.033,14909.633,21.795,57494.586,Europe
Finland,2009,FIN,10.474,11758.009,18.615,52599.15,Europe
Finland,2010,FIN,11.95,13082.733,19.122,54017.945,Europe
Finland,2011,FIN,10.513,13137.611,20.478,55053.39,Europe
Finland,2012,FIN,9.449,15120.541,24.392,53957.668,Europe
Finland,2013,FIN,9.509,13737.791,22.15,53183.43,Europe
Finland,2014,FIN,8.719,14412.535,24.195,52710.734,Europe
Finland,2015,FIN,8.065,16260.123,27.515,52782.49,Europe
Finland,2016,FIN,8.598,15521.872,25.935,53984.633,Europe
Finland,2017,FIN,8.107,16364.369,27.99,55637.227,Europe
Finland,2018,FIN,8.292,16683.545,27.99,56226.336,Europe
Finland,2019,FIN,7.687,16663.199,28.591,56922.49,Europe
Finland,2020,FIN,6.821,18160.797,32.588,55424.86,Europe
Finland,2021,FIN,6.825,19901.895,35.036,56790.375,Europe
Finland,2022,FIN,6.525,19696.879,34.897,57068.305,Europe
Finland,2023,FIN,5.677,20927.711,35.888,56250.88,Europe
Finland,2024,FIN,5.301,22644.117,38.894,56123.15,Europe
France,1990,FRA,6.929,2730.409,5.936,38655.887,Europe
France,1991,FRA,7.318,2908.523,5.941,38937.953,Europe
France,1992,FRA,7.096,3445.254,7.019,39331.902,Europe
France,1993,FRA,6.728,3231.865,6.624,39020.613,Europe
France,1994,FRA,6.585,3909.055,8.129,39801.39,Europe
France,1995,FRA,6.65,3645.56,7.396,40570.72,Europe
France,1996,FRA,6.909,3317.204,6.506,40990.74,Europe
France,1997,FRA,6.762,3225.766,6.447,41876.934,Europe
France,1998,FRA,7.049,3126.331,6.12,43162.543,Europe
France,1999,FRA,6.991,3613.676,7.02,44400.137,Europe
France,2000,FRA,6.85,3319.751,6.409,45922.48,Europe
France,2001,FRA,6.871,3666.771,7.072,46454.87,Europe
France,2002,FRA,6.747,3002.785,5.879,46610.78,Europe
France,2003,FRA,6.799,2911.813,5.675,46730.977,Europe
France,2004,FRA,6.769,2921.737,5.684,47720.44,Europe
France,2005,FRA,6.756,2591.232,5.122,48257.465,Europe
France,2006,FRA,6.554,2842.63,5.702,49223.246,Europe
France,2007,FRA,6.35,3096.374,6.356,50157.785,Europe
France,2008,FRA,6.209,3552.378,7.319,50068.297,Europe
France,2009,FRA,5.885,3375.438,7.409,48404.965,Europe
France,2010,FRA,5.946,3682.448,7.882,49130.42,Europe
France,2011,FRA,5.572,3112.299,6.93,50085.684,Europe
France,2012,FRA,5.59,3888.931,8.714,49935.625,Europe
France,2013,FRA,5.591,4416.388,9.857,50066.53,Europe
France,2014,FRA,5.067,4215.729,9.885,50326.566,Europe
France,2015,FRA,5.116,4107.176,9.568,50682.895,Europe
France,2016,FRA,5.155,4344.005,10.362,50984.074,Europe
France,2017,FRA,5.183,4085.659,9.803,51895.566,Europe
France,2018,FRA,4.931,4836.418,11.513,52560.953,Europe
France,2019,FRA,4.812,4814.923,11.754,53448.555,Europe
France,2020,FRA,4.272,5103.89,13.972,49311.332,Europe
France,2021,FRA,4.65,5006.168,12.914,52517.336,Europe
France,2022,FRA,4.456,4715.598,13.726,53673.812,Europe
France,2023,FRA,4.068,5653.612,15.867,54296.723,Europe
France,2024,FRA,3.969,6138.945,16.465,54799.348,Europe
Germany,1990,DEU,13.233,662.884,1.264,42287.652,Europe
Germany,1991,DEU,12.664,610.564,1.202,44125.145,Europe
Germany,1992,DEU,11.978,710.027,1.438,44672.69,Europe
Germany,1993,DEU,11.774,731.283,1.498,43948.15,Europe
Germany,1994,DEU,11.535,793.376,1.646,44933.293,Europe
Germany,1995,DEU,11.46,863.461,1.788,45475.688,Europe
Germany,1996,DEU,11.666,792.516,1.593,45814.85,Europe
Germany,1997,DEU,11.306,837.673,1.709,46596.18,Europe
Germany,1998,DEU,11.261,912.236,1.868,47565.453,Europe
Germany,1999,DEU,10.963,1020.992,2.112,48547.004,Europe
Germany,2000,DEU,10.99,1329.505,2.738,49875.875,Europe
Germany,2001,DEU,11.171,1381.812,2.798,50606.71,Europe
Germany,2002,DEU,10.952,1637.896,3.365,50406.38,Europe
Germany,2003,DEU,10.894,1690.942,3.477,50111.574,Europe
Germany,2004,DEU,10.678,2098.536,4.316,50704.92,Europe
Germany,2005,DEU,10.578,2399.464,4.992,51182.96,Europe
Germany,2006,DEU,10.85,2868.235,5.797,53222.04,Europe
Germany,2007,DEU,10.408,3511.12,7.37,54832.96,Europe
Germany,2008,DEU,10.561,3628.964,7.523,55425.11,Europe
Germany,2009,DEU,9.761,3695.886,8.147,52484.855,Europe
Germany,2010,DEU,10.228,4005.2,8.465,54738.707,Europe
Germany,2011,DEU,9.95,4636.815,10.168,57858.42,Europe
Germany,2012,DEU,10.061,5292.822,11.46,58017.586,Europe
Germany,2013,DEU,10.263,5500.856,11.603,58089.17,Europe
Germany,2014,DEU,9.74,5811.58,12.84,59108.7,Europe
Germany,2015,DEU,9.757,6542.757,14.318,59573.707,Europe
Germany,2016,DEU,9.642,6492.84,14.101,60407.973,Europe
Germany,2017,DEU,9.441,7250.198,15.388,61866.49,Europe
Germany,2018,DEU,9.101,7434.165,16.263,62381.348,Europe
Germany,2019,DEU,8.481,7920.285,17.811,62849.375,Europe
Germany,2020,DEU,7.739,8283.994,20.017,60203.29,Europe
Germany,2021,DEU,8.101,7699.383,18.082,62530.766,Europe
Germany,2022,DEU,7.942,8268.65,20.329,63676.086,Europe
Germany,2023,DEU,7.023,8764.478,23.603,63039.37,Europe
Germany,2024,DEU,6.769,8949.748,23.968,62554.555,Europe
Greece,1990,GRC,8.133,479.548,1.714,26916.312,Europe
Greece,1991,GRC,8.092,835.761,2.961,27419.604,Europe
Greece,1992,GRC,8.202,593.133,2.074,27401.424,Europe
Greece,1993,GRC,8.094,621.6,2.157,26804.854,Europe
Greece,1994,GRC,8.258,699.901,2.4,27204.396,Europe
Greece,1995,GRC,8.267,941.166,3.131,27646.148,Europe
Greece,1996,GRC,8.431,1152.624,3.76,27905.107,Europe
Greece,1997,GRC,8.831,1024.571,3.265,28768.24,Europe
Greece,1998,GRC,9.238,985.39,2.971,29592.525,Europe
Greece,1999,GRC,9.129,1231.24,3.733,30263.055,Europe
Greece,2000,GRC,9.55,1067.56,3.092,31386.64,Europe
Greece,2001,GRC,9.717,749.605,2.164,32675.93,Europe
Greece,2002,GRC,9.642,904.342,2.621,34081.027,Europe
Greece,2003,GRC,9.989,1474.247,4.052,35970.703,Europe
Greece,2004,GRC,10.001,1469.656,4.05,37811.492,Europe
Greece,2005,GRC,10.371,1573.091,4.335,38146.965,Europe
Greece,2006,GRC,10.205,1916.253,5.149,40483.156,Europe
Greece,2007,GRC,10.37,1201.556,3.171,41796.234,Europe
Greece,2008,GRC,10.028,1448.786,3.908,41709.387,Europe
Greece,2009,GRC,9.391,2018.198,5.675,39886.215,Europe
Greece,2010,GRC,8.751,2605.631,7.696,37566.75,Europe
Greece,2011,GRC,8.507,2017.33,6.058,33906.492,Europe
Greece,2012,GRC,8.272,2506.954,7.967,31250.227,Europe
Greece,2013,GRC,7.45,3504.99,11.795,30762.443,Europe
Greece,2014,GRC,7.219,3017.801,10.745,31213.377,Europe
Greece,2015,GRC,6.924,3658.009,12.796,31347.977,Europe
Greece,2016,GRC,6.622,3667.434,12.975,31468.62,Europe
Greece,2017,GRC,6.96,3407.002,11.449,31995.41,Europe
Greece,2018,GRC,6.689,3944.334,13.164,32722.33,Europe
Greece,2019,GRC,6.133,3952.095,13.476,33502.75,Europe
Greece,2020,GRC,5.194,4302.183,16.785,30487.113,Europe
Greece,2021,GRC,5.438,5429.429,19.2,33531.156,Europe
Greece,2022,GRC,5.533,5610.2,18.783,35831.344,Europe
Greece,2023,GRC,5.076,6120.928,20.754,36700.51,Europe
Greece,2024,GRC,5.311,6650.131,21.055,37474.28,Europe
Hong Kong,1990,HKG,4.882,0.0,0.0,31598.756,Asia
Hong Kong,1991,HKG,5.057,0.0,0.0,33124.688,Asia
Hong Kong,1992,HKG,5.716,0.0,0.0,34895.76,Asia
Hong Kong,1993,HKG,5.892,0.0,0.0,36428.527,Asia
Hong Kong,1994,HKG,5.144,0.0,0.0,37767.195,Asia
Hong Kong,1995,HKG,5.062,0.0,0.0,37905.652,Asia
Hong Kong,1996,HKG,4.587,0.0,0.0,37804.07,Asia
Hong Kong,1997,HKG,4.753,0.0,0.0,39402.594,Asia
Hong Kong,1998,HKG,5.969,0.0,0.0,36776.383,Asia
Hong Kong,1999,HKG,6.431,0.0,0.0,37339.926,Asia
Hong Kong,2000,HKG,5.931,0.0,0.0,39848.59,Asia
Hong Kong,2001,HKG,5.504,0.0,0.0,39777.855,Asia
Hong Kong,2002,HKG,5.718,0.0,0.0,40258.17,Asia
Hong Kong,2003,HKG,6.23,0.0,0.0,41570.58,Asia
Hong Kong,2004,HKG,5.975,0.0,0.0,44836.207,Asia
Hong Kong,2005,HKG,6.273,0.0,0.0,47938.9,Asia
Hong Kong,2006,HKG,6.047,0.268,0.001,50981.793,Asia
Hong Kong,2007,HKG,6.25,0.33,0.001,53813.08,Asia
Hong Kong,2008,HKG,6.095,0.303,0.001,54630.375,Asia
Hong Kong,2009,HKG,5.886,0.408,0.001,53172.3,Asia
Hong Kong,2010,HKG,5.641,23.92,0.053,56355.41,Asia
Hong Kong,2011,HKG,6.041,62.996,0.137,58672.83,Asia
Hong Kong,2012,HKG,5.935,26.636,0.061,59015.332,Asia
Hong Kong,2013,HKG,6.1,71.701,0.16,60601.61,Asia
Hong Kong,2014,HKG,6.215,65.31,0.151,61839.812,Asia
Hong Kong,2015,HKG,5.756,90.66,0.205,62779.75,Asia
Hong Kong,2016,HKG,5.854,92.977,0.206,63749.41,Asia
Hong Kong,2017,HKG,5.699,100.925,0.209,65662.836,Asia
Hong Kong,2018,HKG,5.702,116.852,0.24,66993.97,Asia
Hong Kong,2019,HKG,5.597,116.405,0.253,65388.332,Asia
Hong Kong,2020,HKG,4.474,159.125,0.462,61328.527,Asia
Hong Kong,2021,HKG,4.494,212.949,0.654,65884.94,Asia
Hong Kong,2022,HKG,4.121,269.801,0.927,64036.645,Asia
Hong Kong,2023,HKG,4.428,353.581,1.048,64434.56,Asia
Hong Kong,2024,HKG,4.494,385.705,1.048,66153.98,Asia
Hungary,1990,HUN,7.073,52.746,0.17,21297.0,Europe
Hungary,1991,HUN,6.728,59.152,0.204,18765.416,Europe
Hungary,1992,HUN,6.005,56.177,0.202,18197.531,Europe
Hungary,1993,HUN,6.082,56.29,0.21,18113.336,Europe
Hungary,1994,HUN,5.985,56.852,0.208,18672.707,Europe
Hungary,1995,HUN,5.954,60.815,0.22,18977.244,Europe
Hungary,1996,HUN,6.123,70.98,0.251,19029.113,Europe
Hungary,1997,HUN,6.0,74.487,0.269,19635.295,Europe
Hungary,1998,HUN,5.975,60.288,0.214,20438.383,Europe
Hungary,1999,HUN,6.025,69.072,0.245,21128.889,Europe
Hungary,2000,HUN,5.716,68.452,0.249,22117.92,Europe
Hungary,2001,HUN,5.885,72.327,0.256,23069.21,Europe
Hungary,2002,HUN,5.804,65.641,0.238,24229.295,Europe
Hungary,2003,HUN,6.095,96.94,0.345,25255.871,Europe
Hungary,2004,HUN,5.947,281.331,0.985,26568.12,Europe
Hungary,2005,HUN,5.975,574.318,1.882,27765.79,Europe
Hungary,2006,HUN,5.923,466.555,1.557,28903.047,Europe
Hungary,2007,HUN,5.825,604.805,2.042,29044.066,Europe
Hungary,2008,HUN,5.709,904.684,3.095,29384.008,Europe
Hungary,2009,HUN,5.145,1071.671,3.947,27445.959,Europe
Hungary,2010,HUN,5.21,1108.507,3.999,27801.834,Europe
Hungary,2011,HUN,5.042,990.439,3.672,28415.117,Europe
Hungary,2012,HUN,4.711,959.683,3.807,28179.656,Europe
Hungary,2013,HUN,4.397,985.639,4.115,28891.021,Europe
Hungary,2014,HUN,4.425,1158.658,4.82,30264.95,Europe
Hungary,2015,HUN,4.733,1166.435,4.593,31485.568,Europe
Hungary,2016,HUN,4.795,1183.668,4.567,32378.967,Europe
Hungary,2017,HUN,5.051,1220.274,4.454,33828.715,Europe
Hungary,2018,HUN,5.051,1337.074,4.84,35798.043,Europe
Hungary,2019,HUN,5.031,1576.425,5.632,37662.676,Europe
Hungary,2020,HUN,4.832,1876.92,6.807,36119.52,Europe
Hungary,2021,HUN,4.978,2246.434,7.724,38887.19,Europe
Hungary,2022,HUN,4.674,2454.476,8.957,40610.973,Europe
Hungary,2023,HUN,4.165,2844.661,10.886,40333.254,Europe
Hungary,2024,HUN,4.136,3394.358,12.706,40686.934,Europe
Iceland,1990,ISL,8.719,48744.508,59.083,42336.426,Europe
Iceland,1991,ISL,8.157,47989.496,60.295,41754.977,Europe
Iceland,1992,ISL,8.615,48544.781,59.704,39842.375,Europe
Iceland,1993,ISL,9.1,49993.406,59.777,39957.32,Europe
Iceland,1994,ISL,8.83,50112.98,59.774,41042.01,Europe
Iceland,1995,ISL,9.229,51932.367,60.333,40867.562,Europe
Iceland,1996,ISL,9.38,53169.883,58.579,42475.695,Europe
Iceland,1997,ISL,9.655,57574.727,61.043,43873.668,Europe
Iceland,1998,ISL,9.625,64345.223,63.559,46449.344,Europe
Iceland,1999,ISL,10.239,73281.195,66.566,47679.87,Europe
Iceland,2000,ISL,10.426,77405.289,67.054,49338.473,Europe
Iceland,2001,ISL,10.051,79598.852,68.986,50556.992,Europe
Iceland,2002,ISL,10.403,81943.969,69.06,50379.46,Europe
Iceland,2003,ISL,10.308,81789.383,69.009,51173.2,Europe
Iceland,2004,ISL,10.635,82006.734,68.283,54592.53,Europe
Iceland,2005,ISL,10.026,80992.43,68.112,57512.42,Europe
Iceland,2006,ISL,10.38,91206.695,70.76,59364.29,Europe
Iceland,2007,ISL,11.212,107530.93,74.337,62940.746,Europe
Iceland,2008,ISL,12.004,143010.688,81.016,62831.17,Europe
Iceland,2009,ISL,11.708,145809.391,82.491,57406.47,Europe
Iceland,2010,ISL,11.399,146924.734,83.047,56211.836,Europe
Iceland,2011,ISL,10.978,147567.891,83.32,56813.742,Europe
Iceland,2012,ISL,10.906,149841.172,83.699,57173.043,Europe
Iceland,2013,ISL,10.772,152295.828,83.281,58671.93,Europe
Iceland,2014,ISL,10.519,150204.062,83.012,59133.27,Europe
Iceland,2015,ISL,10.699,153153.984,82.168,60725.727,Europe
Iceland,2016,ISL,10.411,148569.797,80.357,63612.555,Europe
Iceland,2017,ISL,10.511,149886.094,79.303,64303.38,Europe
Iceland,2018,ISL,10.388,151207.688,78.7,65521.93,Europe
Iceland,2019,ISL,9.849,145113.766,80.843,64826.434,Europe
Iceland,2020,ISL,9.107,140052.078,86.126,59543.812,Europe
Iceland,2021,ISL,9.367,140773.203,84.494,61610.215,Europe
Iceland,2022,ISL,9.458,140857.141,82.075,65380.316,Europe
Iceland,2023,ISL,9.052,138548.938,81.843,68118.4,Europe
Iceland,2024,ISL,9.667,132214.828,80.498,67310.055,Europe
India,1990,IND,0.668,213.461,8.068,2203.147,Asia
India,1991,IND,0.696,232.984,8.531,2178.686,Asia
India,1992,IND,0.726,216.214,7.687,2249.698,Asia
India,1993,IND,0.734,214.213,7.588,2307.6072,Asia
India,1994,IND,0.759,238.568,8.187,2411.4626,Asia
India,1995,IND,0.792,222.883,7.258,2542.422,Asia
India,1996,IND,0.841,200.725,6.408,2680.2788,Asia
India,1997,IND,0.859,201.034,6.202,2734.521,Asia
India,1998,IND,0.86,234.98,6.971,2847.9624,Asia
India,1999,IND,0.926,229.019,6.735,3041.4827,Asia
India,2000,IND,0.933,211.886,6.042,3099.503,Asia
India,2001,IND,0.929,196.829,5.693,3188.8103,Asia
India,2002,IND,0.941,183.337,5.218,3250.6956,Asia
India,2003,IND,0.957,183.994,5.144,3445.926,Asia
India,2004,IND,0.999,262.681,6.887,3656.1262,Asia
India,2005,IND,1.035,252.724,6.359,3881.966,Asia
India,2006,IND,1.103,293.929,7.134,4129.7783,Asia
India,2007,IND,1.17,320.527,7.276,4379.696,Asia
India,2008,IND,1.234,308.547,6.712,4450.39,Asia
India,2009,IND,1.316,290.375,5.965,4731.362,Asia
India,2010,IND,1.35,303.142,6.057,5059.2827,Asia
India,2011,IND,1.4,362.263,6.967,5249.5493,Asia
India,2012,IND,1.507,335.554,6.208,5460.4375,Asia
India,2013,IND,1.54,371.517,6.75,5732.2417,Asia
India,2014,IND,1.637,396.539,6.829,6079.8438,Asia
India,2015,IND,1.681,376.293,6.357,6488.146,Asia
India,2016,IND,1.75,390.035,6.37,6940.626,Asia
India,2017,IND,1.784,426.385,6.793,7326.607,Asia
India,2018,IND,1.888,479.617,7.307,7714.34,Asia
India,2019,IND,1.88,539.006,8.108,7930.0913,Asia
India,2020,IND,1.727,554.367,8.893,7399.531,Asia
India,2021,IND,1.892,581.251,8.657,8050.0186,Asia
India,2022,IND,1.986,661.233,9.421,8594.392,Asia
India,2023,IND,2.13,663.527,8.861,9301.756,Asia
India,2024,IND,2.201,710.831,9.146,9818.043,Asia
Indonesia,1990,IDN,0.845,117.48,3.597,4873.0537,Asia
Indonesia,1991,IDN,0.936,127.782,3.661,5118.468,Asia
Indonesia,1992,IDN,1.049,158.837,4.219,5357.376,Asia
Indonesia,1993,IDN,1.112,145.417,3.686,5609.152,Asia
Indonesia,1994,IDN,1.115,138.292,3.404,5931.235,Asia
Indonesia,1995,IDN,1.112,149.837,3.445,6312.9346,Asia
Indonesia,1996,IDN,1.244,156.658,3.415,6695.4097,Asia
Indonesia,1997,IDN,1.354,120.171,2.451,6897.0024,Asia
Indonesia,1998,IDN,1.164,186.143,3.927,5897.6855,Asia
Indonesia,1999,IDN,1.37,193.177,3.788,5855.658,Asia
Indonesia,2000,IDN,1.301,199.227,3.699,6056.382,Asia
Indonesia,2001,IDN,1.446,233.02,4.096,6190.5195,Asia
Indonesia,2002,IDN,1.388,210.385,3.647,6381.9497,Asia
Indonesia,2003,IDN,1.506,197.675,3.195,6599.092,Asia
Indonesia,2004,IDN,1.504,206.412,3.415,6843.5464,Asia
Indonesia,2005,IDN,1.505,214.506,3.494,7140.8545,Asia
Indonesia,2006,IDN,1.481,199.324,3.234,7434.488,Asia
Indonesia,2007,IDN,1.635,220.271,3.374,7802.464,Asia
Indonesia,2008,IDN,1.521,236.059,3.62,8165.0615,Asia
Indonesia,2009,IDN,1.639,247.224,3.736,8435.456,Asia
Indonesia,2010,IDN,1.808,312.203,4.417,8848.225,Asia
Indonesia,2011,IDN,2.006,262.097,3.554,9274.97,Asia
Indonesia,2012,IDN,2.041,274.541,3.577,9708.612,Asia
Indonesia,2013,IDN,1.929,323.653,4.534,10121.814,Asia
Indonesia,2014,IDN,1.924,338.127,4.708,10504.387,Asia
Indonesia,2015,IDN,2.105,290.469,4.003,10893.662,Asia
Indonesia,2016,IDN,2.071,414.29,5.81,11319.663,Asia
Indonesia,2017,IDN,2.136,418.546,5.518,11772.574,Asia
Indonesia,2018,IDN,2.25,635.144,8.029,12262.231,Asia
Indonesia,2019,IDN,2.441,713.722,8.613,12757.785,Asia
Indonesia,2020,IDN,2.268,821.447,10.644,12388.545,Asia
Indonesia,2021,IDN,2.287,881.074,11.076,12757.074,Asia
Indonesia,2022,IDN,2.719,1008.235,10.208,13334.266,Asia
Indonesia,2023,IDN,2.711,1061.278,10.695,13889.975,Asia
Indonesia,2024,IDN,2.865,1155.609,10.954,14470.4375,Asia
Iran,1990,IRN,3.616,351.195,2.531,9656.001,Asia
Iran,1991,IRN,3.718,259.64,1.771,10592.332,Asia
Iran,1992,IRN,3.73,417.859,2.631,10727.418,Asia
Iran,1993,IRN,3.86,476.493,3.255,10531.995,Asia
Iran,1994,IRN,4.305,311.368,1.901,10333.433,Asia
Iran,1995,IRN,4.355,371.662,2.188,10465.026,Asia
Iran,1996,IRN,4.399,389.358,2.13,11010.01,Asia
Iran,1997,IRN,4.231,259.316,1.393,11025.721,Asia
Iran,1998,IRN,4.737,322.381,1.685,11101.508,Asia
Iran,1999,IRN,5.722,219.776,1.081,11163.695,Asia
Iran,2000,IRN,5.529,159.656,0.76,11643.122,Asia
Iran,2001,IRN,5.781,170.193,0.77,11739.009,Asia
Iran,2002,IRN,5.838,323.971,1.356,12583.045,Asia
Iran,2003,IRN,5.976,380.992,1.584,13519.45,Asia
Iran,2004,IRN,6.293,462.083,1.774,13807.195,Asia
Iran,2005,IRN,6.499,543.368,2.014,13935.774,Asia
Iran,2006,IRN,6.826,678.876,2.353,14320.657,Asia
Iran,2007,IRN,6.806,645.263,2.139,15237.424,Asia
Iran,2008,IRN,6.999,266.738,0.867,15091.251,Asia
Iran,2009,IRN,7.107,238.634,0.767,15055.149,Asia
Iran,2010,IRN,7.253,350.961,1.106,15729.913,Asia
Iran,2011,IRN,7.353,361.026,1.109,15947.766,Asia
Iran,2012,IRN,7.55,416.067,1.284,15159.295,Asia
Iran,2013,IRN,7.586,472.846,1.423,14734.74,Asia
Iran,2014,IRN,7.904,460.874,1.349,15262.852,Asia
Iran,2015,IRN,7.77,411.055,1.23,14841.905,Asia
Iran,2016,IRN,7.692,467.967,1.344,15920.372,Asia
Iran,2017,IRN,8.19,519.435,1.462,16167.968,Asia
Iran,2018,IRN,7.716,313.134,0.864,15364.805,Asia
Iran,2019,IRN,8.354,998.354,2.641,14841.075,Asia
Iran,2020,IRN,8.499,702.07,1.802,15381.585,Asia
Iran,2021,IRN,8.813,434.541,1.14,15884.428,Asia
Iran,2022,IRN,8.57,433.158,1.112,16377.961,Asia
Iran,2023,IRN,8.715,665.79,1.68,17044.816,Asia
Iran,2024,IRN,8.656,561.098,1.433,17484.133,Asia
Iraq,1990,IRQ,2.826,734.728,5.453,10735.094,Asia
Iraq,1991,IRQ,2.561,335.383,3.982,3819.1619,Asia
Iraq,1992,IRQ,3.225,792.171,6.114,4916.264,Asia
Iraq,1993,IRQ,3.295,891.399,5.43,6105.0415,Asia
Iraq,1994,IRQ,3.802,861.72,4.862,6044.871,Asia
Iraq,1995,IRQ,3.834,949.635,5.564,5969.6694,Asia
Iraq,1996,IRQ,3.48,838.369,5.065,6419.3696,Asia
Iraq,1997,IRQ,3.44,827.706,4.349,7545.73,Asia
Iraq,1998,IRQ,3.539,752.278,5.437,9871.734,Asia
Iraq,1999,IRQ,3.487,418.261,4.325,11237.854,Asia
Iraq,2000,IRQ,3.428,363.551,2.757,12702.164,Asia
Iraq,2001,IRQ,3.842,405.74,2.842,12529.608,Asia
Iraq,2002,IRQ,3.733,480.389,3.656,11144.051,Asia
Iraq,2003,IRQ,3.784,483.491,4.274,6849.332,Asia
Iraq,2004,IRQ,4.098,565.034,4.794,10210.563,Asia
Iraq,2005,IRQ,4.023,463.098,4.279,10078.443,Asia
Iraq,2006,IRQ,3.454,466.314,4.466,10568.914,Asia
Iraq,2007,IRQ,2.161,427.748,4.029,10853.816,Asia
Iraq,2008,IRQ,3.256,267.034,2.24,11511.938,Asia
Iraq,2009,IRQ,3.5,247.133,2.191,11470.518,Asia
Iraq,2010,IRQ,3.672,303.242,2.404,11816.841,Asia
Iraq,2011,IRQ,3.841,273.838,2.177,12267.585,Asia
Iraq,2012,IRQ,3.983,336.719,2.572,13357.015,Asia
Iraq,2013,IRQ,4.016,337.436,2.456,13712.932,Asia
Iraq,2014,IRQ,3.762,201.369,1.544,13536.823,Asia
Iraq,2015,IRQ,3.795,175.477,1.4,13516.027,Asia
Iraq,2016,IRQ,3.981,223.928,1.709,15016.092,Asia
Iraq,2017,IRQ,4.257,141.938,0.934,14417.631,Asia
Iraq,2018,IRQ,4.623,135.558,0.877,14456.235,Asia
Iraq,2019,IRQ,4.656,320.87,1.982,14910.225,Asia
Iraq,2020,IRQ,4.086,266.116,1.887,12827.635,Asia
Iraq,2021,IRQ,4.484,212.864,1.484,12731.754,Asia
Iraq,2022,IRQ,4.939,168.771,1.095,13433.397,Asia
Iraq,2023,IRQ,5.056,95.212,0.598,13202.323,Asia
Iraq,2024,IRQ,5.074,93.465,0.584,12725.043,Asia
Ireland,1990,IRL,9.375,550.968,1.644,29555.633,Europe
Ireland,1991,IRL,9.528,586.325,1.694,29953.244,Europe
Ireland,1992,IRL,9.413,641.672,1.858,30744.191,Europe
Ireland,1993,IRL,9.428,605.873,1.727,31414.596,Europe
Ireland,1994,IRL,9.704,726.525,1.995,33092.062,Europe
Ireland,1995,IRL,9.93,560.836,1.517,36094.76,Europe
Ireland,1996,IRL,10.298,585.087,1.511,38452.945,Europe
Ireland,1997,IRL,10.567,619.619,1.563,42265.164,Europe
Ireland,1998,IRL,10.969,883.746,2.094,45493.168,Europe
Ireland,1999,IRL,11.309,840.399,1.907,49719.887,Europe
Ireland,2000,IRL,11.9,874.359,1.92,53675.004,Europe
Ireland,2001,IRL,12.324,743.573,1.57,55630.1,Europe
Ireland,2002,IRL,11.73,971.125,2.106,57927.49,Europe
Ireland,2003,IRL,11.441,785.263,1.775,58709.156,Europe
Ireland,2004,IRL,11.354,940.317,2.123,61558.58,Europe
Ireland,2005,IRL,11.588,1227.97,2.716,63689.086,Europe
Ireland,2006,IRL,11.15,1567.56,3.451,65087.18,Europe
Ireland,2007,IRL,10.847,1762.855,3.934,66590.195,Europe
Ireland,2008,IRL,10.558,2270.569,5.203,62320.668,Europe
Ireland,2009,IRL,9.303,2601.61,6.704,58547.266,Europe
Ireland,2010,IRL,9.167,2396.661,6.149,59209.1,Europe
Ireland,2011,IRL,8.31,3340.517,9.032,59899.918,Europe
Ireland,2012,IRL,8.309,3210.026,8.861,59405.047,Europe
Ireland,2013,IRL,8.061,3423.319,9.648,60388.94,Europe
Ireland,2014,IRL,7.911,3840.302,10.938,65575.805,Europe
Ireland,2015,IRL,8.233,4592.599,12.506,80954.664,Europe
Ireland,2016,IRL,8.492,4386.334,11.537,80899.02,Europe
Ireland,2017,IRL,8.116,5162.07,13.692,87882.71,Europe
Ireland,2018,IRL,7.988,5758.226,15.142,93276.016,Europe
Ireland,2019,IRL,7.54,6554.747,17.39,96371.29,Europe
Ireland,2020,IRL,7.035,7292.109,20.819,101968.555,Europe
Ireland,2021,IRL,7.452,6306.125,17.799,116903.61,Europe
Ireland,2022,IRL,7.177,7013.498,19.42,123219.08,Europe
Ireland,2023,IRL,6.46,7484.979,21.82,117862.125,Europe
Ireland,2024,IRL,6.339,7585.669,22.18,119037.734,Europe
Israel,1990,ISR,7.882,1.834,0.006,25335.271,Asia
Israel,1991,ISR,7.563,3.487,0.013,25698.93,Asia
Israel,1992,ISR,8.489,16.25,0.053,26752.4,Asia
Israel,1993,ISR,8.697,14.2,0.043,27123.107,Asia
Israel,1994,ISR,9.101,12.247,0.037,28393.0,Asia
Israel,1995,ISR,9.312,12.969,0.036,29470.816,Asia
Israel,1996,ISR,9.444,12.122,0.033,30386.197,Asia
Israel,1997,ISR,9.717,12.299,0.031,30707.006,Asia
Israel,1998,ISR,9.673,11.994,0.03,31246.857,Asia
Israel,1999,ISR,9.209,15.416,0.038,31465.613,Asia
Israel,2000,ISR,9.739,14.091,0.038,33275.062,Asia
Israel,2001,ISR,10.068,8.826,0.024,32590.229,Asia
Israel,2002,ISR,9.284,32.076,0.088,31897.584,Asia
Israel,2003,ISR,9.598,36.453,0.099,31780.78,Asia
Israel,2004,ISR,8.871,34.591,0.094,32675.209,Asia
Israel,2005,ISR,8.402,42.604,0.117,33512.89,Asia
Israel,2006,ISR,9.081,24.342,0.068,34770.027,Asia
Israel,2007,ISR,9.02,21.952,0.06,36317.85,Asia
Israel,2008,ISR,9.598,25.465,0.069,36827.926,Asia
Israel,2009,ISR,8.862,52.665,0.149,36403.164,Asia
Israel,2010,ISR,9.308,80.052,0.222,37722.41,Asia
Israel,2011,ISR,9.181,127.447,0.353,39075.375,Asia
Israel,2012,ISR,9.83,186.392,0.502,39299.35,Asia
Israel,2013,ISR,8.142,201.093,0.583,40148.777,Asia
Israel,2014,ISR,7.633,325.675,0.987,40872.582,Asia
Israel,2015,ISR,7.815,433.215,1.269,40967.37,Asia
Israel,2016,ISR,7.45,595.979,1.746,41963.676,Asia
Israel,2017,ISR,7.038,597.373,1.75,42947.06,Asia
Israel,2018,ISR,7.049,648.441,1.89,43814.297,Asia
Israel,2019,ISR,6.809,1009.162,2.903,44580.81,Asia
Israel,2020,ISR,6.737,1300.711,4.024,42915.94,Asia
Israel,2021,ISR,6.592,1591.904,4.889,46162.082,Asia
Israel,2022,ISR,6.84,1816.181,5.387,48098.188,Asia
Israel,2023,ISR,5.983,2393.993,7.83,47527.152,Asia
Israel,2024,ISR,5.607,2881.895,9.795,47338.844,Asia
Italy,1990,ITA,7.684,1719.898,4.568,42656.746,Europe
Italy,1991,ITA,7.67,2236.339,6.125,43283.02,Europe
Italy,1992,ITA,7.666,2247.091,6.129,43614.484,Europe
Italy,1993,ITA,7.526,2220.235,6.154,43216.11,Europe
Italy,1994,ITA,7.393,2355.214,6.574,44136.707,Europe
Italy,1995,ITA,7.815,2028.259,5.386,45410.14,Europe
Italy,1996,ITA,7.747,2271.272,5.983,46008.24,Europe
Italy,1997,ITA,7.844,2271.441,5.928,46869.426,Europe
Italy,1998,ITA,8.054,2286.841,5.959,47701.4,Europe
Italy,1999,ITA,8.132,2523.756,6.543,48493.664,Europe
Italy,2000,ITA,8.199,2504.724,6.853,50353.42,Europe
Italy,2001,ITA,8.196,2659.904,7.295,51332.29,Europe
Italy,2002,ITA,8.309,2354.778,6.453,51369.113,Europe
Italy,2003,ITA,8.575,2272.053,6.06,51126.258,Europe
Italy,2004,ITA,8.606,2628.864,6.893,51495.004,Europe
Italy,2005,ITA,8.567,2334.86,6.161,51585.645,Europe
Italy,2006,ITA,8.443,2424.978,6.427,52304.242,Europe
Italy,2007,ITA,8.286,2267.294,6.173,52747.19,Europe
Italy,2008,ITA,8.028,2808.795,7.803,51806.39,Europe
Italy,2009,ITA,7.079,3359.328,10.127,48774.39,Europe
Italy,2010,ITA,7.241,3727.355,10.921,49301.695,Europe
Italy,2011,ITA,7.022,3968.702,11.912,49473.016,Europe
Italy,2012,ITA,6.665,4347.991,13.499,47795.957,Europe
Italy,2013,ITA,6.091,5172.381,16.96,46833.363,Europe
Italy,2014,ITA,5.759,5501.412,18.517,46825.652,Europe
Italy,2015,ITA,5.964,5024.947,16.66,47311.824,Europe
Italy,2016,ITA,5.922,4947.602,16.412,47987.84,Europe
Italy,2017,ITA,5.84,4768.667,15.675,48849.22,Europe
Italy,2018,ITA,5.791,5229.956,17.059,49133.145,Europe
Italy,2019,ITA,5.648,5292.727,17.412,49690.63,Europe
Italy,2020,ITA,5.051,5347.12,19.399,45505.07,Europe
Italy,2021,ITA,5.624,5348.62,18.014,49825.395,Europe
Italy,2022,ITA,5.705,4672.377,15.951,52333.33,Europe
Italy,2023,ITA,5.249,5285.862,18.854,52870.324,Europe
Italy,2024,ITA,5.088,5932.423,20.931,53265.004,Europe
Japan,1990,JPN,9.359,2243.243,5.368,35272.418,Asia
Japan,1991,JPN,9.416,2410.838,5.6,36372.035,Asia
Japan,1992,JPN,9.45,2085.569,4.805,36563.62,Asia
Japan,1993,JPN,9.367,2349.848,5.348,36277.92,Asia
Japan,1994,JPN,9.763,1765.915,3.887,36568.71,Asia
Japan,1995,JPN,9.834,2097.944,4.483,37442.895,Asia
Japan,1996,JPN,9.912,2081.163,4.371,38528.793,Asia
Japan,1997,JPN,9.828,2310.591,4.773,38814.254,Asia
Japan,1998,JPN,9.493,2357.966,4.961,38217.195,Asia
Japan,1999,JPN,9.764,2247.476,4.664,38020.094,Asia
Japan,2000,JPN,9.921,2253.357,4.603,39005.914,Asia
Japan,2001,JPN,9.79,2179.84,4.508,39062.28,Asia
Japan,2002,JPN,10.005,2171.179,4.514,38987.91,Asia
Japan,2003,JPN,10.056,2449.24,5.098,39501.81,Asia
Japan,2004,JPN,10.008,2442.466,5.023,40351.777,Asia
Japan,2005,JPN,10.057,2234.198,4.52,41075.824,Asia
Japan,2006,JPN,9.871,2467.354,5.011,41613.15,Asia
Japan,2007,JPN,10.141,2194.187,4.499,42182.176,Asia
Japan,2008,JPN,9.587,2181.407,4.561,41645.57,Asia
Japan,2009,JPN,9.051,2075.344,4.756,39279.5,Asia
Japan,2010,JPN,9.448,2508.218,5.404,40881.797,Asia
Japan,2011,JPN,9.846,2400.329,5.447,40967.344,Asia
Japan,2012,JPN,10.178,2354.55,5.379,41596.92,Asia
Japan,2013,JPN,10.271,2536.953,5.829,42492.242,Asia
Japan,2014,JPN,9.886,2804.523,6.604,42674.7,Asia
Japan,2015,JPN,9.585,3225.911,7.685,43386.71,Asia
Japan,2016,JPN,9.436,3148.987,7.593,43736.13,Asia
Japan,2017,JPN,9.321,3367.779,8.029,44505.277,Asia
Japan,2018,JPN,8.971,3606.433,8.65,44848.49,Asia
Japan,2019,JPN,8.698,3625.492,8.871,44730.91,Asia
Japan,2020,JPN,8.213,3972.055,10.457,42992.48,Asia
Japan,2021,JPN,8.422,4302.122,10.814,44355.348,Asia
Japan,2022,JPN,8.237,4432.941,11.154,44972.344,Asia
Japan,2023,JPN,7.935,4642.009,11.965,45858.66,Asia
Japan,2024,JPN,7.772,4886.513,12.697,46106.92,Asia
Kazakhstan,1990,KAZ,15.588,1192.785,2.384,16837.691,Asia
Kazakhstan,1991,KAZ,15.072,1157.501,2.333,14877.527,Asia
Kazakhstan,1992,KAZ,13.473,1100.365,2.254,14045.104,Asia
Kazakhstan,1993,KAZ,12.015,1226.761,2.838,12795.875,Asia
Kazakhstan,1994,KAZ,10.248,1495.984,3.836,11334.983,Asia
Kazakhstan,1995,KAZ,10.069,1383.199,3.875,10600.33,Asia
Kazakhstan,1996,KAZ,9.425,1240.488,3.917,10857.436,Asia
Kazakhstan,1997,KAZ,9.181,1125.257,3.938,11298.58,Asia
Kazakhstan,1998,KAZ,9.306,1090.143,3.95,11364.031,Asia
Kazakhstan,1999,KAZ,7.684,1102.062,4.197,11815.773,Asia
Kazakhstan,2000,KAZ,9.173,1349.554,5.679,12935.864,Asia
Kazakhstan,2001,KAZ,8.862,1433.245,5.382,14612.029,Asia
Kazakhstan,2002,KAZ,10.013,1555.56,5.767,15960.874,Asia
Kazakhstan,2003,KAZ,11.114,1492.319,5.074,17344.752,Asia
Kazakhstan,2004,KAZ,11.702,1377.512,4.463,18886.582,Asia
Kazakhstan,2005,KAZ,12.428,1322.523,4.196,20565.53,Asia
Kazakhstan,2006,KAZ,13.639,1289.779,3.832,22574.344,Asia
Kazakhstan,2007,KAZ,13.884,1336.789,3.613,24351.346,Asia
Kazakhstan,2008,KAZ,13.764,1198.24,3.104,24895.664,Asia
Kazakhstan,2009,KAZ,13.429,1086.375,3.18,24901.354,Asia
Kazakhstan,2010,KAZ,14.735,1240.775,3.426,26374.84,Asia
Kazakhstan,2011,KAZ,13.955,1196.736,2.948,27946.16,Asia
Kazakhstan,2012,KAZ,14.172,1137.783,2.703,28881.242,Asia
Kazakhstan,2013,KAZ,14.441,1126.957,2.709,30177.488,Asia
Kazakhstan,2014,KAZ,16.79,1182.172,2.743,30986.438,Asia
Kazakhstan,2015,KAZ,16.758,1322.601,3.77,30893.76,Asia
Kazakhstan,2016,KAZ,16.431,1640.024,4.246,30758.322,Asia
Kazakhstan,2017,KAZ,17.034,1560.867,3.815,31524.441,Asia
Kazakhstan,2018,KAZ,17.408,1432.93,3.445,32330.227,Asia
Kazakhstan,2019,KAZ,15.411,1430.069,3.447,33298.21,Asia
Kazakhstan,2020,KAZ,14.464,1512.503,4.014,32011.549,Asia
Kazakhstan,2021,KAZ,12.404,1570.31,3.78,32945.85,Asia
Kazakhstan,2022,KAZ,13.694,1629.765,3.995,33506.26,Asia
Kazakhstan,2023,KAZ,14.076,1734.645,4.179,34703.234,Asia
Kazakhstan,2024,KAZ,13.937,2136.749,5.12,35973.965,Asia
Kuwait,1990,KWT,22.473,0.0,0.0,38932.945,Asia
Kuwait,1991,KWT,364.791,0.0,0.0,28633.969,Asia
Kuwait,1992,KWT,18.155,0.0,0.0,43266.934,Asia
Kuwait,1993,KWT,29.401,0.0,0.0,56684.188,Asia
Kuwait,1994,KWT,34.406,0.0,0.0,61753.848,Asia
Kuwait,1995,KWT,33.46,0.0,0.0,64093.52,Asia
Kuwait,1996,KWT,29.919,0.0,0.0,62665.223,Asia
Kuwait,1997,KWT,31.753,0.0,0.0,62151.953,Asia
Kuwait,1998,KWT,28.688,0.0,0.0,62450.09,Asia
Kuwait,1999,KWT,28.992,0.0,0.0,59533.953,Asia
Kuwait,2000,KWT,28.127,0.0,0.0,60585.3,Asia
Kuwait,2001,KWT,29.44,0.0,0.0,59099.664,Asia
Kuwait,2002,KWT,29.182,0.0,0.0,59348.617,Asia
Kuwait,2003,KWT,29.618,0.0,0.0,67984.31,Asia
Kuwait,2004,KWT,30.526,0.0,0.0,73298.06,Asia
Kuwait,2005,KWT,33.358,0.0,0.0,78193.9,Asia
Kuwait,2006,KWT,32.233,0.0,0.0,79521.35,Asia
Kuwait,2007,KWT,30.821,0.0,0.0,79474.76,Asia
Kuwait,2008,KWT,31.848,0.0,0.0,77036.51,Asia
Kuwait,2009,KWT,31.777,0.0,0.0,67896.266,Asia
Kuwait,2010,KWT,30.482,0.0,0.0,62956.215,Asia
Kuwait,2011,KWT,27.819,0.0,0.0,64844.5,Asia
Kuwait,2012,KWT,30.327,0.0,0.0,64908.26,Asia
Kuwait,2013,KWT,23.675,0.133,0.0,62458.81,Asia
Kuwait,2014,KWT,20.458,2.275,0.002,60065.656,Asia
Kuwait,2015,KWT,24.337,3.361,0.003,57763.516,Asia
Kuwait,2016,KWT,25.979,30.632,0.026,56936.62,Asia
Kuwait,2017,KWT,24.072,32.02,0.028,52285.586,Asia
Kuwait,2018,KWT,23.697,31.746,0.028,51623.81,Asia
Kuwait,2019,KWT,23.559,34.647,0.035,51380.645,Asia
Kuwait,2020,KWT,20.477,35.614,0.037,49372.82,Asia
Kuwait,2021,KWT,20.15,119.743,0.111,50651.957,Asia
Kuwait,2022,KWT,25.242,94.757,0.093,51379.883,Asia
Kuwait,2023,KWT,25.454,86.456,0.084,47777.402,Asia
Kuwait,2024,KWT,26.248,80.465,0.076,46137.47,Asia
Latvia,1990,LVA,7.391,4694.839,14.555,17508.787,Europe
Latvia,1991,LVA,6.765,3434.297,11.502,15376.091,Europe
Latvia,1992,LVA,5.428,2678.097,12.318,10582.207,Europe
Latvia,1993,LVA,4.65,3116.01,16.32,10255.142,Europe
Latvia,1994,LVA,4.113,3641.289,19.401,10656.608,Europe
Latvia,1995,LVA,3.674,3281.779,18.407,10707.515,Europe
Latvia,1996,LVA,3.748,2103.189,12.483,11077.862,Europe
Latvia,1997,LVA,3.567,3373.432,19.779,12215.016,Europe
Latvia,1998,LVA,3.446,4976.5,26.66,13138.401,Europe
Latvia,1999,LVA,3.228,3205.545,19.963,13619.099,Europe
Latvia,2000,LVA,2.99,3312.24,20.891,14554.213,Europe
Latvia,2001,LVA,3.206,3354.417,19.382,15695.906,Europe
Latvia,2002,LVA,3.254,2947.216,16.668,17096.559,Europe
Latvia,2003,LVA,3.375,2787.342,15.783,18717.668,Europe
Latvia,2004,LVA,3.415,3832.301,19.121,20574.12,Europe
Latvia,2005,LVA,3.487,4120.609,19.73,23213.354,Europe
Latvia,2006,LVA,3.745,3382.867,16.884,26431.814,Europe
Latvia,2007,LVA,3.925,3435.782,16.497,29423.736,Europe
Latvia,2008,LVA,3.765,3911.164,18.494,28726.973,Europe
Latvia,2009,LVA,3.481,4388.24,21.616,24520.68,Europe
Latvia,2010,LVA,4.078,4677.743,19.887,24119.73,Europe
Latvia,2011,LVA,3.791,4040.573,18.86,25308.732,Europe
Latvia,2012,LVA,3.696,5388.727,24.023,27496.545,Europe
Latvia,2013,LVA,3.661,4754.261,21.731,28375.184,Europe
Latvia,2014,LVA,3.597,3862.252,18.958,29243.742,Europe
Latvia,2015,LVA,3.672,3938.322,18.663,30599.613,Europe
Latvia,2016,LVA,3.679,4797.224,21.134,31668.516,Europe
Latvia,2017,LVA,3.714,7392.975,29.607,33036.39,Europe
Latvia,2018,LVA,4.069,5055.651,22.387,34729.707,Europe
Latvia,2019,LVA,3.988,4659.669,19.894,35208.195,Europe
Latvia,2020,LVA,3.682,5332.619,24.894,34225.9,Europe
Latvia,2021,LVA,3.828,5456.933,24.165,36912.01,Europe
Latvia,2022,LVA,3.513,5383.809,26.646,37718.71,Europe
Latvia,2023,LVA,3.501,6758.425,31.776,37277.723,Europe
Latvia,2024,LVA,3.452,6050.506,29.669,37611.67,Europe
Lithuania,1990,LTU,9.672,311.23,0.59,20586.229,Europe
Lithuania,1991,LTU,10.218,253.657,0.457,19384.818,Europe
Lithuania,1992,LTU,5.725,233.638,0.662,15280.389,Europe
Lithuania,1993,LTU,4.434,296.632,1.064,12861.695,Europe
Lithuania,1994,LTU,4.314,343.527,1.418,11686.438,Europe
Lithuania,1995,LTU,4.151,285.663,1.051,12164.204,Europe
Lithuania,1996,LTU,4.373,251.563,0.843,12873.201,Europe
Lithuania,1997,LTU,4.243,229.317,0.822,14045.005,Europe
Lithuania,1998,LTU,4.509,326.496,1.083,15202.912,Europe
Lithuania,1999,LTU,3.818,326.435,1.314,15143.193,Europe
Lithuania,2000,LTU,3.383,269.254,1.209,15771.427,Europe
Lithuania,2001,LTU,3.626,260.702,1.01,16933.023,Europe
Lithuania,2002,LTU,3.678,284.598,1.01,18216.545,Europe
Lithuania,2003,LTU,3.707,265.778,0.896,20302.984,Europe
Lithuania,2004,LTU,3.925,347.039,1.144,21867.287,Europe
Lithuania,2005,LTU,4.173,384.241,1.363,23944.701,Europe
Lithuania,2006,LTU,4.341,428.319,1.571,26129.34,Europe
Lithuania,2007,LTU,4.789,676.678,2.221,29370.773,Europe
Lithuania,2008,LTU,4.664,730.055,2.403,30445.781,Europe
Lithuania,2009,LTU,4.056,772.807,2.737,26217.545,Europe
Lithuania,2010,LTU,4.455,958.415,4.494,26887.492,Europe
Lithuania,2011,LTU,4.609,1151.505,5.089,29240.748,Europe
Lithuania,2012,LTU,4.703,1295.289,5.654,30920.33,Europe
Lithuania,2013,LTU,4.444,1614.132,7.556,32474.64,Europe
Lithuania,2014,LTU,4.379,1639.734,7.885,33975.086,Europe
Lithuania,2015,LTU,4.489,1826.482,8.308,35251.297,Europe
Lithuania,2016,LTU,4.566,2159.084,9.468,36618.15,Europe
Lithuania,2017,LTU,4.693,2648.16,10.892,38774.49,Europe
Lithuania,2018,LTU,4.787,2403.92,9.533,41019.79,Europe
Lithuania,2019,LTU,4.883,2622.862,10.436,43062.324,Europe
Lithuania,2020,LTU,4.829,2841.065,11.356,43091.797,Europe
Lithuania,2021,LTU,4.93,3000.332,12.011,45873.527,Europe
Lithuania,2022,LTU,4.578,3301.802,14.382,46651.215,Europe
Lithuania,2023,LTU,4.382,4455.752,18.719,46159.707,Europe
Lithuania,2024,LTU,4.387,5938.892,23.414,47165.367,Europe
Luxembourg,1990,LUX,30.938,611.785,0.629,81450.57,Europe
Luxembourg,1991,LUX,32.109,716.119,0.694,87313.72,Europe
Luxembourg,1992,LUX,31.098,589.904,0.578,87729.4,Europe
Luxembourg,1993,LUX,31.062,584.291,0.572,90195.664,Europe
Luxembourg,1994,LUX,28.624,710.422,0.733,92375.36,Europe
Luxembourg,1995,LUX,22.375,747.997,0.9,92391.34,Europe
Luxembourg,1996,LUX,22.2,519.46,0.616,92416.516,Europe
Luxembourg,1997,LUX,20.402,696.376,0.855,96211.734,Europe
Luxembourg,1998,LUX,18.052,950.913,1.224,101364.67,Europe
Luxembourg,1999,LUX,18.886,802.536,0.99,108180.41,Europe
Luxembourg,2000,LUX,19.953,1104.59,1.296,114141.586,Europe
Luxembourg,2001,LUX,20.838,1069.861,1.186,116258.43,Europe
Luxembourg,2002,LUX,22.354,951.82,0.975,118757.53,Europe
Luxembourg,2003,LUX,23.129,881.363,0.872,120396.26,Europe
Luxembourg,2004,LUX,25.782,1192.98,1.057,123720.26,Europe
Luxembourg,2005,LUX,25.949,1250.901,1.108,124866.86,Europe
Luxembourg,2006,LUX,25.177,1441.568,1.321,130284.97,Europe
Luxembourg,2007,LUX,23.533,2590.495,2.484,138677.97,Europe
Luxembourg,2008,LUX,22.836,2627.851,2.585,135812.22,Europe
Luxembourg,2009,LUX,21.316,2438.405,2.554,129002.24,Europe
Luxembourg,2010,LUX,22.054,2396.122,2.428,131432.06,Europe
Luxembourg,2011,LUX,21.384,2343.275,2.491,129885.37,Europe
Luxembourg,2012,LUX,20.45,2618.73,2.902,128895.41,Europe
Luxembourg,2013,LUX,18.999,2982.924,3.551,129945.45,Europe
Luxembourg,2014,LUX,17.629,3372.06,4.242,130247.664,Europe
Luxembourg,2015,LUX,16.389,3699.802,4.903,130097.26,Europe
Luxembourg,2016,LUX,15.556,3848.733,5.297,133661.66,Europe
Luxembourg,2017,LUX,15.509,4844.0,6.526,132169.83,Europe
Luxembourg,2018,LUX,15.715,5307.337,6.964,131733.89,Europe
Luxembourg,2019,LUX,15.722,5872.477,7.718,132724.75,Europe
Luxembourg,2020,LUX,12.796,6797.622,10.605,129865.63,Europe
Luxembourg,2021,LUX,13.134,6682.228,9.928,136772.44,Europe
Luxembourg,2022,LUX,11.135,6536.369,11.035,132570.83,Europe
Luxembourg,2023,LUX,10.285,7094.914,12.572,130048.92,Europe
Luxembourg,2024,LUX,10.46,8390.462,14.278,128475.28,Europe
Malaysia,1990,MYS,3.043,627.216,4.645,12013.697,Asia
Malaysia,1991,MYS,3.586,673.803,4.096,12795.05,Asia
Malaysia,1992,MYS,3.874,632.112,3.497,13567.894,Asia
Malaysia,1993,MYS,4.482,697.655,3.937,14533.79,Asia
Malaysia,1994,MYS,4.415,908.573,4.956,15474.015,Asia
Malaysia,1995,MYS,5.391,849.568,4.343,16568.516,Asia
Malaysia,1996,MYS,5.281,690.645,3.241,17771.71,Asia
Malaysia,1997,MYS,5.542,542.294,2.248,18604.514,Asia
Malaysia,1998,MYS,5.011,565.149,2.498,16817.172,Asia
Malaysia,1999,MYS,4.635,935.025,3.965,17428.625,Asia
Malaysia,2000,MYS,5.35,923.547,3.472,18532.91,Asia
Malaysia,2001,MYS,5.564,788.512,2.964,18186.441,Asia
Malaysia,2002,MYS,5.478,667.955,2.442,18708.87,Asia
Malaysia,2003,MYS,6.215,614.709,2.124,19329.006,Asia
Malaysia,2004,MYS,6.718,669.29,2.19,20168.506,Asia
Malaysia,2005,MYS,6.579,696.677,2.155,20767.586,Asia
Malaysia,2006,MYS,6.441,716.493,2.242,21444.486,Asia
Malaysia,2007,MYS,6.499,688.082,2.063,22305.12,Asia
Malaysia,2008,MYS,6.995,855.354,2.527,22898.002,Asia
Malaysia,2009,MYS,6.831,799.638,2.488,22106.643,Asia
Malaysia,2010,MYS,6.957,717.595,2.202,23307.97,Asia
Malaysia,2011,MYS,6.977,880.435,2.703,24115.818,Asia
Malaysia,2012,MYS,7.18,1007.661,2.877,25006.36,Asia
Malaysia,2013,MYS,8.009,1198.704,3.328,25736.354,Asia
Malaysia,2014,MYS,7.983,1312.74,3.679,26818.432,Asia
Malaysia,2015,MYS,7.554,1370.665,3.849,27699.627,Asia
Malaysia,2016,MYS,7.464,1824.066,4.961,28425.371,Asia
Malaysia,2017,MYS,7.555,2309.812,6.312,29551.545,Asia
Malaysia,2018,MYS,7.981,2319.786,6.332,30459.965,Asia
Malaysia,2019,MYS,8.303,2378.372,6.431,31300.508,Asia
Malaysia,2020,MYS,7.736,2524.032,7.175,29200.453,Asia
Malaysia,2021,MYS,7.973,2779.111,7.646,29822.85,Asia
Malaysia,2022,MYS,8.125,3047.833,7.833,32129.223,Asia
Malaysia,2023,MYS,7.866,3048.646,8.117,32857.668,Asia
Malaysia,2024,MYS,8.162,3205.388,8.282,34116.23,Asia
Mexico,1990,MEX,3.825,1014.495,6.385,17169.592,North America
Mexico,1991,MEX,3.907,960.35,5.984,17511.73,North America
Mexico,1992,MEX,3.864,1096.938,6.836,17796.406,North America
Mexico,1993,MEX,3.853,1076.589,6.828,17970.588,North America
Mexico,1994,MEX,3.938,848.875,5.181,18422.82,North America
Mexico,1995,MEX,3.642,1064.702,6.739,17028.121,North America
Mexico,1996,MEX,3.694,1150.916,7.227,17775.873,North America
Mexico,1997,MEX,3.855,974.92,6.075,18737.643,North America
Mexico,1998,MEX,3.987,916.115,5.574,19573.066,North America
Mexico,1999,MEX,3.975,1131.349,6.9,19793.285,North America
Mexico,2000,MEX,3.969,1142.97,6.665,20470.494,North America
Mexico,2001,MEX,4.071,989.73,5.91,20078.219,North America
Mexico,2002,MEX,4.04,866.902,5.125,19744.793,North America
Mexico,2003,MEX,4.234,745.21,4.41,19701.463,North America
Mexico,2004,MEX,4.201,880.067,4.989,20127.225,North America
Mexico,2005,MEX,4.38,954.173,5.005,20277.256,North America
Mexico,2006,MEX,4.424,987.774,5.178,20965.826,North America
Mexico,2007,MEX,4.354,920.493,4.846,21102.27,North America
Mexico,2008,MEX,4.285,1176.672,6.043,20992.56,North America
Mexico,2009,MEX,4.11,860.881,4.559,19385.543,North America
Mexico,2010,MEX,4.017,1111.417,5.953,20058.385,North America
Mexico,2011,MEX,4.194,1078.2,5.602,20457.6,North America
Mexico,2012,MEX,4.293,995.117,5.194,20898.936,North America
Mexico,2013,MEX,4.186,914.872,4.834,20805.348,North America
Mexico,2014,MEX,4.041,1193.967,6.426,21069.766,North America
Mexico,2015,MEX,3.96,1065.917,5.862,21408.928,North America
Mexico,2016,MEX,3.917,1065.208,5.731,21578.264,North America
Mexico,2017,MEX,3.763,1087.424,5.77,21777.523,North America
Mexico,2018,MEX,3.76,1160.38,6.343,21997.773,North America
Mexico,2019,MEX,3.723,1190.531,6.641,21704.186,North America
Mexico,2020,MEX,3.383,1410.265,8.668,19728.482,North America
Mexico,2021,MEX,3.501,1635.596,9.538,20782.588,North America
Mexico,2022,MEX,3.528,1643.979,9.243,21391.857,North America
Mexico,2023,MEX,3.532,1396.725,7.928,21917.248,North America
Mexico,2024,MEX,3.523,1451.162,8.251,22039.629,North America
Morocco,1990,MAR,0.915,139.028,4.106,4418.66,Africa
Morocco,1991,MAR,0.955,137.326,4.074,4656.126,Africa
Morocco,1992,MAR,0.981,106.208,2.861,4483.2495,Africa
Morocco,1993,MAR,1.046,48.041,1.3,4379.764,Africa
Morocco,1994,MAR,1.082,89.741,2.237,4771.093,Africa
Morocco,1995,MAR,1.089,64.29,1.658,4444.2285,Africa
Morocco,1996,MAR,1.101,202.779,5.092,4916.48,Africa
Morocco,1997,MAR,1.102,212.62,5.214,4766.1104,Africa
Morocco,1998,MAR,1.118,178.704,4.334,5033.9233,Africa
Morocco,1999,MAR,1.141,81.766,1.936,5043.665,Africa
Morocco,2000,MAR,1.168,76.424,1.851,5100.1157,Africa
Morocco,2001,MAR,1.277,102.398,2.328,5417.5786,Africa
Morocco,2002,MAR,1.278,97.21,2.185,5544.072,Africa
Morocco,2003,MAR,1.237,151.539,3.443,5810.053,Africa
Morocco,2004,MAR,1.41,161.979,3.273,5996.39,Africa
Morocco,2005,MAR,1.471,103.699,1.954,6103.4224,Africa
Morocco,2006,MAR,1.503,101.3,1.895,6488.674,Africa
Morocco,2007,MAR,1.568,100.715,1.927,6620.5903,Africa
Morocco,2008,MAR,1.625,101.353,1.78,6901.9507,Africa
Morocco,2009,MAR,1.588,242.508,4.431,7063.727,Africa
Morocco,2010,MAR,1.674,331.001,5.532,7210.6367,Africa
Morocco,2011,MAR,1.667,212.346,3.421,7503.793,Africa
Morocco,2012,MAR,1.707,182.285,2.923,7628.644,Africa
Morocco,2013,MAR,1.675,302.779,4.796,7839.032,Africa
Morocco,2014,MAR,1.672,264.929,4.187,7951.7983,Africa
Morocco,2015,MAR,1.69,322.612,5.072,8198.809,Africa
Morocco,2016,MAR,1.669,334.112,5.258,8141.9404,Africa
Morocco,2017,MAR,1.724,326.896,4.972,8450.009,Africa
Morocco,2018,MAR,1.739,450.064,6.699,8611.75,Africa
Morocco,2019,MAR,1.898,515.642,7.11,8768.176,Africa
Morocco,2020,MAR,1.764,471.05,7.142,8054.563,Africa
Morocco,2021,MAR,1.902,516.225,7.126,8623.266,Africa
Morocco,2022,MAR,1.869,470.866,6.616,8690.448,Africa
Morocco,2023,MAR,1.829,570.368,7.974,8915.352,Africa
Morocco,2024,MAR,1.814,626.098,8.673,9162.747,Africa
Netherlands,1990,NLD,10.847,165.354,0.273,43128.312,Europe
Netherlands,1991,NLD,11.314,189.843,0.31,43833.484,Europe
Netherlands,1992,NLD,11.212,202.559,0.33,44245.527,Europe
Netherlands,1993,NLD,11.123,223.431,0.363,44490.758,Europe
Netherlands,1994,NLD,11.104,250.125,0.414,45532.805,Europe
Netherlands,1995,NLD,11.146,276.639,0.442,46720.29,Europe
Netherlands,1996,NLD,11.671,355.125,0.546,48095.965,Europe
Netherlands,1997,NLD,11.159,391.286,0.616,49881.875,Europe
Netherlands,1998,NLD,11.145,446.645,0.703,51879.38,Europe
Netherlands,1999,NLD,10.731,479.64,0.77,54134.363,Europe
Netherlands,2000,NLD,10.72,561.125,0.895,56016.87,Europe
Netherlands,2001,NLD,10.966,618.44,0.958,56887.434,Europe
Netherlands,2002,NLD,10.851,738.114,1.15,56664.414,Europe
Netherlands,2003,NLD,11.008,722.942,1.124,56452.867,Europe
Netherlands,2004,NLD,11.086,961.867,1.452,57391.363,Europe
Netherlands,2005,NLD,10.818,1358.866,2.013,58422.01,Europe
Netherlands,2006,NLD,10.506,1478.264,2.24,60391.543,Europe
Netherlands,2007,NLD,10.467,1566.805,2.341,62601.62,Europe
Netherlands,2008,NLD,10.598,1854.887,2.817,63678.402,Europe
Netherlands,2009,NLD,10.215,2146.828,3.323,61029.73,Europe
Netherlands,2010,NLD,10.88,2118.464,3.039,61518.555,Europe
Netherlands,2011,NLD,10.05,2342.906,3.546,62318.14,Europe
Netherlands,2012,NLD,9.799,2374.018,3.67,61480.812,Europe
Netherlands,2013,NLD,9.72,2258.202,3.61,61281.29,Europe
Netherlands,2014,NLD,9.249,2175.46,3.651,62045.855,Europe
Netherlands,2015,NLD,9.584,2414.153,4.031,63081.395,Europe
Netherlands,2016,NLD,9.579,2506.286,4.139,64267.74,Europe
Netherlands,2017,NLD,9.373,2906.195,4.795,65666.0,Europe
Netherlands,2018,NLD,9.085,3233.912,5.505,66758.266,Europe
Netherlands,2019,NLD,8.709,3894.91,6.709,67847.85,Europe
Netherlands,2020,NLD,7.766,5435.693,9.735,64862.19,Europe
Netherlands,2021,NLD,7.89,6538.391,11.483,68573.56,Europe
Netherlands,2022,NLD,7.121,7629.425,14.417,71324.04,Europe
Netherlands,2023,NLD,6.468,8561.005,16.63,70198.93,Europe
Netherlands,2024,NLD,6.297,9120.874,18.119,70498.88,Europe
New Zealand,1990,NZL,7.504,21675.588,40.273,30695.467,Oceania
New Zealand,1991,NZL,7.518,21072.354,39.293,28924.744,Oceania
New Zealand,1992,NZL,7.971,19303.381,36.402,28938.098,Oceania
New Zealand,1993,NZL,7.764,21075.979,39.094,30438.627,Oceania
New Zealand,1994,NZL,7.701,22474.469,40.072,31574.357,Oceania
New Zealand,1995,NZL,7.617,23388.635,40.821,32584.654,Oceania
New Zealand,1996,NZL,7.853,21981.324,38.333,33231.45,Oceania
New Zealand,1997,NZL,8.277,19635.914,34.585,33480.145,Oceania
New Zealand,1998,NZL,7.828,21181.328,37.698,33469.254,Oceania
New Zealand,1999,NZL,8.198,19524.355,34.58,35084.293,Oceania
New Zealand,2000,NZL,8.353,20712.252,35.364,35879.793,Oceania
New Zealand,2001,NZL,8.828,18322.582,31.767,36885.645,Oceania
New Zealand,2002,NZL,8.737,20017.92,34.139,37959.066,Oceania
New Zealand,2003,NZL,9.004,18646.236,33.366,38976.914,Oceania
New Zealand,2004,NZL,8.768,20913.676,36.99,39971.77,Oceania
New Zealand,2005,NZL,9.045,18442.223,33.787,40848.297,Oceania
New Zealand,2006,NZL,8.92,18512.279,34.047,41475.12,Oceania
New Zealand,2007,NZL,8.615,18629.203,34.701,42346.09,Oceania
New Zealand,2008,NZL,8.796,18087.959,33.836,41561.184,Oceania
New Zealand,2009,NZL,8.037,19730.23,37.362,41132.336,Oceania
New Zealand,2010,NZL,8.001,20554.561,38.311,41270.93,Oceania
New Zealand,2011,NZL,7.813,20962.76,39.187,41814.887,Oceania
New Zealand,2012,NZL,8.142,19700.959,36.696,42570.332,Oceania
New Zealand,2013,NZL,7.908,19711.93,36.769,43338.438,Oceania
New Zealand,2014,NZL,7.827,20720.326,37.452,44255.504,Oceania
New Zealand,2015,NZL,7.76,20851.242,38.143,44963.832,Oceania
New Zealand,2016,NZL,7.24,21035.561,38.817,45626.684,Oceania
New Zealand,2017,NZL,7.41,20038.508,37.085,46193.29,Oceania
New Zealand,2018,NZL,7.282,20107.986,38.098,46947.938,Oceania
New Zealand,2019,NZL,7.358,19517.045,36.9,47362.32,Oceania
New Zealand,2020,NZL,6.728,18595.084,39.275,46266.395,Oceania
New Zealand,2021,NZL,6.773,18690.176,40.316,48248.72,Oceania
New Zealand,2022,NZL,6.229,19700.674,43.295,49964.176,Oceania
New Zealand,2023,NZL,6.101,19614.064,42.265,49508.27,Oceania
New Zealand,2024,NZL,6.229,19150.08,42.554,49316.4,Oceania
North Macedonia,1990,MKD,5.378,660.898,4.612,12278.664,Europe
North Macedonia,1991,MKD,3.788,1145.697,8.041,11564.096,Europe
North Macedonia,1992,MKD,4.13,1158.936,7.83,10929.661,Europe
North Macedonia,1993,MKD,3.787,722.524,4.804,10242.651,Europe
North Macedonia,1994,MKD,3.966,968.829,6.818,10134.215,Europe
North Macedonia,1995,MKD,3.966,1113.318,7.805,9991.822,Europe
North Macedonia,1996,MKD,4.679,1173.192,7.127,10039.811,Europe
North Macedonia,1997,MKD,4.169,1234.102,8.375,10264.373,Europe
North Macedonia,1998,MKD,4.735,1476.428,8.919,10554.864,Europe
North Macedonia,1999,MKD,4.288,1883.871,11.962,10960.327,Europe
North Macedonia,2000,MKD,4.116,1579.776,10.608,11406.856,Europe
North Macedonia,2001,MKD,4.013,836.898,5.981,11010.618,Europe
North Macedonia,2002,MKD,3.778,999.755,7.348,11256.536,Europe
North Macedonia,2003,MKD,4.1,1798.712,11.797,11492.115,Europe
North Macedonia,2004,MKD,3.944,1924.804,12.822,12068.28,Europe
North Macedonia,2005,MKD,4.113,1919.196,12.409,12706.815,Europe
North Macedonia,2006,MKD,4.141,2111.668,13.409,13433.544,Europe
North Macedonia,2007,MKD,4.329,1290.205,8.212,14385.061,Europe
North Macedonia,2008,MKD,4.315,1077.369,7.049,15260.252,Europe
North Macedonia,2009,MKD,4.002,1628.31,10.849,15304.198,Europe
North Macedonia,2010,MKD,3.988,3088.4,18.923,15919.69,Europe
North Macedonia,2011,MKD,4.324,1822.556,11.084,16367.035,Europe
North Macedonia,2012,MKD,4.171,1328.341,8.636,16356.34,Europe
North Macedonia,2013,MKD,3.702,2028.882,13.683,16897.016,Europe
North Macedonia,2014,MKD,3.587,1646.927,11.857,17557.338,Europe
North Macedonia,2015,MKD,3.393,2601.456,17.673,18283.209,Europe
North Macedonia,2016,MKD,3.368,2659.653,17.241,18864.291,Europe
North Macedonia,2017,MKD,3.653,1686.774,11.201,19145.25,Europe
North Macedonia,2018,MKD,3.466,2565.424,16.351,19796.906,Europe
North Macedonia,2019,MKD,4.018,1772.26,10.903,20711.266,Europe
North Macedonia,2020,MKD,3.729,1966.569,13.396,19954.4,Europe
North Macedonia,2021,MKD,3.521,2228.248,14.348,21070.275,Europe
North Macedonia,2022,MKD,3.995,2163.208,13.053,21715.434,Europe
North Macedonia,2023,MKD,4.006,2956.764,16.833,22317.725,Europe
North Macedonia,2024,MKD,3.631,2576.669,16.037,23029.414,Europe
Norway,1990,NOR,8.254,79496.461,71.558,57106.883,Europe
Norway,1991,NOR,7.853,71940.023,70.179,58588.47,Europe
Norway,1992,NOR,8.026,75776.047,71.026,60333.45,Europe
Norway,1993,NOR,8.337,76992.594,70.755,61681.805,Europe
Norway,1994,NOR,8.731,71714.641,68.297,64432.074,Europe
Norway,1995,NOR,8.825,77658.844,69.429,66762.16,Europe
Norway,1996,NOR,9.482,66073.586,64.532,69764.38,Europe
Norway,1997,NOR,9.454,69401.828,65.003,73053.97,Europe
Norway,1998,NOR,9.441,72726.047,65.899,74558.3,Europe
Norway,1999,NOR,9.55,75819.195,67.145,75583.836,Europe
Norway,2000,NOR,9.381,87920.648,70.793,77587.21,Europe
Norway,2001,NOR,9.642,73921.734,66.998,78791.305,Europe
Norway,2002,NOR,9.381,78326.094,68.324,79447.09,Europe
Norway,2003,NOR,9.622,63324.148,62.65,79728.78,Europe
Norway,2004,NOR,9.638,64598.852,63.413,82440.95,Europe
Norway,2005,NOR,9.361,79416.359,68.685,84080.0,Europe
Norway,2006,NOR,9.411,69117.461,65.662,85458.55,Europe
Norway,2007,NOR,9.685,76318.305,67.798,87043.5,Europe
Norway,2008,NOR,9.373,77903.562,69.317,86379.664,Europe
Norway,2009,NOR,8.926,69006.656,67.628,83642.07,Europe
Norway,2010,NOR,9.339,63152.953,64.629,83256.79,Europe
Norway,2011,NOR,9.04,64073.328,65.624,83092.44,Europe
Norway,2012,NOR,8.819,74095.961,69.202,84237.15,Europe
Norway,2013,NOR,8.767,66000.477,66.873,84070.46,Europe
Norway,2014,NOR,8.754,68644.297,67.914,84830.26,Europe
Norway,2015,NOR,8.772,68681.938,67.676,85550.3,Europe
Norway,2016,NOR,8.539,70388.734,69.046,85787.62,Europe
Norway,2017,NOR,8.376,70073.414,68.894,87194.11,Europe
Norway,2018,NOR,8.372,67854.18,68.132,87338.47,Europe
Norway,2019,NOR,8.016,61763.324,66.741,87725.73,Europe
Norway,2020,NOR,7.673,70265.406,70.963,86096.055,Europe
Norway,2021,NOR,7.592,71890.391,71.305,88984.14,Europe
Norway,2022,NOR,7.483,65355.957,69.648,91051.086,Europe
Norway,2023,NOR,7.043,67630.133,70.758,90085.44,Europe
Norway,2024,NOR,6.668,68576.234,71.812,91105.25,Europe
Oman,1990,OMN,6.398,0.0,0.0,35201.55,Asia
Oman,1991,OMN,6.297,0.0,0.0,35574.676,Asia
Oman,1992,OMN,6.168,0.0,0.0,36841.402,Asia
Oman,1993,OMN,6.574,0.0,0.0,37455.34,Asia
Oman,1994,OMN,8.39,0.0,0.0,37782.723,Asia
Oman,1995,OMN,8.873,0.0,0.0,38946.773,Asia
Oman,1996,OMN,8.437,0.0,0.0,39455.83,Asia
Oman,1997,OMN,8.282,0.0,0.0,41191.03,Asia
Oman,1998,OMN,8.343,0.0,0.0,40574.676,Asia
Oman,1999,OMN,9.799,0.0,0.0,40145.93,Asia
Oman,2000,OMN,10.51,0.0,0.0,42086.043,Asia
Oman,2001,OMN,9.744,0.0,0.0,43492.285,Asia
Oman,2002,OMN,11.544,0.0,0.0,42654.15,Asia
Oman,2003,OMN,14.622,0.0,0.0,41247.586,Asia
Oman,2004,OMN,12.162,0.0,0.0,41351.77,Asia
Oman,2005,OMN,12.942,0.0,0.0,41551.14,Asia
Oman,2006,OMN,16.085,0.0,0.0,42540.44,Asia
Oman,2007,OMN,17.629,0.0,0.0,43696.97,Asia
Oman,2008,OMN,18.06,0.0,0.0,46586.395,Asia
Oman,2009,OMN,16.577,0.0,0.0,48304.117,Asia
Oman,2010,OMN,18.651,0.0,0.0,48191.613,Asia
Oman,2011,OMN,18.625,0.0,0.0,44440.31,Asia
Oman,2012,OMN,17.791,0.0,0.0,41964.082,Asia
Oman,2013,OMN,17.107,0.801,0.001,40854.484,Asia
Oman,2014,OMN,16.537,0.763,0.001,39639.99,Asia
Oman,2015,OMN,16.221,2.238,0.003,39813.79,Asia
Oman,2016,OMN,15.086,2.401,0.003,39860.99,Asia
Oman,2017,OMN,14.622,8.573,0.011,38691.11,Asia
Oman,2018,OMN,15.372,8.501,0.01,38673.605,Asia
Oman,2019,OMN,15.69,13.616,0.017,38292.387,Asia
Oman,2020,OMN,15.886,87.334,0.109,37560.6,Asia
Oman,2021,OMN,16.674,439.254,0.496,38719.457,Asia
Oman,2022,OMN,16.488,1018.87,1.136,39780.21,Asia
Oman,2023,OMN,15.806,983.601,1.142,37793.617,Asia
Oman,2024,OMN,15.651,942.92,1.115,36721.082,Asia
Pakistan,1990,PAK,0.584,408.585,15.694,3199.7297,Asia
Pakistan,1991,PAK,0.562,423.006,15.851,3252.351,Asia
Pakistan,1992,PAK,0.583,448.43,16.468,3404.1213,Asia
Pakistan,1993,PAK,0.608,479.659,16.362,3369.238,Asia
Pakistan,1994,PAK,0.643,457.345,15.512,3395.5044,Asia
Pakistan,1995,PAK,0.621,469.491,15.541,3462.4734,Asia
Pakistan,1996,PAK,0.675,497.133,15.909,3526.1416,Asia
Pakistan,1997,PAK,0.658,359.502,12.213,3462.5815,Asia
Pakistan,1998,PAK,0.66,457.037,14.898,3454.1768,Asia
Pakistan,1999,PAK,0.66,396.742,12.713,3484.4568,Asia
Pakistan,2000,PAK,0.671,333.608,10.753,3531.713,Asia
Pakistan,2001,PAK,0.662,334.37,10.829,3559.7278,Asia
Pakistan,2002,PAK,0.677,361.109,11.551,3563.6785,Asia
Pakistan,2003,PAK,0.677,420.54,12.784,3668.7793,Asia
Pakistan,2004,PAK,0.728,434.419,12.115,3859.646,Asia
Pakistan,2005,PAK,0.741,470.358,12.98,4042.1545,Asia
Pakistan,2006,PAK,0.768,450.153,11.995,4185.8667,Asia
Pakistan,2007,PAK,0.804,456.67,11.84,4257.926,Asia
Pakistan,2008,PAK,0.78,380.683,10.105,4233.348,Asia
Pakistan,2009,PAK,0.763,388.284,10.194,4270.439,Asia
Pakistan,2010,PAK,0.74,389.808,10.436,4228.7817,Asia
Pakistan,2011,PAK,0.734,389.356,10.606,4246.067,Asia
Pakistan,2012,PAK,0.725,134.427,3.989,4292.021,Asia
Pakistan,2013,PAK,0.702,385.099,10.559,4407.147,Asia
Pakistan,2014,PAK,0.704,391.039,10.733,4520.235,Asia
Pakistan,2015,PAK,0.667,394.481,10.407,4645.286,Asia
Pakistan,2016,PAK,0.803,417.8,10.286,4886.6123,Asia
Pakistan,2017,PAK,0.949,380.361,8.975,5031.5605,Asia
Pakistan,2018,PAK,0.897,376.307,8.879,5255.0635,Asia
Pakistan,2019,PAK,0.827,437.188,10.438,5295.953,Asia
Pakistan,2020,PAK,0.917,464.741,11.468,5135.0146,Asia
Pakistan,2021,PAK,1.017,438.92,9.927,5367.2734,Asia
Pakistan,2022,PAK,0.87,421.589,10.571,5526.2793,Asia
Pakistan,2023,PAK,0.755,444.041,12.266,5418.7695,Asia
Pakistan,2024,PAK,0.716,438.377,12.507,5500.3237,Asia
Peru,1990,PER,0.972,1340.262,28.065,6317.079,South America
Peru,1991,PER,0.923,1438.274,31.07,6322.5747,South America
Peru,1992,PER,0.915,1191.018,26.897,6161.6357,South America
Peru,1993,PER,1.02,1414.365,29.879,6355.262,South America
Peru,1994,PER,1.012,1498.24,29.688,6997.706,South America
Peru,1995,PER,1.033,1494.174,27.773,7372.0425,South America
Peru,1996,PER,0.996,1508.967,27.724,7437.1924,South America
Peru,1997,PER,1.098,1471.458,28.091,7773.827,South America
Peru,1998,PER,1.09,1505.609,28.377,7603.809,South America
Peru,1999,PER,1.129,1559.07,29.158,7585.328,South America
Peru,2000,PER,1.078,1707.986,31.45,7669.095,South America
Peru,2001,PER,0.937,1823.589,34.392,7611.6665,South America
Peru,2002,PER,0.938,1838.974,34.293,7931.5796,South America
Peru,2003,PER,0.903,1859.735,35.519,8174.3794,South America
Peru,2004,PER,1.023,1726.663,31.152,8495.986,South America
Peru,2005,PER,1.079,1761.28,30.827,8949.954,South America
Peru,2006,PER,0.999,1920.29,33.532,9547.913,South America
Peru,2007,PER,1.212,1900.886,30.645,10286.3545,South America
Peru,2008,PER,1.239,1839.292,27.606,11151.53,South America
Peru,2009,PER,1.364,1921.789,28.469,11204.377,South America
Peru,2010,PER,1.461,1945.591,25.513,12059.018,South America
Peru,2011,PER,1.444,2060.461,24.656,12726.6,South America
Peru,2012,PER,1.54,2125.994,24.827,13395.399,South America
Peru,2013,PER,1.433,2168.512,24.991,14052.138,South America
Peru,2014,PER,1.64,2179.851,24.772,14244.566,South America
Peru,2015,PER,1.615,2269.006,24.89,14542.793,South America
Peru,2016,PER,1.707,2249.626,23.56,14917.449,South America
Peru,2017,PER,1.747,2633.602,27.624,15069.522,South America
Peru,2018,PER,1.756,2773.248,28.247,15386.26,South America
Peru,2019,PER,1.808,2775.752,28.051,15463.543,South America
Peru,2020,PER,1.438,2677.881,31.113,13609.6,South America
Peru,2021,PER,1.808,2779.561,28.608,15280.551,South America
Peru,2022,PER,1.935,2602.896,26.155,15559.821,South America
Peru,2023,PER,1.952,2553.576,25.562,15327.582,South America
Peru,2024,PER,2.053,2872.878,26.656,15661.75,South America
Philippines,1990,PHL,0.649,561.027,18.763,4504.4624,Asia
Philippines,1991,PHL,0.666,501.465,17.445,4378.3955,Asia
Philippines,1992,PHL,0.725,457.267,15.153,4293.7183,Asia
Philippines,1993,PHL,0.716,469.144,14.536,4283.1597,Asia
Philippines,1994,PHL,0.775,522.076,15.869,4374.0674,Asia
Philippines,1995,PHL,0.839,517.15,14.08,4477.323,Asia
Philippines,1996,PHL,0.837,553.351,14.387,4631.772,Asia
Philippines,1997,PHL,0.936,534.09,13.018,4758.7085,Asia
Philippines,1998,PHL,0.889,553.211,13.896,4616.673,Asia
Philippines,1999,PHL,0.865,705.874,17.887,4650.7593,Asia
Philippines,2000,PHL,0.898,728.35,18.729,4740.439,Asia
Philippines,2001,PHL,0.857,641.948,17.257,4778.401,Asia
Philippines,2002,PHL,0.837,617.273,16.848,4856.4995,Asia
Philippines,2003,PHL,0.82,615.339,16.612,5003.3833,Asia
Philippines,2004,PHL,0.833,641.449,17.238,5229.4507,Asia
Philippines,2005,PHL,0.822,608.5,16.653,5386.8164,Asia
Philippines,2006,PHL,0.733,664.144,19.318,5578.5723,Asia
Philippines,2007,PHL,0.769,608.45,17.341,5840.068,Asia
Philippines,2008,PHL,0.826,654.205,18.352,5987.0376,Asia
Philippines,2009,PHL,0.801,634.69,17.917,5965.307,Asia
Philippines,2010,PHL,0.854,559.854,15.667,6273.039,Asia
Philippines,2011,PHL,0.845,602.728,16.874,6388.313,Asia
Philippines,2012,PHL,0.873,622.831,17.177,6697.556,Asia
Philippines,2013,PHL,0.929,590.285,15.493,7016.5386,Asia
Philippines,2014,PHL,0.964,584.263,14.804,7340.362,Asia
Philippines,2015,PHL,1.054,612.672,14.375,7691.763,Asia
Philippines,2016,PHL,1.126,633.259,13.798,8131.825,Asia
Philippines,2017,PHL,1.235,652.938,13.161,8584.136,Asia
Philippines,2018,PHL,1.278,650.076,12.831,9016.286,Asia
Philippines,2019,PHL,1.287,616.769,11.974,9452.294,Asia
Philippines,2020,PHL,1.173,593.568,12.827,8455.185,Asia
Philippines,2021,PHL,1.24,629.372,12.948,8857.79,Asia
Philippines,2022,PHL,1.325,658.013,13.032,9457.104,Asia
Philippines,2023,PHL,1.401,689.676,12.922,9898.533,Asia
Philippines,2024,PHL,1.51,726.649,12.818,10375.94,Asia
Poland,1990,POL,9.889,107.947,0.339,12821.464,Europe
Poland,1991,POL,9.786,110.547,0.356,11879.754,Europe
Poland,1992,POL,9.528,118.56,0.4,12141.235,Europe
Poland,1993,POL,9.53,112.912,0.382,12563.1045,Europe
Poland,1994,POL,9.388,129.7,0.459,13200.161,Europe
Poland,1995,POL,9.448,142.157,0.492,14227.566,Europe
Poland,1996,POL,9.831,150.668,0.497,15083.098,Europe
Poland,1997,POL,9.575,155.963,0.519,16031.721,Europe
Poland,1998,POL,8.845,185.577,0.644,16766.648,Europe
Poland,1999,POL,8.598,172.388,0.61,17556.002,Europe
Poland,2000,POL,8.294,171.324,0.644,18566.355,Europe
Poland,2001,POL,8.191,205.212,0.777,18800.602,Europe
Poland,2002,POL,8.0,202.601,0.775,19166.914,Europe
Poland,2003,POL,8.343,173.817,0.642,19855.63,Europe
Poland,2004,POL,8.479,231.635,0.849,20878.654,Europe
Poland,2005,POL,8.461,302.944,1.088,21568.947,Europe
Poland,2006,POL,8.836,350.693,1.203,22921.197,Europe
Poland,2007,POL,8.83,439.771,1.515,24484.066,Europe
Poland,2008,POL,8.67,636.96,2.154,25553.906,Europe
Poland,2009,POL,8.312,834.035,2.923,26204.41,Europe
Poland,2010,POL,8.768,1025.493,3.379,27112.133,Europe
Poland,2011,POL,8.726,1203.283,3.959,28521.662,Europe
Poland,2012,POL,8.518,1510.411,5.13,28952.916,Europe
Poland,2013,POL,8.41,1491.093,5.052,29168.625,Europe
Poland,2014,POL,8.086,1682.429,5.922,30334.879,Europe
Poland,2015,POL,8.168,1836.438,6.387,31700.37,Europe
Poland,2016,POL,8.449,1762.395,5.878,32675.305,Europe
Poland,2017,POL,8.796,1865.879,5.924,34354.598,Europe
Poland,2018,POL,8.779,1792.17,5.621,36500.41,Europe
Poland,2019,POL,8.304,2078.271,6.71,38181.62,Europe
Poland,2020,POL,7.914,2279.751,7.663,37852.8,Europe
Poland,2021,POL,8.693,2438.521,7.599,41059.586,Europe
Poland,2022,POL,8.203,2884.857,9.37,43405.023,Europe
Poland,2023,POL,7.307,3414.776,11.752,43672.766,Europe
Poland,2024,POL,7.08,3786.503,13.045,45153.043,Europe
Portugal,1990,PRT,4.536,2763.334,13.736,27190.572,Europe
Portugal,1991,PRT,4.702,2774.825,13.248,28443.795,Europe
Portugal,1992,PRT,5.116,1575.055,7.339,28776.047,Europe
Portugal,1993,PRT,4.961,2664.782,12.161,28153.615,Europe
Portugal,1994,PRT,5.025,3267.96,14.334,28348.865,Europe
Portugal,1995,PRT,5.433,2635.45,10.868,29460.814,Europe
Portugal,1996,PRT,5.145,4391.677,17.71,30378.756,Europe
Portugal,1997,PRT,5.407,3947.163,15.714,31574.402,Europe
Portugal,1998,PRT,5.828,3906.392,14.322,32925.664,Europe
Portugal,1999,PRT,6.547,2393.829,8.619,34018.965,Europe
Portugal,2000,PRT,6.37,3522.575,12.409,35069.83,Europe
Portugal,2001,PRT,6.296,4250.475,14.858,35500.227,Europe
Portugal,2002,PRT,6.682,2618.802,9.233,35578.52,Europe
Portugal,2003,PRT,6.168,4671.599,16.157,35115.38,Europe
Portugal,2004,PRT,6.421,3249.702,11.475,35658.13,Europe
Portugal,2005,PRT,6.63,2177.983,7.701,35870.31,Europe
Portugal,2006,PRT,6.163,4128.458,14.808,36387.535,Europe
Portugal,2007,PRT,5.915,4318.51,15.435,37226.47,Europe
Portugal,2008,PRT,5.681,3902.855,14.553,37291.504,Europe
Portugal,2009,PRT,5.403,4894.613,18.133,36092.812,Europe
Portugal,2010,PRT,5.0,7478.252,26.402,36703.113,Europe
Portugal,2011,PRT,4.905,6414.313,23.66,36127.297,Europe
Portugal,2012,PRT,4.749,5218.018,20.965,34804.633,Europe
Portugal,2013,PRT,4.604,7689.539,28.202,34651.773,Europe
Portugal,2014,PRT,4.607,8208.471,29.761,35097.41,Europe
Portugal,2015,PRT,5.037,6532.621,23.685,35803.36,Europe
Portugal,2016,PRT,4.863,8332.562,28.268,36636.297,Europe
Portugal,2017,PRT,5.34,5957.793,20.606,37943.113,Europe
Portugal,2018,PRT,4.972,7609.874,26.2,39123.613,Europe
Portugal,2019,PRT,4.6,7090.821,25.366,40188.285,Europe
Portugal,2020,PRT,4.025,7710.728,30.635,36852.23,Europe
Portugal,2021,PRT,3.878,8122.087,32.197,38657.668,Europe
Portugal,2022,PRT,3.909,7146.849,28.753,41070.86,Europe
Portugal,2023,PRT,3.607,8676.168,34.67,41768.254,Europe
Portugal,2024,PRT,3.409,10090.192,39.741,42197.203,Europe
Qatar,1990,QAT,25.962,0.0,0.0,71584.375,Asia
Qatar,1991,QAT,38.285,0.0,0.0,68122.87,Asia
Qatar,1992,QAT,57.097,0.0,0.0,73450.95,Asia
Qatar,1993,QAT,63.4,0.0,0.0,70250.695,Asia
Qatar,1994,QAT,64.819,0.0,0.0,69119.88,Asia
Qatar,1995,QAT,64.491,0.0,0.0,68732.47,Asia
Qatar,1996,QAT,65.162,0.0,0.0,69746.15,Asia
Qatar,1997,QAT,76.715,0.0,0.0,87140.04,Asia
Qatar,1998,QAT,63.665,0.0,0.0,91901.07,Asia
Qatar,1999,QAT,59.305,0.0,0.0,90837.375,Asia
Qatar,2000,QAT,62.646,0.0,0.0,93186.97,Asia
Qatar,2001,QAT,67.727,0.0,0.0,92115.734,Asia
Qatar,2002,QAT,63.518,0.0,0.0,94111.59,Asia
Qatar,2003,QAT,62.618,0.0,0.0,93224.36,Asia
Qatar,2004,QAT,61.344,0.0,0.0,107023.58,Asia
Qatar,2005,QAT,57.767,0.0,0.0,107784.414,Asia
Qatar,2006,QAT,61.421,0.0,0.0,115383.63,Asia
Qatar,2007,QAT,49.255,0.0,0.0,109579.68,Asia
Qatar,2008,QAT,43.359,0.0,0.0,109206.3,Asia
Qatar,2009,QAT,41.175,0.0,0.0,108435.75,Asia
Qatar,2010,QAT,43.09,0.0,0.0,129044.71,Asia
Qatar,2011,QAT,45.175,18.029,0.008,145590.77,Asia
Qatar,2012,QAT,49.152,17.112,0.007,143830.56,Asia
Qatar,2013,QAT,44.982,122.3,0.051,136453.94,Asia
Qatar,2014,QAT,41.31,150.887,0.065,128013.945,Asia
Qatar,2015,QAT,38.441,160.42,0.065,123070.82,Asia
Qatar,2016,QAT,35.154,155.687,0.069,120054.24,Asia
Qatar,2017,QAT,39.035,156.597,0.075,115064.836,Asia
Qatar,2018,QAT,37.166,159.788,0.077,114909.79,Asia
Qatar,2019,QAT,36.252,138.719,0.066,113160.836,Asia
Qatar,2020,QAT,36.145,157.173,0.086,103061.9,Asia
Qatar,2021,QAT,37.082,156.079,0.081,116832.66,Asia
Qatar,2022,QAT,37.89,375.654,0.192,114740.164,Asia
Qatar,2023,QAT,40.128,1696.53,0.816,116563.99,Asia
Qatar,2024,QAT,41.271,1738.326,0.811,110889.79,Asia
Romania,1990,ROU,7.696,1382.039,4.324,15525.551,Europe
Romania,1991,ROU,6.199,1765.873,6.517,13637.886,Europe
Romania,1992,ROU,5.761,1418.719,5.926,12555.141,Europe
Romania,1993,ROU,5.372,1552.815,6.656,12764.45,Europe
Romania,1994,ROU,5.311,1592.481,7.212,13285.642,Europe
Romania,1995,ROU,5.547,2046.518,8.403,14142.388,Europe
Romania,1996,ROU,5.728,1941.445,7.979,14737.432,Europe
Romania,1997,ROU,5.27,2171.674,9.362,14063.233,Europe
Romania,1998,ROU,4.702,2354.78,11.044,13806.323,Europe
Romania,1999,ROU,4.011,2292.033,12.167,13775.929,Europe
Romania,2000,ROU,4.228,1861.993,9.836,14133.272,Europe
Romania,2001,ROU,4.513,1880.653,9.765,15079.731,Europe
Romania,2002,ROU,4.551,2019.797,10.037,16234.217,Europe
Romania,2003,ROU,4.803,1673.537,8.239,16734.549,Europe
Romania,2004,ROU,4.823,2091.423,9.814,18585.242,Europe
Romania,2005,ROU,4.777,2561.525,11.901,19573.328,Europe
Romania,2006,ROU,4.958,2333.905,10.578,21270.467,Europe
Romania,2007,ROU,5.199,2062.838,9.612,23148.574,Europe
Romania,2008,ROU,5.164,2221.811,10.317,25728.3,Europe
Romania,2009,ROU,4.267,2007.146,10.621,24512.307,Europe
Romania,2010,ROU,4.135,2655.182,13.83,23695.225,Europe
Romania,2011,ROU,4.555,2195.766,10.997,24882.553,Europe
Romania,2012,ROU,4.457,2014.35,10.404,25469.354,Europe
Romania,2013,ROU,3.927,2643.436,14.507,25635.37,Europe
Romania,2014,ROU,3.973,3283.698,17.513,26790.684,Europe
Romania,2015,ROU,3.928,3446.227,18.196,27766.688,Europe
Romania,2016,ROU,3.873,3587.689,18.867,28725.11,Europe
Romania,2017,ROU,4.034,3261.72,16.748,31259.43,Europe
Romania,2018,ROU,4.076,3513.036,17.773,33139.85,Europe
Romania,2019,ROU,3.933,3364.234,17.297,34634.26,Europe
Romania,2020,ROU,3.813,3410.746,18.117,33572.508,Europe
Romania,2021,ROU,4.026,3635.428,18.153,35713.77,Europe
Romania,2022,ROU,3.818,3304.656,17.783,37353.047,Europe
Romania,2023,ROU,3.55,3874.802,20.908,38171.207,Europe
Romania,2024,ROU,3.605,3530.437,19.112,38539.58,Europe
Russia,1990,RUS,17.024,3112.261,4.619,29643.596,Europe
Russia,1991,RUS,16.11,3125.699,4.718,28066.922,Europe
Russia,1992,RUS,13.185,3220.773,5.034,23965.244,Europe
Russia,1993,RUS,12.6,3269.465,5.454,21899.518,Europe
Russia,1994,RUS,11.112,3298.728,6.035,19153.363,Europe
Russia,1995,RUS,10.913,3302.836,6.39,18363.713,Europe
Russia,1996,RUS,10.714,2895.739,5.811,17699.87,Europe
Russia,1997,RUS,10.023,2958.969,6.271,17977.352,Europe
Russia,1998,RUS,9.929,2983.365,6.325,17052.756,Europe
Russia,1999,RUS,10.147,3028.976,6.326,18200.32,Europe
Russia,2000,RUS,10.091,3108.138,6.354,20104.75,Europe
Russia,2001,RUS,10.389,3290.159,6.595,21219.904,Europe
Russia,2002,RUS,10.335,3048.324,6.127,22319.678,Europe
Russia,2003,RUS,10.556,2917.368,5.738,24057.928,Europe
Russia,2004,RUS,10.644,3289.115,6.387,25894.146,Europe
Russia,2005,RUS,10.816,3218.834,6.235,27656.658,Europe
Russia,2006,RUS,11.266,3226.326,5.962,30022.672,Europe
Russia,2007,RUS,11.291,3283.726,6.025,32630.37,Europe
Russia,2008,RUS,11.492,3033.945,5.539,34342.227,Europe
Russia,2009,RUS,10.741,3188.867,6.13,31654.004,Europe
Russia,2010,RUS,11.346,3023.876,5.597,33063.586,Europe
Russia,2011,RUS,11.698,2944.808,5.274,34444.645,Europe
Russia,2012,RUS,11.782,2930.673,5.226,35740.7,Europe
Russia,2013,RUS,11.324,3214.61,5.816,36260.066,Europe
Russia,2014,RUS,11.298,3060.822,5.531,35853.246,Europe
Russia,2015,RUS,11.254,2945.668,5.423,35037.152,Europe
Russia,2016,RUS,11.177,3204.763,5.807,35005.45,Europe
Russia,2017,RUS,11.362,3194.574,5.769,35570.39,Europe
Russia,2018,RUS,11.677,3271.692,5.709,36536.695,Europe
Russia,2019,RUS,11.632,3327.536,5.855,37319.32,Europe
Russia,2020,RUS,11.149,3664.498,6.679,36376.336,Europe
Russia,2021,RUS,11.482,3742.724,6.586,38638.43,Europe
Russia,2022,RUS,11.509,3491.902,5.92,38214.496,Europe
Russia,2023,RUS,11.916,3543.938,5.913,39887.34,Europe
Russia,2024,RUS,12.295,3731.375,5.999,41704.71,Europe
Saudi Arabia,1990,SAU,17.101,0.0,0.0,65196.574,Asia
Saudi Arabia,1991,SAU,21.91,0.0,0.0,67268.555,Asia
Saudi Arabia,1992,SAU,23.618,0.0,0.0,67183.91,Asia
Saudi Arabia,1993,SAU,24.374,0.0,0.0,64517.664,Asia
Saudi Arabia,1994,SAU,22.84,0.0,0.0,62403.695,Asia
Saudi Arabia,1995,SAU,20.664,0.0,0.0,60058.316,Asia
Saudi Arabia,1996,SAU,19.485,0.0,0.0,59612.812,Asia
Saudi Arabia,1997,SAU,15.802,0.0,0.0,58875.547,Asia
Saudi Arabia,1998,SAU,14.67,0.0,0.0,58306.62,Asia
Saudi Arabia,1999,SAU,15.364,0.0,0.0,55878.17,Asia
Saudi Arabia,2000,SAU,19.14,0.0,0.0,55962.266,Asia
Saudi Arabia,2001,SAU,19.034,0.0,0.0,53309.113,Asia
Saudi Arabia,2002,SAU,19.37,0.0,0.0,50371.977,Asia
Saudi Arabia,2003,SAU,18.695,0.0,0.0,52234.65,Asia
Saudi Arabia,2004,SAU,20.728,0.0,0.0,54196.55,Asia
Saudi Arabia,2005,SAU,20.05,0.0,0.0,54931.793,Asia
Saudi Arabia,2006,SAU,20.736,0.0,0.0,54373.74,Asia
Saudi Arabia,2007,SAU,18.925,0.0,0.0,53318.418,Asia
Saudi Arabia,2008,SAU,20.158,0.069,0.0,54407.707,Asia
Saudi Arabia,2009,SAU,20.81,0.066,0.0,51760.766,Asia
Saudi Arabia,2010,SAU,22.087,0.423,0.0,54911.547,Asia
Saudi Arabia,2011,SAU,20.694,0.535,0.001,58645.445,Asia
Saudi Arabia,2012,SAU,22.382,2.442,0.002,59471.7,Asia
Saudi Arabia,2013,SAU,20.808,3.876,0.004,57998.465,Asia
Saudi Arabia,2014,SAU,20.177,4.026,0.004,58872.266,Asia
Saudi Arabia,2015,SAU,20.836,3.875,0.004,58498.54,Asia
Saudi Arabia,2016,SAU,20.873,3.753,0.004,57308.45,Asia
Saudi Arabia,2017,SAU,20.937,5.673,0.005,57942.547,Asia
Saudi Arabia,2018,SAU,21.479,13.46,0.013,61359.465,Asia
Saudi Arabia,2019,SAU,23.245,17.255,0.018,62647.73,Asia
Saudi Arabia,2020,SAU,21.089,73.027,0.078,57420.734,Asia
Saudi Arabia,2021,SAU,22.197,78.621,0.083,62690.496,Asia
Saudi Arabia,2022,SAU,20.73,153.489,0.157,67178.59,Asia
Saudi Arabia,2023,SAU,20.365,345.643,0.359,64481.844,Asia
Saudi Arabia,2024,SAU,20.379,705.376,0.728,62792.773,Asia
Singapore,1990,SGP,14.323,87.388,0.097,45567.79,Asia
Singapore,1991,SGP,14.104,244.118,0.275,47251.695,Asia
Singapore,1992,SGP,14.704,237.296,0.256,48897.81,Asia
Singapore,1993,SGP,14.968,230.756,0.235,53139.844,Asia
Singapore,1994,SGP,17.58,224.01,0.205,57213.098,Asia
Singapore,1995,SGP,11.474,216.669,0.197,59483.637,Asia
Singapore,1996,SGP,13.102,208.927,0.195,61381.754,Asia
Singapore,1997,SGP,14.944,201.659,0.185,64291.203,Asia
Singapore,1998,SGP,12.153,196.243,0.183,60782.195,Asia
Singapore,1999,SGP,12.404,193.02,0.185,63746.48,Asia
Singapore,2000,SGP,9.261,189.734,0.173,68314.55,Asia
Singapore,2001,SGP,9.359,359.102,0.295,65784.4,Asia
Singapore,2002,SGP,9.696,356.441,0.307,67744.27,Asia
Singapore,2003,SGP,9.553,373.8,0.341,71877.53,Asia
Singapore,2004,SGP,9.826,358.725,0.292,78039.02,Asia
Singapore,2005,SGP,9.278,349.709,0.275,81841.16,Asia
Singapore,2006,SGP,9.212,335.941,0.247,86463.83,Asia
Singapore,2007,SGP,8.942,335.587,0.238,90417.805,Asia
Singapore,2008,SGP,8.363,338.804,0.236,87329.59,Asia
Singapore,2009,SGP,8.212,332.353,0.223,84843.516,Asia
Singapore,2010,SGP,8.745,362.99,0.233,95456.19,Asia
Singapore,2011,SGP,9.069,367.386,0.231,99296.76,Asia
Singapore,2012,SGP,8.709,379.291,0.242,101187.83,Asia
Singapore,2013,SGP,8.727,415.454,0.265,104359.03,Asia
Singapore,2014,SGP,8.721,437.178,0.277,107066.86,Asia
Singapore,2015,SGP,8.941,481.738,0.292,108953.73,Asia
Singapore,2016,SGP,8.803,488.909,0.284,111579.74,Asia
Singapore,2017,SGP,8.94,486.864,0.277,116471.82,Asia
Singapore,2018,SGP,8.927,482.577,0.274,119927.766,Asia
Singapore,2019,SGP,8.643,504.024,0.293,120114.13,Asia
Singapore,2020,SGP,8.309,510.441,0.314,115893.04,Asia
Singapore,2021,SGP,9.033,555.244,0.338,132617.36,Asia
Singapore,2022,SGP,8.661,826.298,0.521,133571.97,Asia
Singapore,2023,SGP,8.821,844.254,0.493,129555.24,Asia
Singapore,2024,SGP,9.245,985.022,0.545,132569.53,Asia
Slovakia,1990,SVK,11.684,991.672,2.112,17528.242,Europe
Slovakia,1991,SVK,10.092,740.057,1.768,14962.115,Europe
Slovakia,1992,SVK,9.221,1013.966,2.529,13951.908,Europe
Slovakia,1993,SVK,8.71,1808.092,4.615,14163.014,Europe
Slovakia,1994,SVK,8.198,2264.028,5.892,14982.747,Europe
Slovakia,1995,SVK,8.254,2531.72,6.511,15811.925,Europe
Slovakia,1996,SVK,8.219,2189.617,5.597,16744.068,Europe
Slovakia,1997,SVK,8.221,2102.3,5.482,17630.04,Europe
Slovakia,1998,SVK,8.164,2205.25,5.696,18280.05,Europe
Slovakia,1999,SVK,8.012,2310.81,5.926,18174.98,Europe
Slovakia,2000,SVK,7.656,2382.796,5.923,18343.236,Europe
Slovakia,2001,SVK,8.044,2682.606,6.48,18914.39,Europe
Slovakia,2002,SVK,7.816,2777.906,6.658,19757.068,Europe
Slovakia,2003,SVK,7.879,1826.136,4.499,20730.25,Europe
Slovakia,2004,SVK,7.972,2083.346,5.248,21851.955,Europe
Slovakia,2005,SVK,7.971,2361.473,5.658,23266.758,Europe
Slovakia,2006,SVK,7.93,2508.889,6.177,25342.31,Europe
Slovakia,2007,SVK,7.631,2609.465,6.844,28075.807,Europe
Slovakia,2008,SVK,7.701,2441.149,6.238,29556.262,Europe
Slovakia,2009,SVK,6.997,2625.209,7.41,27891.896,Europe
Slovakia,2010,SVK,7.134,3140.685,8.314,29758.174,Europe
Slovakia,2011,SVK,7.048,2727.632,7.51,30481.377,Europe
Slovakia,2012,SVK,6.654,2907.868,8.349,30907.04,Europe
Slovakia,2013,SVK,6.584,3317.78,9.315,31090.988,Europe
Slovakia,2014,SVK,6.225,3370.635,10.176,31901.943,Europe
Slovakia,2015,SVK,6.37,3323.049,9.931,33521.594,Europe
Slovakia,2016,SVK,6.445,3566.207,10.577,34130.504,Europe
Slovakia,2017,SVK,6.657,3511.669,9.896,35057.223,Europe
Slovakia,2018,SVK,6.648,3153.971,9.047,36430.793,Europe
Slovakia,2019,SVK,6.211,3543.796,10.549,37209.535,Europe
Slovakia,2020,SVK,5.715,3630.7,11.039,36216.4,Europe
Slovakia,2021,SVK,6.477,3632.72,10.213,38346.094,Europe
Slovakia,2022,SVK,5.772,3153.284,9.672,38664.906,Europe
Slovakia,2023,SVK,5.576,3488.506,10.553,39518.223,Europe
Slovakia,2024,SVK,5.283,3678.245,11.295,40319.055,Europe
Slovenia,1990,SVN,7.556,4134.669,12.088,25345.049,Europe
Slovenia,1991,SVN,6.991,5013.139,14.667,23074.668,Europe
Slovenia,1992,SVN,6.957,4764.023,14.881,21845.963,Europe
Slovenia,1993,SVN,7.16,4234.726,12.808,22520.738,Europe
Slovenia,1994,SVN,7.363,4748.703,13.491,23747.986,Europe
Slovenia,1995,SVN,7.724,4543.706,12.293,24718.023,Europe
Slovenia,1996,SVN,8.054,5128.312,13.217,25454.125,Europe
Slovenia,1997,SVN,8.321,4326.796,10.88,26806.463,Europe
Slovenia,1998,SVN,8.103,4839.894,12.121,27688.094,Europe
Slovenia,1999,SVN,7.782,5291.236,13.415,29125.89,Europe
Slovenia,2000,SVN,7.58,5470.433,14.026,30055.572,Europe
Slovenia,2001,SVN,8.197,5383.361,13.181,30857.111,Europe
Slovenia,2002,SVN,8.321,4717.613,11.619,31830.555,Europe
Slovenia,2003,SVN,8.17,4235.119,10.627,32827.75,Europe
Slovenia,2004,SVN,8.382,5756.413,13.64,34298.13,Europe
Slovenia,2005,SVN,8.484,4831.209,11.438,35558.38,Europe
Slovenia,2006,SVN,8.579,4973.436,11.735,37539.46,Europe
Slovenia,2007,SVN,8.614,4554.15,10.853,39995.207,Europe
Slovenia,2008,SVN,9.029,5827.059,12.746,41278.61,Europe
Slovenia,2009,SVN,7.963,6553.404,15.641,37802.09,Europe
Slovenia,2010,SVN,8.053,6363.255,15.228,38056.18,Europe
Slovenia,2011,SVN,7.987,5174.299,12.763,38226.125,Europe
Slovenia,2012,SVN,7.678,5794.243,14.747,37033.766,Europe
Slovenia,2013,SVN,7.361,6758.373,17.451,36678.875,Europe
Slovenia,2014,SVN,6.592,8483.871,21.441,37655.2,Europe
Slovenia,2015,SVN,6.631,5591.392,15.619,38527.42,Europe
Slovenia,2016,SVN,7.019,6351.829,16.631,39667.457,Europe
Slovenia,2017,SVN,7.097,5622.047,14.55,41692.836,Europe
Slovenia,2018,SVN,7.037,6786.819,17.278,43361.094,Europe
Slovenia,2019,SVN,6.745,6600.878,17.43,44569.586,Europe
Slovenia,2020,SVN,6.123,7160.769,19.778,42463.562,Europe
Slovenia,2021,SVN,6.187,7004.991,19.61,45914.06,Europe
Slovenia,2022,SVN,6.017,5247.844,15.912,47050.066,Europe
Slovenia,2023,SVN,5.67,7878.974,23.026,47977.426,Europe
Slovenia,2024,SVN,6.018,9084.189,24.736,48648.906,Europe
South Africa,1990,ZAF,7.68,68.854,0.273,10811.151,Africa
South Africa,1991,ZAF,7.821,131.933,0.539,10459.356,Africa
South Africa,1992,ZAF,7.1,49.216,0.204,10053.61,Africa
South Africa,1993,ZAF,7.399,9.367,0.04,9976.965,Africa
South Africa,1994,ZAF,7.697,67.797,0.279,10130.806,Africa
South Africa,1995,ZAF,8.121,32.99,0.132,10318.839,Africa
South Africa,1996,ZAF,8.061,85.353,0.338,10623.86,Africa
South Africa,1997,ZAF,8.435,137.241,0.538,10770.278,Africa
South Africa,1998,ZAF,8.162,111.467,0.45,10693.688,Africa
South Africa,1999,ZAF,8.022,56.329,0.223,10831.659,Africa
South Africa,2000,ZAF,8.022,97.039,0.386,11183.825,Africa
South Africa,2001,ZAF,7.812,128.37,0.513,11387.492,Africa
South Africa,2002,ZAF,7.424,159.791,0.661,11697.565,Africa
South Africa,2003,ZAF,8.338,85.091,0.328,11923.121,Africa
South Africa,2004,ZAF,9.171,91.435,0.327,12341.21,Africa
South Africa,2005,ZAF,8.41,100.778,0.384,12861.563,Africa
South Africa,2006,ZAF,8.935,183.383,0.692,13444.233,Africa
South Africa,2007,ZAF,9.203,194.673,0.723,14016.244,Africa
South Africa,2008,ZAF,9.678,106.477,0.373,14297.688,Africa
South Africa,2009,ZAF,9.173,109.357,0.39,13910.702,Africa
South Africa,2010,ZAF,8.928,86.615,0.31,14164.996,Africa
South Africa,2011,ZAF,8.949,188.635,0.692,14434.261,Africa
South Africa,2012,ZAF,8.58,94.637,0.358,14563.763,Africa
South Africa,2013,ZAF,8.343,103.817,0.397,14681.097,Africa
South Africa,2014,ZAF,8.663,210.816,0.81,14643.339,Africa
South Africa,2015,ZAF,8.065,321.581,1.29,14541.675,Africa
South Africa,2016,ZAF,7.982,382.581,1.482,14501.281,Africa
South Africa,2017,ZAF,7.634,551.836,2.16,14573.598,Africa
South Africa,2018,ZAF,7.742,549.832,2.29,14553.562,Africa
South Africa,2019,ZAF,7.9,552.211,2.24,14352.67,Africa
South Africa,2020,ZAF,7.188,595.63,2.582,13250.566,Africa
South Africa,2021,ZAF,7.145,740.451,3.247,13681.955,Africa
South Africa,2022,ZAF,6.874,785.367,3.648,13767.497,Africa
South Africa,2023,ZAF,6.907,810.93,3.757,13695.376,Africa
South Africa,2024,ZAF,6.872,755.335,3.557,13597.654,Africa
South Korea,1990,KOR,5.683,295.22,1.211,14377.884,Asia
South Korea,1991,KOR,6.204,217.966,0.793,15784.467,Asia
South Korea,1992,KOR,6.716,192.808,0.627,16613.49,Asia
South Korea,1993,KOR,7.356,261.798,0.78,17595.904,Asia
South Korea,1994,KOR,7.881,144.585,0.401,19052.299,Asia
South Korea,1995,KOR,8.457,186.325,0.476,20697.896,Asia
South Korea,1996,KOR,9.225,175.334,0.408,22139.797,Asia
South Korea,1997,KOR,9.686,175.691,0.377,23311.043,Asia
South Korea,1998,KOR,8.177,261.409,0.617,22000.338,Asia
South Korea,1999,KOR,8.828,254.929,0.556,24382.25,Asia
South Korea,2000,KOR,9.408,244.737,0.508,26404.158,Asia
South Korea,2001,KOR,9.685,143.764,0.293,27440.656,Asia
South Korea,2002,KOR,10.065,200.35,0.393,29395.277,Asia
South Korea,2003,KOR,10.212,294.409,0.562,30142.46,Asia
South Korea,2004,KOR,10.302,267.389,0.499,31579.527,Asia
South Korea,2005,KOR,10.422,231.429,0.421,32886.047,Asia
South Korea,2006,KOR,10.488,234.288,0.42,34429.62,Asia
South Korea,2007,KOR,10.829,272.983,0.477,36257.34,Asia
South Korea,2008,KOR,11.015,291.597,0.502,37064.152,Asia
South Korea,2009,KOR,11.078,316.985,0.545,37176.195,Asia
South Korea,2010,KOR,12.187,393.433,0.63,39574.05,Asia
South Korea,2011,KOR,12.69,483.6,0.743,40719.227,Asia
South Korea,2012,KOR,12.66,531.801,0.816,41537.67,Asia
South Korea,2013,KOR,12.674,644.801,0.999,42709.977,Asia
South Korea,2014,KOR,12.453,812.16,1.259,43806.926,Asia
South Korea,2015,KOR,12.439,942.29,1.451,44849.105,Asia
South Korea,2016,KOR,12.435,1102.805,1.65,46088.242,Asia
South Korea,2017,KOR,12.713,1328.245,1.971,47536.79,Asia
South Korea,2018,KOR,12.977,1639.774,2.384,48834.445,Asia
South Korea,2019,KOR,12.481,1899.875,2.807,49790.867,Asia
South Korea,2020,KOR,11.524,2256.865,3.466,49374.094,Asia
South Korea,2021,KOR,11.882,2662.11,3.877,51718.25,Asia
South Korea,2022,KOR,11.72,3016.082,4.333,53228.605,Asia
South Korea,2023,KOR,11.385,3188.189,4.66,54029.344,Asia
South Korea,2024,KOR,11.286,3305.514,4.748,55070.938,Asia
Spain,1990,ESP,5.869,1850.935,6.819,31773.227,Europe
Spain,1991,ESP,6.104,1977.927,7.06,32499.348,Europe
Spain,1992,ESP,6.283,1386.613,4.743,32641.082,Europe
Spain,1993,ESP,6.03,1762.109,6.274,32137.314,Europe
Spain,1994,ESP,6.307,2026.872,6.927,32746.93,Europe
Spain,1995,ESP,6.618,1701.533,5.624,33501.73,Europe
Spain,1996,ESP,6.277,2857.789,9.156,34232.38,Europe
Spain,1997,ESP,6.553,2554.797,7.897,35312.086,Europe
Spain,1998,ESP,6.737,2536.84,7.534,36679.094,Europe
Spain,1999,ESP,7.278,1876.009,5.341,38141.316,Europe
Spain,2000,ESP,7.539,2437.485,6.598,39945.9,Europe
Spain,2001,ESP,7.541,3325.656,8.709,41224.293,Europe
Spain,2002,ESP,7.928,2312.318,6.016,41766.04,Europe
Spain,2003,ESP,7.894,3642.437,9.207,42223.13,Europe
Spain,2004,ESP,8.145,3213.824,8.02,42793.39,Europe
Spain,2005,ESP,8.359,2578.969,6.442,43570.766,Europe
Spain,2006,ESP,8.029,3143.563,7.933,44572.68,Europe
Spain,2007,ESP,8.051,3538.539,8.869,45301.285,Europe
Spain,2008,ESP,7.252,3797.784,9.972,44926.348,Europe
Spain,2009,ESP,6.351,4533.11,12.913,42852.223,Europe
Spain,2010,ESP,6.033,5888.193,16.49,42695.527,Europe
Spain,2011,ESP,6.027,5362.245,15.329,42271.836,Europe
Spain,2012,ESP,5.901,5519.315,15.917,41034.047,Europe
Spain,2013,ESP,5.38,6410.15,19.29,40594.914,Europe
Spain,2014,ESP,5.429,6382.356,19.445,41339.41,Europe
Spain,2015,ESP,5.789,5655.077,16.977,43053.76,Europe
Spain,2016,ESP,5.554,6059.299,18.117,44274.668,Europe
Spain,2017,ESP,5.835,5181.652,15.319,45446.25,Europe
Spain,2018,ESP,5.702,6127.056,17.923,46325.21,Europe
Spain,2019,ESP,5.285,5632.346,17.063,46896.418,Europe
Spain,2020,ESP,4.441,6451.247,21.929,41553.45,Europe
Spain,2021,ESP,4.793,7047.321,22.272,44251.664,Europe
Spain,2022,ESP,4.897,6860.192,20.877,46733.48,Europe
Spain,2023,ESP,4.497,8000.788,24.822,47322.594,Europe
Spain,2024,ESP,4.599,8628.893,25.863,48460.293,Europe
Sri Lanka,1990,LKA,0.233,534.204,29.79,4561.579,Asia
Sri Lanka,1991,LKA,0.249,525.465,29.579,4735.8193,Asia
Sri Lanka,1992,LKA,0.301,481.22,25.59,4866.2393,Asia
Sri Lanka,1993,LKA,0.289,619.317,30.813,5114.4365,Asia
Sri Lanka,1994,LKA,0.309,657.488,30.635,5322.7295,Asia
Sri Lanka,1995,LKA,0.325,713.91,31.403,5523.312,Asia
Sri Lanka,1996,LKA,0.383,504.498,21.369,5624.024,Asia
Sri Lanka,1997,LKA,0.406,524.75,21.955,5871.723,Asia
Sri Lanka,1998,LKA,0.41,584.796,23.41,6032.622,Asia
Sri Lanka,1999,LKA,0.442,613.039,23.242,6176.2354,Asia
Sri Lanka,2000,LKA,0.518,461.887,16.823,6428.6133,Asia
Sri Lanka,2001,LKA,0.518,440.042,16.752,6230.031,Asia
Sri Lanka,2002,LKA,0.545,374.254,13.979,6409.863,Asia
Sri Lanka,2003,LKA,0.539,454.037,16.628,6741.0127,Asia
Sri Lanka,2004,LKA,0.593,401.44,15.216,7059.911,Asia
Sri Lanka,2005,LKA,0.577,461.297,15.244,7452.742,Asia
Sri Lanka,2006,LKA,0.565,611.307,18.984,7970.665,Asia
Sri Lanka,2007,LKA,0.578,514.724,15.797,8454.207,Asia
Sri Lanka,2008,LKA,0.565,531.504,17.442,8897.827,Asia
Sri Lanka,2009,LKA,0.606,496.8,16.162,9156.319,Asia
Sri Lanka,2010,LKA,0.608,716.417,21.793,9832.187,Asia
Sri Lanka,2011,LKA,0.689,582.327,16.358,10618.492,Asia
Sri Lanka,2012,LKA,0.727,424.394,11.61,11447.693,Asia
Sri Lanka,2013,LKA,0.662,863.392,23.64,12249.723,Asia
Sri Lanka,2014,LKA,0.792,580.295,14.695,12909.966,Asia
Sri Lanka,2015,LKA,0.883,750.589,18.069,13329.779,Asia
Sri Lanka,2016,LKA,1.02,544.566,11.92,13845.614,Asia
Sri Lanka,2017,LKA,1.004,532.714,11.102,14572.485,Asia
Sri Lanka,2018,LKA,0.905,801.33,16.029,14759.825,Asia
Sri Lanka,2019,LKA,0.942,641.587,12.824,14637.444,Asia
Sri Lanka,2020,LKA,0.905,686.401,14.89,13886.651,Asia
Sri Lanka,2021,LKA,0.917,994.347,21.005,14316.135,Asia
Sri Lanka,2022,LKA,0.805,986.263,23.449,13249.065,Asia
Sri Lanka,2023,LKA,0.834,901.379,20.969,13024.94,Asia
Sri Lanka,2024,LKA,0.901,1104.876,23.25,13752.837,Asia
Sweden,1990,SWE,6.709,24244.986,33.094,40549.31,Europe
Sweden,1991,SWE,6.692,21067.799,28.996,39812.316,Europe
Sweden,1992,SWE,6.635,24566.73,33.494,39120.926,Europe
Sweden,1993,SWE,6.597,24579.428,34.016,38090.945,Europe
Sweden,1994,SWE,6.833,19513.822,26.997,39340.0,Europe
Sweden,1995,SWE,6.74,22297.711,30.274,40736.426,Europe
Sweden,1996,SWE,7.166,17051.822,23.689,41364.984,Europe
Sweden,1997,SWE,6.597,22729.518,30.62,42608.414,Europe
Sweden,1998,SWE,6.64,24536.768,31.589,44392.844,Europe
Sweden,1999,SWE,6.315,23546.432,31.011,46221.81,Europe
Sweden,2000,SWE,6.187,26190.799,36.656,48284.8,Europe
Sweden,2001,SWE,6.27,26046.82,34.203,48810.645,Europe
Sweden,2002,SWE,6.345,22060.855,31.103,49760.215,Europe
Sweden,2003,SWE,6.387,18151.115,27.305,50507.934,Europe
Sweden,2004,SWE,6.274,21178.365,29.336,52412.41,Europe
Sweden,2005,SWE,5.957,24610.812,33.911,53661.316,Europe
Sweden,2006,SWE,5.908,21560.998,31.833,55855.496,Europe
Sweden,2007,SWE,5.78,23355.402,34.16,57230.79,Europe
Sweden,2008,SWE,5.506,24316.623,36.048,56262.47,Europe
Sweden,2009,SWE,5.07,23476.791,38.656,53411.2,Europe
Sweden,2010,SWE,5.654,24123.18,37.37,56003.27,Europe
Sweden,2011,SWE,5.198,24374.992,38.676,57340.504,Europe
Sweden,2012,SWE,4.896,27882.438,42.346,56682.02,Europe
Sweden,2013,SWE,4.698,23367.621,38.22,56843.164,Europe
Sweden,2014,SWE,4.474,23917.977,39.703,57574.05,Europe
Sweden,2015,SWE,4.42,28046.465,45.535,59468.355,Europe
Sweden,2016,SWE,4.364,24415.143,40.906,59977.387,Europe
Sweden,2017,SWE,4.211,25395.605,41.625,60288.8,Europe
Sweden,2018,SWE,4.113,24221.393,41.607,60647.45,Europe
Sweden,2019,SWE,3.967,25857.174,43.747,61601.63,Europe
Sweden,2020,SWE,3.537,28658.447,51.056,59975.363,Europe
Sweden,2021,SWE,3.703,29504.889,50.01,62731.7,Europe
Sweden,2022,SWE,3.465,30134.83,52.434,63088.42,Europe
Sweden,2023,SWE,3.479,28815.332,52.459,62662.766,Europe
Sweden,2024,SWE,3.592,28580.643,51.318,62978.938,Europe
Switzerland,1990,CHE,6.576,12534.071,25.902,64010.758,Europe
Switzerland,1991,CHE,6.787,13311.812,27.136,62636.773,Europe
Switzerland,1992,CHE,6.693,13435.168,27.266,61922.89,Europe
Switzerland,1993,CHE,6.286,14548.305,29.895,61284.203,Europe
Switzerland,1994,CHE,6.101,15766.931,31.106,61569.598,Europe
Switzerland,1995,CHE,6.166,14133.865,29.6,61453.63,Europe
Switzerland,1996,CHE,6.237,11566.432,25.121,61471.168,Europe
Switzerland,1997,CHE,6.072,13634.157,27.801,62709.99,Europe
Switzerland,1998,CHE,6.276,13384.951,27.211,64418.387,Europe
Switzerland,1999,CHE,6.221,15888.704,31.122,65177.883,Europe
Switzerland,2000,CHE,6.072,14611.344,29.476,67378.39,Europe
Switzerland,2001,CHE,6.239,16181.807,30.748,68008.34,Europe
Switzerland,2002,CHE,5.972,13636.496,28.021,67446.41,Europe
Switzerland,2003,CHE,6.089,13322.819,27.866,66926.17,Europe
Switzerland,2004,CHE,6.125,12810.512,27.041,68263.44,Europe
Switzerland,2005,CHE,6.159,11742.595,26.14,69692.59,Europe
Switzerland,2006,CHE,6.066,11570.019,25.217,72077.86,Europe
Switzerland,2007,CHE,5.746,12946.02,28.119,74234.305,Europe
Switzerland,2008,CHE,5.85,12982.577,27.972,75355.2,Europe
Switzerland,2009,CHE,5.625,12653.458,28.184,72709.81,Europe
Switzerland,2010,CHE,5.755,12566.832,27.969,74290.266,Europe
Switzerland,2011,CHE,5.177,11243.356,27.144,74800.89,Europe
Switzerland,2012,CHE,5.281,13176.95,30.448,74883.62,Europe
Switzerland,2013,CHE,5.337,12981.034,29.926,75354.16,Europe
Switzerland,2014,CHE,4.792,12779.302,31.115,76189.6,Europe
Switzerland,2015,CHE,4.678,12742.798,32.122,76566.08,Europe
Switzerland,2016,CHE,4.684,11576.229,31.376,77301.21,Europe
Switzerland,2017,CHE,4.523,11474.347,31.293,77626.91,Europe
Switzerland,2018,CHE,4.338,11600.28,31.434,79261.36,Europe
Switzerland,2019,CHE,4.293,12451.747,32.559,79596.7,Europe
Switzerland,2020,CHE,3.975,12441.237,35.598,77324.89,Europe
Switzerland,2021,CHE,4.123,12115.104,37.276,81001.414,Europe
Switzerland,2022,CHE,3.748,10301.69,31.096,82777.3,Europe
Switzerland,2023,CHE,3.605,12423.773,35.636,82295.3,Europe
Switzerland,2024,CHE,3.595,14769.381,39.868,82286.18,Europe
Thailand,1990,THA,1.581,250.091,3.878,8701.954,Asia
Thailand,1991,THA,1.708,226.602,3.236,9294.031,Asia
Thailand,1992,THA,1.867,205.52,2.724,9886.899,Asia
Thailand,1993,THA,2.123,176.398,2.092,10538.816,Asia
Thailand,1994,THA,2.349,212.679,2.278,11215.037,Asia
Thailand,1995,THA,2.6,317.438,3.056,11953.92,Asia
Thailand,1996,THA,2.897,345.275,2.978,12456.329,Asia
Thailand,1997,THA,2.984,338.033,2.807,11952.85,Asia
Thailand,1998,THA,2.596,245.484,2.24,10897.153,Asia
Thailand,1999,THA,2.684,174.473,1.521,11253.388,Asia
Thailand,2000,THA,2.656,285.864,2.432,11622.525,Asia
Thailand,2001,THA,2.706,298.457,2.432,11901.318,Asia
Thailand,2002,THA,2.873,350.644,2.662,12512.184,Asia
Thailand,2003,THA,2.946,362.117,2.58,13287.305,Asia
Thailand,2004,THA,3.168,332.936,2.204,13997.001,Asia
Thailand,2005,THA,3.246,325.626,2.108,14458.255,Asia
Thailand,2006,THA,3.242,426.257,2.724,15051.061,Asia
Thailand,2007,THA,3.339,454.556,2.832,15742.655,Asia
Thailand,2008,THA,3.316,455.979,2.862,15891.782,Asia
Thailand,2009,THA,3.359,484.441,2.98,15665.903,Asia
Thailand,2010,THA,3.514,472.55,2.75,16730.37,Asia
Thailand,2011,THA,3.549,603.914,3.442,16766.348,Asia
Thailand,2012,THA,3.778,703.091,3.781,17869.637,Asia
Thailand,2013,THA,3.776,713.509,3.8,18242.426,Asia
Thailand,2014,THA,3.881,818.419,4.24,18324.615,Asia
Thailand,2015,THA,3.928,819.53,4.202,18811.998,Asia
Thailand,2016,THA,4.009,914.672,4.617,19370.61,Asia
Thailand,2017,THA,3.982,1068.898,5.318,20094.678,Asia
Thailand,2018,THA,4.039,1318.597,6.379,20879.902,Asia
Thailand,2019,THA,3.941,1434.843,6.951,21277.84,Asia
Thailand,2020,THA,3.796,1339.471,6.97,19957.258,Asia
Thailand,2021,THA,3.724,1357.22,7.034,20242.77,Asia
Thailand,2022,THA,3.8,1399.12,7.248,20762.795,Asia
Thailand,2023,THA,3.692,1469.342,7.608,21191.453,Asia
Thailand,2024,THA,3.736,1464.25,7.403,21740.541,Asia
Trinidad and Tobago,1990,TTO,13.559,77.363,0.139,11869.528,North America
Trinidad and Tobago,1991,TTO,13.441,61.897,0.113,12142.349,North America
Trinidad and Tobago,1992,TTO,15.018,73.721,0.128,13267.978,North America
Trinidad and Tobago,1993,TTO,13.593,68.334,0.113,13088.707,North America
Trinidad and Tobago,1994,TTO,11.908,77.618,0.122,13472.746,North America
Trinidad and Tobago,1995,TTO,11.369,79.623,0.116,13912.313,North America
Trinidad and Tobago,1996,TTO,14.181,40.836,0.053,14838.902,North America
Trinidad and Tobago,1997,TTO,14.473,43.076,0.056,15895.244,North America
Trinidad and Tobago,1998,TTO,15.182,42.932,0.055,17129.092,North America
Trinidad and Tobago,1999,TTO,17.175,42.785,0.049,18440.574,North America
Trinidad and Tobago,2000,TTO,18.45,48.474,0.054,19637.555,North America
Trinidad and Tobago,2001,TTO,20.172,70.532,0.074,20366.754,North America
Trinidad and Tobago,2002,TTO,21.533,63.814,0.06,21876.854,North America
Trinidad and Tobago,2003,TTO,24.18,31.883,0.028,24910.822,North America
Trinidad and Tobago,2004,TTO,24.297,58.618,0.046,26757.908,North America
Trinidad and Tobago,2005,TTO,28.257,56.303,0.041,29536.44,North America
Trinidad and Tobago,2006,TTO,31.433,65.88,0.041,33348.75,North America
Trinidad and Tobago,2007,TTO,33.371,49.885,0.031,34793.645,North America
Trinidad and Tobago,2008,TTO,32.39,52.347,0.033,35825.332,North America
Trinidad and Tobago,2009,TTO,32.209,50.552,0.032,34212.27,North America
Trinidad and Tobago,2010,TTO,33.961,8.278,0.005,35145.125,North America
Trinidad and Tobago,2011,TTO,33.723,8.186,0.005,34769.76,North America
Trinidad and Tobago,2012,TTO,32.881,11.434,0.007,36903.69,North America
Trinidad and Tobago,2013,TTO,32.421,11.275,0.007,37994.07,North America
Trinidad and Tobago,2014,TTO,32.978,11.151,0.007,39248.656,North America
Trinidad and Tobago,2015,TTO,31.86,11.08,0.007,38963.965,North America
Trinidad and Tobago,2016,TTO,27.743,10.936,0.008,35914.99,North America
Trinidad and Tobago,2017,TTO,27.882,10.82,0.008,34095.99,North America
Trinidad and Tobago,2018,TTO,27.41,10.581,0.008,33710.02,North America
Trinidad and Tobago,2019,TTO,27.446,10.427,0.008,33748.707,North America
Trinidad and Tobago,2020,TTO,23.661,10.428,0.009,30720.887,North America
Trinidad and Tobago,2021,TTO,24.46,10.356,0.009,30482.121,North America
Trinidad and Tobago,2022,TTO,25.063,10.274,0.009,30784.111,North America
Trinidad and Tobago,2023,TTO,23.644,10.163,0.009,31196.604,North America
Trinidad and Tobago,2024,TTO,22.932,11.434,0.011,31960.156,North America
Turkey,1990,TUR,2.759,1152.343,11.585,12184.199,Asia
Turkey,1991,TUR,2.826,1111.793,11.138,12057.936,Asia
Turkey,1992,TUR,2.884,1278.919,12.401,12451.045,Asia
Turkey,1993,TUR,2.954,1605.562,14.592,13174.467,Asia
Turkey,1994,TUR,2.842,1421.983,13.571,12343.004,Asia
Turkey,1995,TUR,3.026,1633.576,14.165,13099.258,Asia
Turkey,1996,TUR,3.278,1827.905,14.756,13826.92,Asia
Turkey,1997,TUR,3.429,1778.401,13.917,14631.296,Asia
Turkey,1998,TUR,3.383,1856.718,14.377,14704.339,Asia
Turkey,1999,TUR,3.27,1502.537,12.09,14066.189,Asia
Turkey,2000,TUR,3.56,1323.956,10.096,14856.915,Asia
Turkey,2001,TUR,3.274,1016.725,8.632,13872.129,Asia
Turkey,2002,TUR,3.346,1389.272,10.918,14587.895,Asia
Turkey,2003,TUR,3.536,1429.371,10.734,15255.718,Asia
Turkey,2004,TUR,3.613,1830.71,13.0,16583.883,Asia
Turkey,2005,TUR,3.861,1541.987,10.807,17902.596,Asia
Turkey,2006,TUR,4.075,1703.712,10.874,18972.01,Asia
Turkey,2007,TUR,4.473,1374.154,8.326,19909.084,Asia
Turkey,2008,TUR,4.369,1273.659,7.784,19839.584,Asia
Turkey,2009,TUR,4.396,1387.283,8.472,18612.193,Asia
Turkey,2010,TUR,4.345,1986.259,11.71,19897.447,Asia
Turkey,2011,TUR,4.638,2038.148,11.392,21760.43,Asia
Turkey,2012,TUR,4.769,2257.445,12.031,22517.715,Asia
Turkey,2013,TUR,4.589,2390.893,13.033,24117.312,Asia
Turkey,2014,TUR,4.706,1762.229,9.501,24888.852,Asia
Turkey,2015,TUR,4.845,2696.593,13.673,25984.803,Asia
Turkey,2016,TUR,4.967,2839.983,13.986,26489.645,Asia
Turkey,2017,TUR,5.183,2703.109,12.632,28194.688,Asia
Turkey,2018,TUR,5.021,2976.381,14.13,28780.303,Asia
Turkey,2019,TUR,4.763,3952.016,18.384,28741.053,Asia
Turkey,2020,TUR,4.836,3805.278,18.103,28976.719,Asia
Turkey,2021,TUR,5.276,3515.561,15.696,32105.547,Asia
Turkey,2022,TUR,5.095,4055.604,18.036,33520.812,Asia
Turkey,2023,TUR,5.58,4092.316,18.326,35069.17,Asia
Turkey,2024,TUR,5.865,4701.284,19.786,36154.492,Asia
Turkmenistan,1990,TKM,8.871,2.216,0.005,7925.498,Asia
Turkmenistan,1991,TKM,7.894,2.161,0.006,7373.584,Asia
Turkmenistan,1992,TKM,8.111,2.958,0.008,6128.9155,Asia
Turkmenistan,1993,TKM,6.824,3.444,0.011,6085.5254,Asia
Turkmenistan,1994,TKM,8.312,2.699,0.008,4929.734,Asia
Turkmenistan,1995,TKM,8.248,2.651,0.011,4493.4277,Asia
Turkmenistan,1996,TKM,7.424,3.257,0.009,4712.8335,Asia
Turkmenistan,1997,TKM,7.193,3.203,0.011,4105.369,Asia
Turkmenistan,1998,TKM,7.583,3.779,0.012,4323.302,Asia
Turkmenistan,1999,TKM,8.859,3.092,0.011,4945.0854,Asia
Turkmenistan,2000,TKM,8.589,1.912,0.007,5112.5293,Asia
Turkmenistan,2001,TKM,7.279,1.864,0.006,5228.803,Asia
Turkmenistan,2002,TKM,6.317,1.812,0.007,5138.871,Asia
Turkmenistan,2003,TKM,8.341,1.767,0.005,5203.8545,Asia
Turkmenistan,2004,TKM,9.954,1.724,0.005,5360.224,Asia
Turkmenistan,2005,TKM,9.487,1.678,0.005,5945.9526,Asia
Turkmenistan,2006,TKM,9.617,1.638,0.005,6476.828,Asia
Turkmenistan,2007,TKM,9.379,1.6,0.005,7060.1484,Asia
Turkmenistan,2008,TKM,11.12,1.557,0.005,7944.996,Asia
Turkmenistan,2009,TKM,9.623,1.518,0.004,8264.865,Asia
Turkmenistan,2010,TKM,10.636,1.551,0.003,8842.333,Asia
Turkmenistan,2011,TKM,11.464,1.646,0.004,9929.689,Asia
Turkmenistan,2012,TKM,11.524,1.835,0.003,10794.233,Asia
Turkmenistan,2013,TKM,10.833,2.154,0.005,11633.291,Asia
Turkmenistan,2014,TKM,10.337,2.627,0.006,12544.398,Asia
Turkmenistan,2015,TKM,10.15,3.411,0.007,13057.83,Asia
Turkmenistan,2016,TKM,9.763,4.003,0.007,13552.848,Asia
Turkmenistan,2017,TKM,9.675,3.886,0.008,14107.667,Asia
Turkmenistan,2018,TKM,9.211,3.78,0.007,14648.136,Asia
Turkmenistan,2019,TKM,9.15,3.679,0.007,15231.306,Asia
Turkmenistan,2020,TKM,9.051,3.603,0.006,15791.178,Asia
Turkmenistan,2021,TKM,12.929,3.511,0.006,16434.14,Asia
Turkmenistan,2022,TKM,14.116,3.436,0.005,17119.574,Asia
Turkmenistan,2023,TKM,12.957,3.348,0.006,17866.404,Asia
Turkmenistan,2024,TKM,10.809,3.299,0.007,18662.299,Asia
Ukraine,1990,UKR,13.573,561.062,0.916,22815.799,Europe
Ukraine,1991,UKR,12.137,623.484,1.089,20784.16,Europe
Ukraine,1992,UKR,11.267,418.495,0.867,18671.873,Europe
Ukraine,1993,UKR,9.752,585.746,1.386,16012.372,Europe
Ukraine,1994,UKR,8.058,646.384,1.781,12410.525,Europe
Ukraine,1995,UKR,7.552,535.119,1.5,10983.009,Europe
Ukraine,1996,UKR,6.868,468.077,1.396,9969.501,Europe
Ukraine,1997,UKR,6.706,539.072,1.653,9754.05,Europe
Ukraine,1998,UKR,6.528,867.964,2.738,9646.055,Europe
Ukraine,1999,UKR,5.976,796.32,2.529,9704.445,Europe
Ukraine,2000,UKR,5.764,632.273,1.985,10364.0625,Europe
Ukraine,2001,UKR,6.188,677.742,2.138,11379.386,Europe
Ukraine,2002,UKR,6.079,543.079,1.709,12092.789,Europe
Ukraine,2003,UKR,6.359,522.737,1.593,13342.88,Europe
Ukraine,2004,UKR,6.474,665.709,2.023,15021.066,Europe
Ukraine,2005,UKR,6.588,700.549,2.086,15610.573,Europe
Ukraine,2006,UKR,7.044,730.734,2.136,16901.508,Europe
Ukraine,2007,UKR,7.157,594.394,1.736,18374.014,Europe
Ukraine,2008,UKR,6.963,668.923,2.014,18883.986,Europe
Ukraine,2009,UKR,5.954,683.672,2.408,16092.796,Europe
Ukraine,2010,UKR,6.336,752.706,2.464,16811.795,Europe
Ukraine,2011,UKR,6.659,627.982,1.981,17783.957,Europe
Ukraine,2012,UKR,6.588,628.161,2.021,17848.74,Europe
Ukraine,2013,UKR,6.45,849.928,2.878,17889.092,Europe
Ukraine,2014,UKR,5.606,574.765,2.199,16978.812,Europe
Ukraine,2015,UKR,4.889,403.209,1.85,15403.71,Europe
Ukraine,2016,UKR,5.132,521.131,2.277,15856.8125,Europe
Ukraine,2017,UKR,4.914,612.043,2.87,16310.36,Europe
Ukraine,2018,UKR,5.13,730.093,3.282,16978.984,Europe
Ukraine,2019,UKR,4.942,681.338,3.22,17636.555,Europe
Ukraine,2020,UKR,4.635,960.803,4.707,17092.54,Europe
Ukraine,2021,UKR,4.755,1233.325,5.89,17846.408,Europe
Ukraine,2022,UKR,3.485,1121.01,7.503,13787.121,Europe
Ukraine,2023,UKR,3.692,1354.215,8.777,15916.958,Europe
Ukraine,2024,UKR,3.764,1305.943,8.299,16319.845,Europe
United Arab Emirates,1990,ARE,27.346,0.0,0.0,111377.05,Asia
United Arab Emirates,1991,ARE,28.354,0.0,0.0,106266.195,Asia
United Arab Emirates,1992,ARE,27.429,0.0,0.0,104206.76,Asia
United Arab Emirates,1993,ARE,29.626,0.0,0.0,100422.63,Asia
United Arab Emirates,1994,ARE,32.364,0.0,0.0,102456.1,Asia
United Arab Emirates,1995,ARE,29.932,0.0,0.0,104527.92,Asia
United Arab Emirates,1996,ARE,29.195,0.0,0.0,103653.48,Asia
United Arab Emirates,1997,ARE,26.016,0.0,0.0,103392.44,Asia
United Arab Emirates,1998,ARE,26.517,0.0,0.0,96088.49,Asia
United Arab Emirates,1999,ARE,23.835,0.0,0.0,92047.59,Asia
United Arab Emirates,2000,ARE,32.138,0.0,0.0,95390.7,Asia
United Arab Emirates,2001,ARE,27.365,0.0,0.0,90750.34,Asia
United Arab Emirates,2002,ARE,21.536,0.0,0.0,87479.24,Asia
United Arab Emirates,2003,ARE,25.547,0.0,0.0,89828.555,Asia
United Arab Emirates,2004,ARE,25.394,0.0,0.0,93166.15,Asia
United Arab Emirates,2005,ARE,24.711,0.0,0.0,92750.914,Asia
United Arab Emirates,2006,ARE,24.5,0.0,0.0,94872.54,Asia
United Arab Emirates,2007,ARE,23.842,0.0,0.0,87180.61,Asia
United Arab Emirates,2008,ARE,24.598,0.0,0.0,80285.19,Asia
United Arab Emirates,2009,ARE,25.21,2.487,0.002,71488.99,Asia
United Arab Emirates,2010,ARE,26.786,6.915,0.005,70913.78,Asia
United Arab Emirates,2011,ARE,27.574,7.447,0.005,73190.4,Asia
United Arab Emirates,2012,ARE,27.787,8.334,0.006,73644.055,Asia
United Arab Emirates,2013,ARE,27.348,28.382,0.02,74237.22,Asia
United Arab Emirates,2014,ARE,26.045,96.2,0.07,74145.11,Asia
United Arab Emirates,2015,ARE,25.943,87.725,0.062,75238.555,Asia
United Arab Emirates,2016,ARE,25.235,87.917,0.063,75671.055,Asia
United Arab Emirates,2017,ARE,21.279,201.72,0.154,72529.055,Asia
United Arab Emirates,2018,ARE,21.837,318.861,0.263,72671.06,Asia
United Arab Emirates,2019,ARE,21.76,964.934,0.744,72822.97,Asia
United Arab Emirates,2020,ARE,22.783,1355.128,1.082,66808.65,Asia
United Arab Emirates,2021,ARE,21.675,1573.308,1.243,68580.15,Asia
United Arab Emirates,2022,ARE,20.221,1861.37,1.411,70075.63,Asia
United Arab Emirates,2023,ARE,19.773,3376.683,2.514,70239.85,Asia
United Arab Emirates,2024,ARE,20.131,3467.941,2.519,69701.805,Asia
United Kingdom,1990,GBR,10.493,280.668,0.643,32993.168,Europe
United Kingdom,1991,GBR,10.588,256.69,0.578,32466.195,Europe
United Kingdom,1992,GBR,10.289,309.63,0.704,32797.73,Europe
United Kingdom,1993,GBR,10.017,281.702,0.635,33861.254,Europe
United Kingdom,1994,GBR,9.896,343.348,0.785,35448.18,Europe
United Kingdom,1995,GBR,9.735,329.142,0.752,36603.74,Europe
United Kingdom,1996,GBR,10.065,281.793,0.615,37465.38,Europe
United Kingdom,1997,GBR,9.628,353.438,0.788,39192.61,Europe
United Kingdom,1998,GBR,9.698,425.506,0.943,40347.18,Europe
United Kingdom,1999,GBR,9.546,474.194,1.06,41396.938,Europe
United Kingdom,2000,GBR,9.635,489.156,1.087,43115.562,Europe
United Kingdom,2001,GBR,9.749,472.535,1.043,43976.84,Europe
United Kingdom,2002,GBR,9.41,545.296,1.237,44539.465,Europe
United Kingdom,2003,GBR,9.556,531.512,1.194,45759.402,Europe
United Kingdom,2004,GBR,9.53,691.013,1.549,46558.13,Europe
United Kingdom,2005,GBR,9.412,830.711,1.86,47529.938,Europe
United Kingdom,2006,GBR,9.301,895.823,2.047,48215.047,Europe
United Kingdom,2007,GBR,9.093,986.934,2.337,49243.25,Europe
United Kingdom,2008,GBR,8.785,1156.427,2.81,48833.07,Europe
United Kingdom,2009,GBR,7.905,1155.193,2.989,46241.805,Europe
United Kingdom,2010,GBR,8.125,1192.189,3.043,46917.89,Europe
United Kingdom,2011,GBR,7.396,1561.658,4.268,46949.02,Europe
United Kingdom,2012,GBR,7.622,1801.004,4.869,47328.21,Europe
United Kingdom,2013,GBR,7.418,2457.214,6.655,47820.28,Europe
United Kingdom,2014,GBR,6.765,2942.152,8.506,48964.285,Europe
United Kingdom,2015,GBR,6.461,3658.91,10.562,49652.72,Europe
United Kingdom,2016,GBR,6.062,3610.795,10.659,50346.86,Europe
United Kingdom,2017,GBR,5.838,4189.004,12.44,51586.676,Europe
United Kingdom,2018,GBR,5.689,4667.942,13.98,52131.695,Europe
United Kingdom,2019,GBR,5.435,5081.304,15.684,52515.684,Europe
United Kingdom,2020,GBR,4.844,5556.822,19.068,47158.984,Europe
United Kingdom,2021,GBR,5.059,5098.234,17.482,51004.426,Europe
United Kingdom,2022,GBR,4.563,5568.103,19.072,53139.152,Europe
United Kingdom,2023,GBR,4.482,5552.381,19.976,52592.684,Europe
United Kingdom,2024,GBR,4.526,5903.351,21.293,52621.18,Europe
United States,1990,USA,20.254,4013.992,4.516,44378.523,North America
United States,1991,USA,19.793,3962.816,4.519,43742.027,North America
United States,1992,USA,19.949,3590.961,4.083,44659.152,North America
United States,1993,USA,20.102,3885.076,4.377,45286.934,North America
United States,1994,USA,20.197,3645.031,4.076,46537.355,North America
United States,1995,USA,20.23,4114.201,4.551,47220.957,North America
United States,1996,USA,20.679,4433.159,4.791,48435.7,North America
United States,1997,USA,20.745,4509.891,4.884,49984.27,North America
United States,1998,USA,20.775,4131.355,4.489,51619.87,North America
United States,1999,USA,20.806,4065.928,4.383,53474.047,North America
United States,2000,USA,21.398,3623.22,3.856,55038.62,North America
United States,2001,USA,20.767,2987.609,3.287,55017.305,North America
United States,2002,USA,20.718,3514.352,3.851,55436.117,North America
United States,2003,USA,20.718,3638.041,4.012,56498.207,North America
United States,2004,USA,20.874,3611.492,3.944,58131.633,North America
United States,2005,USA,20.719,3677.244,4.055,59604.754,North America
United States,2006,USA,20.237,4008.919,4.502,60676.566,North America
United States,2007,USA,20.28,3773.604,4.222,61306.598,North America
United States,2008,USA,19.409,4168.733,4.833,60798.434,North America
United States,2009,USA,17.811,4547.645,5.601,58714.973,North America
United States,2010,USA,18.225,4687.653,5.642,59789.414,North America
United States,2011,USA,17.634,5424.356,6.653,60245.484,North America
United States,2012,USA,16.812,5231.158,6.652,61134.53,North America
United States,2013,USA,17.099,5510.078,6.888,61958.723,North America
United States,2014,USA,17.119,5617.922,7.015,63018.805,North America
United States,2015,USA,16.461,5673.692,7.219,64359.473,North America
United States,2016,USA,15.935,6214.849,7.993,65017.656,North America
United States,2017,USA,15.639,6767.344,8.755,66155.555,North America
United States,2018,USA,16.001,6865.852,8.64,67719.766,North America
United States,2019,USA,15.5,7014.947,8.967,69112.6,North America
United States,2020,USA,13.817,7299.329,10.123,67342.07,North America
United States,2021,USA,14.758,7672.989,10.116,71307.4,North America
United States,2022,USA,14.802,8389.356,10.875,72679.26,North America
United States,2023,USA,14.319,8499.214,11.212,74158.72,North America
United States,2024,USA,14.197,9192.194,12.05,75489.266,North America
Uzbekistan,1990,UZB,5.039,902.355,3.562,4214.584,Asia
Uzbekistan,1991,UZB,4.881,799.163,3.278,4094.2273,Asia
Uzbekistan,1992,UZB,5.166,812.062,3.602,3547.3115,Asia
Uzbekistan,1993,UZB,5.258,929.549,4.049,3386.4622,Asia
Uzbekistan,1994,UZB,4.887,884.9,3.981,3142.4329,Asia
Uzbekistan,1995,UZB,4.573,750.03,3.398,3052.4187,Asia
Uzbekistan,1996,UZB,4.633,776.165,3.479,3046.5637,Asia
Uzbekistan,1997,UZB,4.589,675.418,3.104,3150.0852,Asia
Uzbekistan,1998,UZB,5.012,662.709,3.093,3234.3574,Asia
Uzbekistan,1999,UZB,5.049,645.984,2.725,3326.4253,Asia
Uzbekistan,2000,UZB,4.982,658.834,2.75,3410.6504,Asia
Uzbekistan,2001,UZB,5.031,662.469,2.793,3509.7285,Asia
Uzbekistan,2002,UZB,5.22,667.242,2.778,3604.6934,Asia
Uzbekistan,2003,UZB,5.068,758.25,3.532,3711.7786,Asia
Uzbekistan,2004,UZB,4.96,676.057,3.172,3939.5305,Asia
Uzbekistan,2005,UZB,4.614,701.249,3.298,4160.955,Asia
Uzbekistan,2006,UZB,4.678,585.825,2.986,4413.7227,Asia
Uzbekistan,2007,UZB,4.573,634.257,3.086,4764.564,Asia
Uzbekistan,2008,UZB,4.669,420.891,2.215,5115.644,Asia
Uzbekistan,2009,UZB,3.91,609.053,3.253,5439.551,Asia
Uzbekistan,2010,UZB,3.793,751.566,4.069,5760.805,Asia
Uzbekistan,2011,UZB,4.051,514.239,2.7,6100.251,Asia
Uzbekistan,2012,UZB,4.062,559.732,3.02,6435.5645,Asia
Uzbekistan,2013,UZB,3.781,539.489,2.945,6797.775,Asia
Uzbekistan,2014,UZB,3.557,520.727,2.785,7145.11,Asia
Uzbekistan,2015,UZB,3.362,495.677,2.827,7529.7637,Asia
Uzbekistan,2016,UZB,3.511,551.306,3.319,7839.978,Asia
Uzbekistan,2017,UZB,3.422,623.511,3.698,8047.0537,Asia
Uzbekistan,2018,UZB,3.161,453.67,2.73,8348.961,Asia
Uzbekistan,2019,UZB,3.275,486.9,2.96,8755.126,Asia
Uzbekistan,2020,UZB,3.22,368.026,2.293,8727.411,Asia
Uzbekistan,2021,UZB,3.597,363.979,2.167,9247.644,Asia
Uzbekistan,2022,UZB,3.409,404.271,2.387,9607.562,Asia
Uzbekistan,2023,UZB,3.446,521.76,3.104,10007.686,Asia
Uzbekistan,2024,UZB,3.829,874.0,4.582,10450.205,Asia
Vietnam,1990,VNM,0.325,227.677,19.581,2467.9646,Asia
Vietnam,1991,VNM,0.32,262.323,22.676,2560.8438,Asia
Vietnam,1992,VNM,0.314,294.135,23.761,2726.4736,Asia
Vietnam,1993,VNM,0.328,317.95,22.917,2890.4243,Asia
Vietnam,1994,VNM,0.386,362.363,23.82,3089.6094,Asia
Vietnam,1995,VNM,0.418,407.973,23.467,3328.2148,Asia
Vietnam,1996,VNM,0.485,455.948,23.225,3584.029,Asia
Vietnam,1997,VNM,0.613,436.238,19.526,3820.3025,Asia
Vietnam,1998,VNM,0.636,409.291,17.158,3982.958,Asia
Vietnam,1999,VNM,0.636,501.539,20.617,4119.0537,Asia
Vietnam,2000,VNM,0.699,523.88,19.107,4349.2236,Asia
Vietnam,2001,VNM,0.782,645.175,21.061,4570.2686,Asia
Vietnam,2002,VNM,0.883,632.933,19.066,4809.6216,Asia
Vietnam,2003,VNM,0.971,650.208,18.345,5090.29,Asia
Vietnam,2004,VNM,1.107,601.044,14.008,5421.097,Asia
Vietnam,2005,VNM,1.182,550.081,12.158,5776.3633,Asia
Vietnam,2006,VNM,1.213,643.881,15.766,6098.245,Asia
Vietnam,2007,VNM,1.213,716.457,16.349,6418.544,Asia
Vietnam,2008,VNM,1.342,806.987,15.182,6659.1357,Asia
Vietnam,2009,VNM,1.44,912.607,17.054,6914.339,Asia
Vietnam,2010,VNM,1.596,852.728,13.931,7274.733,Asia
Vietnam,2011,VNM,1.725,1206.188,18.079,7652.619,Asia
Vietnam,2012,VNM,1.612,1538.182,22.488,7979.868,Asia
Vietnam,2013,VNM,1.672,1636.788,22.935,8324.198,Asia
Vietnam,2014,VNM,1.964,1729.471,22.221,8751.883,Asia
Vietnam,2015,VNM,2.299,1536.528,17.797,9248.024,Asia
Vietnam,2016,VNM,2.351,1718.672,18.653,9743.188,Asia
Vietnam,2017,VNM,2.392,2273.606,23.117,10290.549,Asia
Vietnam,2018,VNM,2.655,2176.498,19.655,10936.894,Asia
Vietnam,2019,VNM,3.492,1836.581,14.914,11628.614,Asia
Vietnam,2020,VNM,3.697,2140.883,17.276,11851.396,Asia
Vietnam,2021,VNM,3.176,2702.946,22.16,12048.902,Asia
Vietnam,2022,VNM,3.237,3234.698,25.312,12979.764,Asia
Vietnam,2023,VNM,3.462,2892.523,21.388,13545.935,Asia
Vietnam,2024,VNM,3.673,3107.219,21.534,14415.216,Asia
